Id,year,date,name,course,City,State,Lat,Long,Course Par,Winning Score,CutLine,day0,day0low,day0high,day0avg,day0precip,day0wind,day1,day1low,day1high,day1avg,day1precip,day1wind,day2,day2low,day2high,day2avg,day2precip,day2wind
12014,2014,Oct 10 - 13,Frys.com Open,"CordeValle Golf Club - San Martin, CA. ",San Martin,CA,37.09,-121.59,71,-17,0,10/9/2014,53.6,84.2,68.18,0,11.7402,10/10/2014,55.4,78.8,64.4,0,12.5459,10/11/2014,53.6,84.2,65.84,0,6.2154
12015,2015,Oct 9 - 12,Frys.com Open,"Silverado Resort and Spa (North Course) - Napa, CA. ",Napa,CA,38.3,-122.29,72,-15,-1,10/8/2015,51.98,87.08,66.92,0,7.3664,10/9/2015,48.92,84.92,65.12,0,9.208,10/10/2015,57.2,77,64.04,0,11.0496
12016,2016,Oct 15 - 18,Frys.com Open,"Silverado Resort and Spa (North Course) - Napa, CA. ",Napa,CA,38.3,-122.29,72,-15,-2,10/14/2016,59,64.94,63.32,0,18.6462,10/15/2016,55.94,69.08,61.52,0.311023622,15.5385,10/16/2016,53.06,64.94,60.08,0,11.51
12017,2017,Oct 13 - 16,Safeway Open,"Silverado Resort and Spa (North Course) - Napa, CA. ",Napa,CA,38.3,-122.29,72,-18,-3,10/12/2017,41,71.06,54.32,0,8.5174,10/13/2017,35.06,73.94,53.78,0,5.2946,10/14/2017,42.08,80.96,62.42,0,9.0929
12019,2019,Oct 4 - 7,Safeway Open,"Silverado Resort and Spa (North Course) - Napa, CA. ",Napa,CA,38.3,-122.29,72,-14,-3,10/3/2019,41,71.96,56.12,0,13.6969,10/4/2019,41,73.94,57.56,0,11.51,10/5/2019,41,80.06,58.64,0,5.4097
12020,2020,Sep 12 - 15,A Military Tribute at The Greenbrier,"The Old White Course - White Sulphur Springs, WV. ",White Sulphur Springs,WV,37.8,-80.45,70,-21,-4,9/11/2020,66.2,80.6,72.14,0,5.2946,9/12/2020,66.38,71.6,69.44,0,5.1795,9/13/2020,64.4,77,68.9,0,5.5248
12022,2022,Sep 16 - 19,Fortinet Championship,"Silverado Resort and Spa (North Course) - Napa, CA. ",Napa,CA,38.3,-122.29,72,-19,-3,9/15/2022,50,75.02,62.96,0,13.5818,9/16/2022,51.08,78.98,63.5,0,11.7402,9/17/2022,51.98,75.92,62.78,0,17.8405
22009,2009,Jan 15 - 18,Sony Open in Hawaii,"Waialae Country Club - Honolulu, HI. ",Honolulu,HI,21.3,-157.86,70,-15,1,1/14/2009,68,80.06,74.3,0.161417323,14.0422,1/15/2009,73.94,80.06,76.1,0.039370079,30.2713,1/16/2009,68,78.98,73.94,0.149606299,31.8827
22010,2010,Jan 14 - 17,Sony Open in Hawaii,"Waialae Country Club - Honolulu, HI. ",Honolulu,HI,21.3,-157.86,70,-15,1,1/13/2010,60.98,82.04,72.14,0,14.5026,1/14/2010,62.96,75.92,70.7,0,17.8405,1/15/2010,60.98,80.06,71.06,0,14.0422
22013,2013,Jan 10 - 13,Sony Open in Hawaii,"Waialae Country Club - Honolulu, HI. ",Honolulu,HI,21.3,-157.86,70,-24,-2,1/9/2013,69.98,82.04,75.38,0,22.7898,1/10/2013,71.96,82.04,75.74,0,20.2576,1/11/2013,71.06,82.04,75.38,0,17.0348
22014,2014,Oct 17 - 20,Shriners Hospitals for Children Open,"TPC Summerlin - Las Vegas, NV. ",Las Vegas,NV,36.17,-115.15,71,-24,-3,10/16/2014,60.98,82.94,72.5,0,10.359,10/17/2014,60.98,82.04,71.42,0,10.4741,10/18/2014,66.92,82.94,73.4,0,4.2587
22015,2015,Oct 16 - 19,Shriners Hospitals for Children Open,"TPC Summerlin - Las Vegas, NV. ",Las Vegas,NV,36.17,-115.15,71,-20,-2,10/15/2015,71.06,87.98,80.24,0,19.4519,10/16/2015,71.06,78.98,74.84,0.059055118,26.0126,10/17/2015,64.94,78.08,71.06,0.338582677,5.9852
22016,2016,Oct 22 - 25,Shriners Hospitals for Children Open,"TPC Summerlin - Las Vegas, NV. ",Las Vegas,NV,36.17,-115.15,71,-16,-2,10/21/2016,53.96,82.94,68.54,0,7.9419,10/22/2016,55.94,87.98,71.78,0,9.5533,10/23/2016,62.06,82.94,71.42,0.070866142,10.359
22020,2020,Sep 19 - 22,Sanderson Farms Championship,"Country Club of Jackson - Jackson, MS. ",Jackson,MS,32.31,-90.2,72,-18,-3,9/18/2020,53.96,69.08,63.32,0,0,9/19/2020,46.04,69.98,57.38,0,0.8057,9/20/2020,48.92,71.06,58.64,0,2.5322
32015,2015,Oct 23 - 26,The McGladrey Classic,"Sea Island Resort (Seaside Course) - Saint Simons Island, GA. ",Saint Simons Island,GA,31.22,-81.36,70,-14,0,10/22/2015,68,78.98,71.6,0,16.114,10/23/2015,66.92,78.98,71.6,0,13.812,10/24/2015,59,78.98,69.98,0,11.0496
32020,2020,Sep 26 - 29,Safeway Open,"Silverado Resort and Spa (North Course) - Napa, CA. ",Napa,CA,38.3,-122.29,72,-17,-2,9/25/2020,48.02,78.98,65.48,0,13.2365,9/26/2020,53.96,86,69.98,0,8.5174,9/27/2020,62.96,100.04,77,0,9.7835
42009,2009,Jan 29 - Feb 1,FBR Open,"TPC Scottsdale (Stadium Course) - Scottsdale, AZ. ",Scottsdale,AZ,33.49,-111.93,71,-14,0,1/28/2009,37.04,62.06,49.28,0,2.5322,1/29/2009,37.94,71.06,55.58,0,7.8268,1/30/2009,50,75.02,62.06,0,5.5248
42010,2010,Jan 28 - 31,Farmers Insurance Open,"Torrey Pines (North Course) - La Jolla, CA. Torrey Pines (South Course) - La Jolla, CA. ",La Jolla,CA,32.84,-117.27,72,-13,-2,1/27/2010,48.02,64.04,56.48,0,8.2872,1/28/2010,44.06,64.94,53.78,0.019685039,7.4815,1/29/2010,46.04,64.94,54.14,0,7.4815
42013,2013,Jan 24 - 28,Farmers Insurance Open,"Torrey Pines (North Course) - La Jolla, CA. Torrey Pines (South Course) - La Jolla, CA. ",La Jolla,CA,32.84,-117.27,72,-14,-1,1/23/2013,57.02,80.06,66.56,0,10.8194,1/24/2013,57.92,69.98,63.14,0.011811024,6.2154,1/25/2013,59,64.04,61.34,0.779527559,7.8268
42017,2017,Oct 27 - 30,Sanderson Farms Championship,"Country Club of Jackson - Jackson, MS. ",Jackson,MS,32.31,-90.2,72,-20,-2,10/26/2017,33.98,62.06,46.58,0,3.3379,10/27/2017,48.02,71.06,57.74,0,7.0211,10/28/2017,37.04,57.02,45.86,0.62992126,4.9493
52009,2009,Feb 5 - 8,Buick Invitational,"Torrey Pines (North Course) - La Jolla, CA. Torrey Pines (South Course) - La Jolla, CA. ",La Jolla,CA,32.84,-117.27,72,-11,2,2/4/2009,48.02,80.96,62.24,0,14.0422,2/5/2009,44.96,64.94,55.04,0.149606299,16.5744,2/6/2009,53.06,60.98,55.76,0.460629921,17.0348
52010,2010,Feb 4 - 7,Northern Trust Open,"Riviera Country Club - Pacific Palisades, CA. ",Pacific Palisades,CA,34.05,-118.53,71,-16,2,2/3/2010,44.06,69.08,55.76,0,10.1288,2/4/2010,51.08,60.08,54.68,0,8.2872,2/5/2010,51.08,53.06,51.8,1.38976378,16.2291
52013,2013,Jan 31 - Feb 3,Waste Management Phoenix Open,"TPC Scottsdale (Stadium Course) - Scottsdale, AZ. ",Scottsdale,AZ,33.49,-111.93,71,-28,1,1/30/2013,37.94,59,48.02,0,2.6473,1/31/2013,39.02,66.92,52.34,0,2.5322,2/1/2013,42.98,69.98,55.94,0,1.0359
52014,2014,Nov 7 - 10,The McGladrey Classic,"Sea Island Resort (Seaside Course) - Saint Simons Island, GA. ",Saint Simons Island,GA,31.22,-81.36,70,-14,1,11/6/2014,60.98,78.98,69.62,0,8.9778,11/7/2014,48.92,68,57.92,0,7.7117,11/8/2014,46.94,69.08,57.38,0,11.51
52016,2016,Nov 5 - 9,Sanderson Farms Championship,"Country Club of Jackson - Jackson, MS. ",Jackson,MS,32.31,-90.2,72,-18,-3,11/4/2016,48.02,66.02,57.38,0,2.8775,11/5/2016,42.98,64.04,51.8,0,2.0718,11/6/2016,44.06,66.92,53.78,0,3.6832
52017,2017,Nov 3 - 6,Shriners Hospitals for Children Open,"TPC Summerlin - Las Vegas, NV. ",Las Vegas,NV,36.17,-115.15,71,-20,-3,11/2/2017,55.94,77,65.48,0,16.2291,11/3/2017,57.02,69.98,63.68,0,25.4371,11/4/2017,60.08,75.02,67.1,0,24.6314
52019,2019,Oct 25 - 28,Sanderson Farms Championship,"Country Club of Jackson - Jackson, MS. ",Jackson,MS,32.31,-90.2,72,-21,-1,10/24/2019,39.92,69.98,53.78,0,3.6832,10/25/2019,46.04,62.06,54.14,0.11023622,0.4604,10/26/2019,51.08,71.96,57.02,0.838582677,7.8268
52020,2020,Oct 10 - 13,Houston Open,"Golf Club of Houston - Houston, TX. ",Houston,TX,29.76,-95.37,72,-14,0,10/9/2020,71.96,80.96,76.46,0.019685039,28.5448,10/10/2020,66.92,91.04,76.64,0,7.0211,10/11/2020,69.98,93.92,80.42,0,9.8986
62015,2015,Nov 6 - 9,Sanderson Farms Championship,"Country Club of Jackson - Jackson, MS. ",Jackson,MS,32.31,-90.2,72,-16,-1,11/5/2015,62.06,78.98,69.08,0,4.9493,11/6/2015,62.06,69.08,67.1,0.169291339,5.755,11/7/2015,46.04,62.06,55.58,0,6.2154
62019,2019,Nov 1 - 4,Shriners Hospital for Children Open,"TPC Summerlin - Las Vegas, NV. ",Las Vegas,NV,36.17,-115.15,71,-21,-3,10/31/2019,33.98,59,46.4,0,7.3664,11/1/2019,39.02,68,52.7,0,5.755,11/2/2019,44.06,71.96,57.38,0,7.7117
72009,2009,Feb 19 - 22,Northern Trust Open,"Riviera Country Club - Pacific Palisades, CA. ",Pacific Palisades,CA,34.05,-118.53,71,-15,-1,2/18/2009,41,64.04,52.34,0,4.604,2/19/2009,44.06,71.06,57.92,0,8.7476,2/20/2009,46.04,73.04,59.54,0,9.6684
72013,2013,Feb 14 - 17,Northern Trust Open,"Riviera Country Club - Pacific Palisades, CA. ",Pacific Palisades,CA,34.05,-118.53,71,-11,2,2/13/2013,37.04,68,51.62,0,3.6832,2/14/2013,37.04,75.92,55.58,0,4.1436,2/15/2013,46.04,78.08,64.4,0,15.8838
72016,2016,Nov 19 - 22,The RSM Classic,"Sea Island Resort (Seaside Course) - Saint Simons Island, GA. Sea Island Resort (Plantation Course) - Saint Simons Island, GA. ",Saint Simons Island,GA,31.22,-81.36,70,-22,-1,11/18/2016,50,71.06,60.26,0,5.0644,11/19/2016,53.06,75.92,63.14,0,14.3875,11/20/2016,44.06,60.98,51.98,0,15.1932
72017,2017,Nov 17 - 20,The RSM Classic,"Sea Island Resort (Seaside Course) - Saint Simons Island, GA. Sea Island Resort (Plantation Course) - Saint Simons Island, GA. ",Saint Simons Island,GA,31.22,-81.36,70,-17,-4,11/16/2017,44.96,69.98,55.94,0,7.7117,11/17/2017,48.02,69.98,59.18,0,13.812,11/18/2017,53.96,75.02,64.58,0,10.2439
82019,2019,Nov 15 - 18,The RSM Classic,"Sea Island Resort (Seaside Course) - Saint Simons Island, GA. Sea Island Resort (Plantation Course) - Saint Simons Island, GA. ",Saint Simons Island,GA,31.22,-81.36,70,-19,-1,11/14/2019,44.96,55.94,51.26,0.200787402,23.2502,11/15/2019,51.98,60.98,54.68,0,16.3442,11/16/2019,48.92,53.96,50.36,0,17.7254
92010,2010,Feb 25 - 28,Waste Management Phoenix Open,"TPC Scottsdale (Stadium Course) - Scottsdale, AZ. ",Scottsdale,AZ,33.49,-111.93,71,-16,-3,2/24/2010,44.96,64.04,54.68,0,3.6832,2/25/2010,46.04,69.98,57.92,0,4.604,2/26/2010,46.94,68,59,0,4.8342
92014,2014,Jan 9 - 12,Sony Open in Hawaii,"Waialae Country Club - Honolulu, HI. ",Honolulu,HI,21.3,-157.86,70,-17,-1,1/8/2014,69.08,80.06,73.22,0,13.6969,1/9/2014,64.94,78.98,71.6,0,10.359,1/10/2014,66.92,82.04,73.22,0.019685039,13.2365
92022,2022,Nov 11 - 14,Houston Open,"Memorial Park Golf Course - Houston, TX. ",Houston,TX,29.76,-95.37,70,-10,1,11/10/2022,68,80.6,72.86,0,17.7254,11/11/2022,46.4,78.8,67.64,0.149606299,20.8331,11/12/2022,42.8,55.4,48.38,0.007874016,30.9619
102009,2009,Mar 5 - 8,The Honda Classic,"PGA National Resort & Spa (The Champion) - Palm Beach Gardens, FL. ",Palm Beach Gardens,FL,26.82,-80.14,70,-9,3,3/4/2009,46.04,71.06,58.46,0,19.1066,3/5/2009,59,71.96,66.2,0,24.8616,3/6/2009,64.94,75.92,69.26,0,22.3294
102010,2010,Mar 4 - 7,The Honda Classic,"PGA National Resort & Spa (The Champion) - Palm Beach Gardens, FL. ",Palm Beach Gardens,FL,26.82,-80.14,70,-13,3,3/3/2010,46.04,62.06,55.76,0,30.2713,3/4/2010,42.98,62.96,52.34,0,20.2576,3/5/2010,39.02,66.02,52.34,0,14.0422
102015,2015,Jan 15 - 18,Sony Open in Hawaii,"Waialae Country Club - Honolulu, HI. ",Honolulu,HI,21.3,-157.86,70,-23,-2,1/14/2015,66.02,80.06,72.32,0,5.755,1/15/2015,68,80.06,74.66,0,10.8194,1/16/2015,71.06,80.06,75.02,0.031496063,8.7476
102016,2016,Jan 14 - 17,Sony Open in Hawaii,"Waialae Country Club - Honolulu, HI. ",Honolulu,HI,21.3,-157.86,70,-20,-3,1/13/2016,64.94,80.06,73.04,0,6.6758,1/14/2016,64.94,80.96,72.86,0,11.1647,1/15/2016,68,80.96,74.48,0,7.8268
102017,2017,Jan 12 - 15,Sony Open in Hawaii,"Waialae Country Club - Honolulu, HI. ",Honolulu,HI,21.3,-157.86,70,-27,-3,1/11/2017,66.02,80.96,73.76,0,4.9493,1/12/2017,68,80.96,74.12,0,8.7476,1/13/2017,68,80.96,74.84,0,7.0211
102021,2021,Nov 5 - 8,Vivint Houston Open,"Memorial Park Golf Course - Houston, TX. ",Houston,TX,29.76,-95.37,70,-13,3,11/4/2021,50,57.02,53.96,0,16.5744,11/5/2021,44.06,66.02,54.32,0,7.8268,11/6/2021,44.06,69.98,54.68,0,4.604
102022,2022,Nov 18 - 21,The RSM Classic,"Sea Island Resort (Seaside Course) - Saint Simons Island, GA. Sea Island Resort (Plantation Course) - Saint Simons Island, GA. ",Saint Simons Island,GA,31.22,-81.36,70,-22,-3,11/17/2022,48.02,53.06,50.36,0,14.1573,11/18/2022,39.92,60.98,49.28,0,9.6684,11/19/2022,44.96,62.96,53.96,0,9.3231
112014,2014,Jan 23 - 26,Farmers Insurance Open,"Torrey Pines (North Course) - La Jolla, CA. Torrey Pines (South Course) - La Jolla, CA. ",La Jolla,CA,32.84,-117.27,72,-9,0,1/22/2014,44.06,75.92,58.82,0,7.0211,1/23/2014,35.96,69.08,52.7,0,5.755,1/24/2014,51.08,69.08,59.72,0,8.2872
112020,2020,Nov 21 - 24,The RSM Classic,"Sea Island Resort (Seaside Course) - Saint Simons Island, GA. Sea Island Resort (Plantation Course) - Saint Simons Island, GA. ",Saint Simons Island,GA,31.22,-81.36,70,-19,-3,11/20/2020,57.92,73.04,65.84,0,19.567,11/21/2020,62.96,73.04,67.82,0.031496063,19.1066,11/22/2020,64.04,73.94,68.18,0,15.7687
112021,2020,Nov 12 - 15,2020 Masters Tournament,"Augusta, GA",Augusta,GA,33.47,-81.97,72,-20,0,11/11/2020,73.04,84.92,76.46,0.291338583,10.4741,11/12/2020,69.98,82.04,75.38,0.228346457,11.6251,11/13/2020,64.04,78.98,71.24,0.011811024,7.7117
122013,2013,Mar 14 - 17,Tampa Bay Championship presented by EverBank,"Innisbrook Resort (Copperhead Course) - Palm Harbor, FL. ",Palm Harbor,FL,28.09,-82.76,71,-10,2,3/13/2013,57.92,71.06,62.06,0,21.9841,3/14/2013,53.06,62.96,57.92,0,23.1351,3/15/2013,42.98,69.98,57.74,0,9.0929
122014,2014,Jan 30 - Feb 2,Waste Management Phoenix Open,"TPC Scottsdale (Stadium Course) - Scottsdale, AZ. ",Scottsdale,AZ,33.49,-111.93,71,-16,-1,1/29/2014,44.06,69.98,57.2,0,2.1869,1/30/2014,48.92,73.04,60.8,0,3.3379,1/31/2014,53.06,64.04,60.08,0,6.906
122015,2015,Jan 29 - Feb 1,Waste Management Phoenix Open,"TPC Scottsdale (Stadium Course) - Scottsdale, AZ. ",Scottsdale,AZ,33.49,-111.93,71,-15,1,1/28/2015,51.98,73.94,61.7,0,1.4963,1/29/2015,57.02,69.98,61.52,0.24015748,1.6114,1/30/2015,55.4,59,56.3,0.350393701,5.0644
122016,2016,Jan 28 - Feb 1,Farmers Insurance Open,"Torrey Pines (North Course) - La Jolla, CA. Torrey Pines (South Course) - La Jolla, CA. ",La Jolla,CA,32.84,-117.27,72,-6,-1,1/27/2016,46.94,75.02,59.54,0,10.359,1/28/2016,48.02,77,59.18,0,7.8268,1/29/2016,46.94,75.02,59.9,0,7.0211
122017,2017,Jan 26 - 29,Farmers Insurance Open,"Torrey Pines (North Course) - La Jolla, CA. Torrey Pines (South Course) - La Jolla, CA. ",La Jolla,CA,32.84,-117.27,72,-13,0,1/25/2017,42.98,60.08,51.08,0,11.6251,1/26/2017,42.98,62.96,51.62,0,11.1647,1/27/2017,44.96,66.02,56.12,0,19.3368
122019,2019,Jan 10 - 13,Sony Open in Hawaii,"Waialae Country Club - Honolulu, HI. ",Honolulu,HI,21.3,-157.86,70,-22,-2,1/9/2019,68,80.96,75.2,0.011811024,10.359,1/10/2019,66.92,82.04,74.48,0,10.8194,1/11/2019,69.98,82.94,75.56,0,8.7476
122021,2021,Nov 19 - 22,The RSM Classic,"Sea Island Resort (Seaside Course) - Saint Simons Island, GA. Sea Island Resort (Plantation Course) - Saint Simons Island, GA. ",Saint Simons Island,GA,31.22,-81.36,70,-19,-2,11/18/2021,60.98,78.98,68.36,0.059055118,4.1436,11/19/2021,59,69.08,63.5,0,20.6029,11/20/2021,51.98,62.06,59.36,0,27.1636
132009,2009,Mar 19 - 22,Transitions Championship,"Innisbrook Resort (Copperhead Course) - Palm Harbor, FL. ",Palm Harbor,FL,28.09,-82.76,71,-8,1,3/18/2009,66.02,82.94,73.58,0,18.7613,3/19/2009,64.94,82.04,72.32,0,14.0422,3/20/2009,64.04,82.04,72.86,0,14.1573
132010,2010,Mar 18 - 21,Transitions Championship,"Innisbrook Resort (Copperhead Course) - Palm Harbor, FL. ",Palm Harbor,FL,28.09,-82.76,71,-13,2,3/17/2010,53.96,68,58.82,0,14.0422,3/18/2010,53.96,64.04,57.38,0,22.0992,3/19/2010,51.08,69.08,59.54,0,12.661
132013,2013,Mar 21 - 25,Arnold Palmer Invitational presented by MasterCard,"Arnold Palmer's Bay Hill Club & Lodge - Orlando, FL. ",Orlando,FL,28.54,-81.38,72,-13,3,3/20/2013,60.98,75.92,68.9,0,13.0063,3/21/2013,51.98,69.08,60.8,0,13.2365,3/22/2013,50,78.98,62.6,0,11.0496
132014,2014,Feb 6 - 9,AT&T Pebble Beach National Pro-Am,"Spyglass Hill GC - Pebble Beach, CA. Pebble Beach Golf Links - Pebble Beach, CA. Monterey Peninsula Country Club (Shore Course) - Pebble Beach, CA. ",Pebble Beach,CA,36.57,-121.94,71,-11,-2,2/5/2014,36.68,61.52,47.48,0,6.6758,2/6/2014,47.3,57.02,50.54,0.255905512,21.1784,2/7/2014,41.36,59.9,52.88,0,18.1858
132015,2015,Feb 5 - 8,Farmers Insurance Open,"Torrey Pines (North Course) - La Jolla, CA. Torrey Pines (South Course) - La Jolla, CA. ",La Jolla,CA,32.84,-117.27,72,-9,-1,2/4/2015,48.92,71.96,58.46,0,5.755,2/5/2015,48.02,78.98,59.54,0,7.4815,2/6/2015,46.94,80.96,61.34,0,8.7476
132016,2016,Feb 4 - 7,Waste Management Phoenix Open,"TPC Scottsdale (Stadium Course) - Scottsdale, AZ. ",Scottsdale,AZ,33.49,-111.93,71,-14,0,2/3/2016,32,53.96,43.7,0,4.7191,2/4/2016,33.08,62.06,47.3,0,3.9134,2/5/2016,42.08,66.92,55.94,0,12.7761
132017,2017,Feb 2 - 5,Waste Management Phoenix Open,"TPC Scottsdale (Stadium Course) - Scottsdale, AZ. ",Scottsdale,AZ,33.49,-111.93,71,-17,-1,2/1/2017,42.98,71.96,56.84,0,2.9926,2/2/2017,44.96,69.98,57.02,0,3.453,2/3/2017,46.04,69.98,57.2,0,2.0718
142010,2010,Mar 25 - 29,Arnold Palmer Invitational presented by MasterCard,"Arnold Palmer's Bay Hill Club & Lodge - Orlando, FL. ",Orlando,FL,28.54,-81.38,72,-11,1,3/24/2010,50,75.02,62.78,0,7.8268,3/25/2010,57.02,78.98,68.18,0,12.0855,3/26/2010,62.96,80.06,69.62,0.492125984,21.6388
142013,2013,Mar 28 - 31,Shell Houston Open,"Golf Club of Houston - Houston, TX. ",Houston,TX,29.76,-95.37,72,-16,-1,3/27/2013,37.04,69.08,53.6,0,14.5026,3/28/2013,53.96,71.96,62.6,0,19.1066,3/29/2013,55.04,75.02,65.12,0,18.1858
142014,2014,Feb 13 - 16,Northern Trust Open,"Riviera Country Club - Pacific Palisades, CA. ",Pacific Palisades,CA,34.05,-118.53,71,-15,1,2/12/2014,48.92,84.02,65.3,0,2.1869,2/13/2014,50,84.92,66.56,0,3.3379,2/14/2014,48.92,91.04,66.74,0,3.2228
142019,2019,Jan 24 - 27,Farmers Insurance Open,"Torrey Pines (North Course) - La Jolla, CA. Torrey Pines (South Course) - La Jolla, CA. ",La Jolla,CA,32.84,-117.27,72,-21,-3,1/23/2019,42.98,69.08,54.86,0,11.51,1/24/2019,46.04,78.08,59.72,0,9.6684,1/25/2019,46.94,77,59.72,0,11.9704
152009,2009,Apr 2 - 5,Shell Houston Open,"Golf Club of Houston - Houston, TX. ",Houston,TX,29.76,-95.37,72,-11,-1,4/1/2009,48.02,71.06,61.16,0,20.2576,4/2/2009,57.02,75.92,68.72,0.051181102,23.5955,4/3/2009,46.94,77,60.98,0,11.6251
152010,2010,Apr 1 - 4,Shell Houston Open,"Golf Club of Houston - Houston, TX. ",Houston,TX,29.76,-95.37,72,-12,2,3/31/2010,55.94,80.06,66.74,0,19.4519,4/1/2010,62.06,78.08,68.18,0,28.1995,4/2/2010,66.92,78.08,69.98,0,22.3294
152013,2013,Apr 4 - 7,Valero Texas Open,"TPC San Antonio (Oaks Course) - San Antonio, TX. ",San Antonio,TX,29.42,-98.5,72,-14,1,4/3/2013,51.98,60.08,56.12,0.291338583,17.7254,4/4/2013,46.94,71.42,57.38,0,17.7254,4/5/2013,42.26,72.14,57.02,0,9.7835
152015,2015,Feb 19 - 22,Northern Trust Open,"Riviera Country Club - Pacific Palisades, CA. ",Pacific Palisades,CA,34.05,-118.53,71,-6,3,2/18/2015,50,78.08,61.34,0,4.7191,2/19/2015,50,78.08,60.98,0,4.604,2/20/2015,51.08,71.96,59.18,0,4.1436
152016,2016,Feb 18 - 21,Northern Trust Open,"Riviera Country Club - Pacific Palisades, CA. ",Pacific Palisades,CA,34.05,-118.53,71,-15,0,2/17/2016,53.06,71.96,59.54,0.598425197,7.5966,2/18/2016,53.06,66.92,58.46,0.12992126,7.9419,2/19/2016,46.94,66.92,57.02,0,4.3738
152017,2017,Feb 16 - 19,Genesis Open,"Riviera Country Club - Pacific Palisades, CA. ",Pacific Palisades,CA,34.05,-118.53,71,-17,0,2/15/2017,46.94,78.98,61.34,0,10.8194,2/16/2017,48.92,69.98,59.72,0,10.359,2/17/2017,50,55.94,53.78,1.578740157,25.8975
152019,2019,Jan 31 - Feb 3,Waste Management Phoenix Open,"TPC Scottsdale (Stadium Course) - Scottsdale, AZ. ",Scottsdale,AZ,33.49,-111.93,71,-17,-1,1/30/2019,55.04,73.94,62.6,0,7.4815,1/31/2019,50,71.06,60.8,0,2.7624,2019-1-32,53.96,71.06,62.06,0,8.1721
152020,2020,Jan 9 - 12,Sony Open in Hawaii,"Waialae Country Club - Honolulu, HI. ",Honolulu,HI,21.3,-157.86,70,-11,1,1/8/2020,71.06,82.04,75.38,0,29.0052,1/9/2020,69.98,80.06,75.38,0.019685039,35.2206,1/10/2020,71.06,82.04,75.02,0.188976378,31.8827
162009,2009,Apr 9 - 12,The Masters,"Augusta, GA",Augusta,GA,33.47,-81.97,72,-12,1,4/8/2009,39.92,66.92,52.88,0,14.6177,4/9/2009,53.06,78.98,65.84,0,15.9989,4/10/2009,57.02,78.98,69.08,0.023622047,22.0992
162010,2010,Apr 8 - 11,The Masters,"Augusta, GA",Augusta,GA,33.47,-81.97,72,-16,3,4/7/2010,60.98,84.92,73.22,0,13.0063,4/8/2010,59,77,67.1,0.251968504,18.5311,4/9/2010,51.08,69.98,60.08,0.011811024,12.661
162013,2013,Apr 11 - 14,Masters Tournament,"Augusta, GA",Augusta,GA,33.47,-81.97,72,-9,4,4/10/2013,60.98,84.02,71.96,0,13.0063,4/11/2013,62.06,82.04,70.16,0,14.2724,4/12/2013,62.96,80.06,71.6,0.011811024,17.1499
162014,2014,Feb 27 - Mar 2,The Honda Classic,"PGA National Resort & Spa (The Champion) - Palm Beach Gardens, FL. ",Palm Beach Gardens,FL,26.82,-80.14,70,-8,0,2/26/2014,66.02,86,74.84,0,19.1066,2/27/2014,64.04,77,73.22,0.019685039,18.1858,2/28/2014,57.02,71.96,65.48,0.149606299,12.4308
162015,2015,Feb 26 - Mar 2,The Honda Classic,"PGA National Resort & Spa (The Champion) - Palm Beach Gardens, FL. ",Palm Beach Gardens,FL,26.82,-80.14,70,-6,4,2/25/2015,60.98,82.04,71.96,0,18.1858,2/26/2015,69.08,87.08,77.72,0.011811024,28.5448,2/27/2015,64.94,71.06,68,0.098425197,19.4519
162016,2016,Feb 25 - 28,The Honda Classic,"PGA National Resort & Spa (The Champion) - Palm Beach Gardens, FL. ",Palm Beach Gardens,FL,26.82,-80.14,70,-9,3,2/24/2016,68,84.02,77.18,0.669291339,23.5955,2/25/2016,51.98,68,65.48,0,26.473,2/26/2016,48.92,71.06,59.54,0,16.114
162017,2017,Feb 23 - 26,The Honda Classic,"PGA National Resort & Spa (The Champion) - Palm Beach Gardens, FL. ",Palm Beach Gardens,FL,26.82,-80.14,70,-12,0,2/22/2017,62.06,77,72.14,1.700787402,23.5955,2/23/2017,57.02,78.98,66.74,0,14.0422,2/24/2017,62.06,82.94,70.34,0,14.5026
162022,2022,Jan 26 - 29,Farmers Insurance Open,"Torrey Pines (North Course) - La Jolla, CA. Torrey Pines (South Course) - La Jolla, CA. ",La Jolla,CA,32.84,-117.27,72,-15,-3,1/25/2022,37.94,64.04,49.64,0,11.1647,1/26/2022,39.92,68,52.52,0,8.7476,1/27/2022,39.02,69.08,52.52,0,10.8194
172009,2009,Apr 16 - 19,Verizon Heritage,"Harbour Town Golf Links - Hilton Head Island, SC. ",Hilton Head Island,SC,32.16,-80.75,71,-20,2,4/15/2009,48.92,73.04,61.34,0,14.0422,4/16/2009,51.98,71.96,60.8,0,15.7687,4/17/2009,46.04,69.98,58.64,0,14.0422
172010,2010,Apr 15 - 18,Verizon Heritage,"Harbour Town Golf Links - Hilton Head Island, SC. ",Hilton Head Island,SC,32.16,-80.75,71,-13,0,4/14/2010,51.98,78.98,65.3,0,14.963,4/15/2010,53.06,73.04,63.86,0,11.1647,4/16/2010,48.02,82.04,64.76,0,9.5533
172013,2013,Apr 18 - 21,RBC Heritage,"Harbour Town Golf Links - Hilton Head Island, SC. ",Hilton Head Island,SC,32.16,-80.75,71,-9,2,4/17/2013,59,82.04,69.26,0,10.8194,4/18/2013,62.96,82.04,72.14,0,17.3801,4/19/2013,57.02,87.08,75.56,1.039370079,26.9334
172019,2019,Feb 14 - 17,Genesis Open,"Riviera Country Club - Pacific Palisades, CA. ",Pacific Palisades,CA,34.05,-118.53,71,-14,0,2/13/2019,51.98,57.92,54.5,0.090551181,11.2798,2/14/2019,53.06,62.96,58.46,1.681102362,13.812,2/15/2019,46.94,57.92,51.98,0.12992126,4.7191
172020,2020,Jan 23 - 26,Farmers Insurance Open,"Torrey Pines (North Course) - La Jolla, CA. Torrey Pines (South Course) - La Jolla, CA. ",La Jolla,CA,32.84,-117.27,72,-15,-1,1/22/2020,48.92,64.94,56.12,0,8.7476,1/23/2020,46.04,71.96,56.66,0,10.4741,1/24/2020,46.04,73.04,57.92,0,7.0211
172021,2021,Jan 14 - 17,Sony Open in Hawaii,"Waialae Country Club - Honolulu, HI. ",Honolulu,HI,21.3,-157.86,70,-21,-4,1/13/2021,69.98,82.94,77.36,0,13.6969,1/14/2021,69.98,84.02,76.46,0,10.8194,1/15/2021,69.08,86,75.74,0,9.8986
182009,2009,Apr 23 - 26,Zurich Classic of New Orleans,"TPC Louisiana - Avondale, LA. ",Avondale,LA,47.42,-53.19,72,-14,3,4/22/2009,31.46,34.34,32.9,0,0,4/23/2009,33.8,35.06,34.52,0,0,4/24/2009,31.1,34.7,32.9,0,0
182010,2010,Apr 22 - 25,Zurich Classic of New Orleans,"TPC Louisiana - Avondale, LA. ",Avondale,LA,47.42,-53.19,72,-18,-1,4/21/2010,35.6,42.8,39.2,0.311023622,0,4/22/2010,37.4,46.4,41.9,0.413385827,0,4/23/2010,32,39.2,35.6,0.015748031,0
182013,2013,Apr 25 - 28,Zurich Classic of New Orleans,"TPC Louisiana - Avondale, LA. ",Avondale,LA,47.42,-53.19,72,-20,-3,4/24/2013,26.6,66.2,46.4,0,0,4/25/2013,44.6,50,47.3,0,0,4/26/2013,37.4,50,43.7,0,0
182016,2016,Mar 10 - 13,Valspar Championship,"Innisbrook Resort (Copperhead Course) - Palm Harbor, FL. ",Palm Harbor,FL,28.09,-82.76,71,-7,3,3/9/2016,64.04,82.04,72.5,0,22.5596,3/10/2016,66.02,84.92,73.4,0,22.6747,3/11/2016,66.92,82.94,72.68,0,19.2217
182017,2017,Mar 9 - 12,Valspar Championship,"Innisbrook Resort (Copperhead Course) - Palm Harbor, FL. ",Palm Harbor,FL,28.09,-82.76,71,-14,0,3/8/2017,62.06,80.06,70.34,0,10.9345,3/9/2017,62.96,82.04,70.7,0,11.2798,3/10/2017,62.06,78.08,69.98,0,12.3157
182020,2020,Jan 30 - Feb 2,Waste Management Phoenix Open,"TPC Scottsdale (Stadium Course) - Scottsdale, AZ. ",Scottsdale,AZ,33.49,-111.93,71,-17,-1,1/29/2020,44.96,64.04,53.96,0,4.8342,1/30/2020,46.94,66.92,57.2,0,7.8268,1/31/2020,44.96,71.06,58.82,0,7.1362
182021,2021,Jan 21 - 24,The American Express,"Jack Nicklaus Tournament Course - La Quinta, CA. Pete Dye Stadium Course - La Quinta, CA. ",La Quinta,CA,33.68,-116.3,72,-23,-4,1/20/2021,55.04,66.02,60.62,0.07480315,8.9778,1/21/2021,51.08,75.02,62.96,0,9.4382,1/22/2021,41,66.02,55.04,0,9.4382
182022,2022,Feb 10 - 13,WM Phoenix Open,"TPC Scottsdale (Stadium Course) - Scottsdale, AZ. ",Scottsdale,AZ,33.49,-111.93,71,-16,-2,2/9/2022,48.02,78.08,64.58,0,6.5607,2/10/2022,51.98,80.06,68.36,0,10.9345,2/11/2022,48.02,78.98,63.14,0,4.2587
192009,2009,Apr 30 - May 3,Quail Hollow Championship,"Quail Hollow Club - Charlotte, NC. ",Charlotte,NC,35.23,-80.84,72,-11,0,4/29/2009,55.94,82.04,68.9,0,12.4308,4/30/2009,59,78.98,68.36,0,11.6251,2009-4-31,64.04,82.04,71.6,0,21.9841
192010,2010,Apr 29 - May 2,Wells Fargo Championship,"Quail Hollow Club - Charlotte, NC. ",Charlotte,NC,35.23,-80.84,72,-15,1,4/28/2010,39.92,66.92,53.6,0,9.5533,4/29/2010,37.94,73.04,57.56,0,7.0211,4/30/2010,46.04,82.04,65.84,0,12.4308
192013,2013,May 2 - 5,Wells Fargo Championship,"Quail Hollow Club - Charlotte, NC. ",Charlotte,NC,35.23,-80.84,72,-8,2,5/1/2013,51.08,64.94,60.08,0.019685039,17.0348,5/2/2013,57.02,64.04,59.18,0.090551181,19.1066,5/3/2013,55.04,68,60.98,0,22.3294
192014,2014,Mar 13 - 16,Valspar Championship,"Innisbrook Resort (Copperhead Course) - Palm Harbor, FL. ",Palm Harbor,FL,28.09,-82.76,71,-7,3,3/12/2014,66.92,75.92,71.42,0.251968504,25.322,3/13/2014,53.06,66.92,59.9,0,27.7391,3/14/2014,53.06,73.94,62.42,0,9.5533
192015,2015,Mar 12 - 15,Valspar Championship,"Innisbrook Resort (Copperhead Course) - Palm Harbor, FL. ",Palm Harbor,FL,28.09,-82.76,71,-10,1,3/11/2015,71.06,86,76.82,0,16.8046,3/12/2015,73.04,87.08,77.36,0.090551181,15.3083,3/13/2015,71.06,86,76.82,0.011811024,21.4086
192016,2016,Mar 17 - 20,Arnold Palmer Invitational presented by MasterCard,"Arnold Palmer's Bay Hill Club & Lodge - Orlando, FL. ",Orlando,FL,28.54,-81.38,72,-17,0,3/16/2016,69.08,87.98,77.72,0,16.8046,3/17/2016,68,87.98,75.38,0,15.1932,3/18/2016,66.92,86,75.38,0,11.0496
192017,2017,Mar 16 - 19,Arnold Palmer Invitational presented by Mastercard,"Arnold Palmer's Bay Hill Club & Lodge - Orlando, FL. ",Orlando,FL,28.54,-81.38,72,-11,3,3/15/2017,44.96,60.08,52.52,0,15.3083,3/16/2017,42.08,64.04,51.8,0,12.3157,3/17/2017,44.96,71.96,58.28,0,9.6684
192021,2021,Jan 28 - 31,Farmers Insurance Open,"Torrey Pines (North Course) - La Jolla, CA. Torrey Pines (South Course) - La Jolla, CA. ",La Jolla,CA,32.84,-117.27,72,-14,-1,1/27/2021,41,60.98,48.92,0,11.7402,1/28/2021,39.92,66.02,52.88,0.039370079,10.8194,1/29/2021,44.96,59,50.54,1.303149606,11.9704
192022,2022,Feb 17 - 20,The Genesis Invitational,"Riviera Country Club - Pacific Palisades, CA. ",Pacific Palisades,CA,34.05,-118.53,71,-19,0,2/16/2022,48.92,64.94,55.94,0,12.661,2/17/2022,46.04,71.06,59.36,0,14.5026,2/18/2022,44.06,75.92,59.18,0,4.604
202009,2009,May 7 - 10,THE PLAYERS Championship,"TPC Sawgrass (THE PLAYERS Stadium Course) - Ponte Vedra Beach, FL. ",Ponte Vedra Beach,FL,30.24,-81.39,72,-12,0,5/6/2009,68,82.94,75.2,0.051181102,13.2365,5/7/2009,66.02,89.96,76.64,0,7.4815,5/8/2009,62.96,91.94,77,0,8.2872
202010,2010,May 6 - 9,THE PLAYERS Championship,"TPC Sawgrass (THE PLAYERS Stadium Course) - Ponte Vedra Beach, FL. ",Ponte Vedra Beach,FL,30.24,-81.39,72,-16,-2,5/5/2010,71.96,84.02,76.1,0.031496063,4.9493,5/6/2010,69.98,89.06,77.54,0,10.8194,5/7/2010,64.04,89.96,77.9,0,9.8986
202013,2013,May 9 - 12,THE PLAYERS Championship,"TPC Sawgrass (THE PLAYERS Stadium Course) - Ponte Vedra Beach, FL. ",Ponte Vedra Beach,FL,30.24,-81.39,72,-13,0,5/8/2013,57.02,82.04,70.52,0,8.2872,5/9/2013,62.06,84.92,72.68,0,9.0929,5/10/2013,60.98,87.08,74.48,0,10.8194
202014,2014,Mar 20 - 23,Arnold Palmer Invitational presented by MasterCard,"Arnold Palmer's Bay Hill Club & Lodge - Orlando, FL. ",Orlando,FL,28.54,-81.38,72,-13,2,3/19/2014,57.92,78.08,65.84,0,11.7402,3/20/2014,60.08,80.06,67.82,0,9.8986,3/21/2014,62.96,80.96,70.88,0,15.0781
202015,2015,Mar 19 - 22,Arnold Palmer Invitational presented by MasterCard,"Arnold Palmer's Bay Hill Club & Lodge - Orlando, FL. ",Orlando,FL,28.54,-81.38,72,-19,-2,3/18/2015,66.92,86,75.02,0,15.7687,3/19/2015,69.98,84.02,75.92,0,12.3157,3/20/2015,69.08,87.98,76.82,0,8.7476
202019,2019,Feb 28 - Mar 3,The Honda Classic,"PGA National Resort & Spa (The Champion) - Palm Beach Gardens, FL. ",Palm Beach Gardens,FL,26.82,-80.14,70,-9,2,2/27/2019,68,82.94,74.66,0.188976378,14.5026,2/28/2019,64.94,78.98,71.06,0,11.6251,2019-2-29,62.06,80.96,71.96,0,10.8194
202020,2020,Feb 13 - 16,The Genesis Invitational,"Riviera Country Club - Pacific Palisades, CA. ",Pacific Palisades,CA,34.05,-118.53,71,-11,1,2/12/2020,41,64.04,53.06,0,4.9493,2/13/2020,42.08,69.98,54.86,0,4.2587,2/14/2020,42.08,71.06,55.94,0,4.7191
202021,2021,Feb 4 - 7,Waste Management Phoenix Open,"TPC Scottsdale (Stadium Course) - Scottsdale, AZ. ",Scottsdale,AZ,33.49,-111.93,71,-19,-3,2/3/2021,62.06,78.08,68.54,0,5.4097,2/4/2021,53.06,71.06,62.6,0,7.4815,2/5/2021,44.96,66.92,55.76,0,4.0285
202022,2022,Feb 24 - 27,The Honda Classic,"PGA National Resort & Spa (The Champion) - Palm Beach Gardens, FL. ",Palm Beach Gardens,FL,26.82,-80.14,70,-10,2,2/23/2022,68.18,82.4,74.3,0.035433071,13.0063,2/24/2022,67.64,84.2,74.12,0.007874016,12.7761,2/25/2022,68.18,80.6,73.4,0,11.8553
212009,2009,May 14 - 17,Valero Texas Open,"LaCantera GC - San Antonio, TX. ",San Antonio,TX,29.42,-98.5,70,-15,-1,5/13/2009,75.2,98.42,84.56,0,30.2713,5/14/2009,76.1,92.66,82.4,0,27.0485,5/15/2009,74.48,93.02,82.22,0.200787402,23.9408
212010,2010,May 13 - 16,Valero Texas Open,"TPC San Antonio (Oaks Course) - San Antonio, TX. ",San Antonio,TX,29.42,-98.5,72,-14,3,5/12/2010,71.06,90.32,79.7,0,28.1995,5/13/2010,73.76,86.9,79.52,0,25.2069,5/14/2010,63.68,77.36,70.16,2.720472441,20.3727
212013,2013,May 16 - 19,HP Byron Nelson Championship,"TPC Four Seasons Resort - Irving, TX. ",Irving,TX,32.83,-96.94,70,-13,0,5/15/2013,62.96,80.06,75.02,2.059055118,30.2713,5/16/2013,64.04,82.94,71.42,0,19.4519,5/17/2013,73.94,91.94,80.42,0,21.5237
212014,2014,Mar 27 - 30,Valero Texas Open,"TPC San Antonio (Oaks Course) - San Antonio, TX. ",San Antonio,TX,29.42,-98.5,72,-8,3,3/26/2014,54.68,61.88,58.64,0.62992126,28.3146,3/27/2014,62.06,82.94,69.8,0.039370079,13.9271,3/28/2014,67.82,92.66,75.56,0,16.4593
212019,2019,Mar 7 - 10,Arnold Palmer Invitational Pres. By Mastercard,"Arnold Palmer's Bay Hill Club & Lodge - Orlando, FL. ",Orlando,FL,28.54,-81.38,72,-12,1,3/6/2019,42.08,62.06,51.26,0,17.4952,3/7/2019,44.96,71.06,57.74,0,12.8912,3/8/2019,53.06,78.08,65.3,0,9.208
212021,2021,Feb 11 - 14,AT&T Pebble Beach Pro-Am,"Spyglass Hill GC - Pebble Beach, CA. Pebble Beach Golf Links - Pebble Beach, CA. ",Pebble Beach,CA,36.57,-121.94,72,-18,-1,2/10/2021,42.44,59.9,50.72,0,7.7117,2/11/2021,43.88,58.46,50.9,0,8.1721,2/12/2021,47.84,70.52,51.8,0,21.7539
212022,2022,Mar 3 - 6,Arnold Palmer Invitational pres. by Mastercard,"Arnold Palmer's Bay Hill Club & Lodge - Orlando, FL. ",Orlando,FL,28.54,-81.38,72,-5,3,3/2/2022,57.92,80.96,67.64,0,9.3231,3/3/2022,59,84.02,71.24,0,4.9493,3/4/2022,62.06,84.92,73.04,0,9.3231
222009,2009,May 21 - 24,HP Byron Nelson Championship,"TPC Four Seasons Resort - Irving, TX. ",Irving,TX,32.83,-96.94,70,-19,-1,5/20/2009,60.08,80.96,70.16,0,14.963,5/21/2009,60.08,86,73.76,0,12.8912,5/22/2009,69.98,84.02,76.82,0,13.2365
222010,2010,May 20 - 23,HP Byron Nelson Championship,"TPC Four Seasons Resort - Irving, TX. ",Irving,TX,32.83,-96.94,70,-10,0,5/19/2010,71.06,87.98,79.16,0,26.1277,5/20/2010,71.06,84.92,79.34,0,17.8405,5/21/2010,69.08,89.06,77.18,0,16.114
222013,2013,May 23 - 26,Crowne Plaza Invitational at Colonial,"Colonial Country Club - Fort Worth, TX. ",Fort Worth,TX,32.75,-97.33,70,-14,-1,5/22/2013,53.06,86,69.8,0,8.2872,5/23/2013,69.08,84.92,76.46,0,17.3801,5/24/2013,66.02,82.94,75.74,0.37007874,15.7687
222014,2014,Apr 3 - 6,Shell Houston Open,"Golf Club of Houston - Houston, TX. ",Houston,TX,29.76,-95.37,72,-15,0,4/2/2014,71.06,82.04,74.12,0,25.6673,4/3/2014,71.96,75.92,73.94,0,22.7898,4/4/2014,59,75.02,71.06,0,23.5955
222015,2015,Apr 2 - 5,Shell Houston Open,"Golf Club of Houston - Houston, TX. ",Houston,TX,29.76,-95.37,72,-16,-4,4/1/2015,69.08,78.98,73.76,0.011811024,14.0422,4/2/2015,69.08,84.02,74.84,0,19.1066,4/3/2015,71.06,82.04,75.92,0,13.6969
222016,2016,Mar 31 - Apr 3,Shell Houston Open,"Golf Club of Houston - Houston, TX. ",Houston,TX,29.76,-95.37,72,-15,-1,3/30/2016,68,75.02,69.98,0.12992126,21.5237,3/31/2016,64.94,84.92,75.02,0.019685039,11.9704,2016-3-32,48.02,69.08,66.02,0.051181102,26.473
222017,2017,Mar 30 - Apr 2,Shell Houston Open,"Golf Club of Houston - Houston, TX. ",Houston,TX,29.76,-95.37,72,-20,0,3/29/2017,64.04,78.98,74.48,1.681102362,12.4308,3/30/2017,59,77,68,0,14.0422,3/31/2017,53.96,86,69.08,0,16.5744
222019,2019,Mar 14 - 17,THE PLAYERS Championship,"TPC Sawgrass (THE PLAYERS Stadium Course) - Ponte Vedra Beach, FL. ",Ponte Vedra Beach,FL,30.24,-81.39,72,-16,-1,3/13/2019,60.08,75.02,66.02,0,17.3801,3/14/2019,62.06,77,68.72,0,19.9123,3/15/2019,60.08,84.92,71.24,0,14.5026
222021,2021,Feb 18 - 21,The Genesis Invitational,"Riviera Country Club - Pacific Palisades, CA. ",Pacific Palisades,CA,34.05,-118.53,71,-12,0,2/17/2021,53.06,68,58.82,0,34.1847,2/18/2021,53.06,69.98,59.54,0,22.6747,2/19/2021,44.06,73.94,58.1,0,5.0644
232009,2009,May 28 - 31,Crowne Plaza Invitational at Colonial,"Colonial Country Club - Fort Worth, TX. ",Fort Worth,TX,32.75,-97.33,70,-17,0,5/27/2009,60.98,78.98,69.26,0.551181102,17.3801,5/28/2009,59,86,73.04,0,6.6758,5/29/2009,62.96,87.98,76.64,0,8.2872
232010,2010,May 27 - 30,Crowne Plaza Invitational at Colonial,"Colonial Country Club - Fort Worth, TX. ",Fort Worth,TX,32.75,-97.33,70,-21,-2,5/26/2010,66.02,91.94,80.6,0,6.6758,5/27/2010,68,93.92,82.04,0,6.6758,5/28/2010,69.08,95,82.94,0,3.6832
232013,2013,May 30 - Jun 2,the Memorial Tournament presented by Nationwide Insurance,"Muirfield Village Golf Club - Dublin, OH. ",Dublin,OH,40.1,-83.11,72,-12,3,5/29/2013,69.08,87.98,78.08,0,22.4445,5/30/2013,66.02,87.08,78.44,0,15.6536,5/31/2013,68,84.92,74.66,0,17.3801
232014,2014,Apr 10 - 13,Masters Tournament,"Augusta, GA",Augusta,GA,33.47,-81.97,72,-8,4,4/9/2014,51.08,71.96,61.34,0,12.8912,4/10/2014,51.98,77,64.94,0,5.755,4/11/2014,55.04,78.98,66.92,0,13.0063
232015,2015,Apr 9 - 12,Masters Tournament,"Augusta, GA",Augusta,GA,33.47,-81.97,72,-18,2,4/8/2015,66.02,89.06,76.64,0,8.5174,4/9/2015,68,89.06,79.16,0,13.9271,4/10/2015,66.92,84.02,75.92,0,14.2724
232019,2019,Mar 21 - 24,Valspar Championship,"Innisbrook Resort (Copperhead Course) - Palm Harbor, FL. ",Palm Harbor,FL,28.09,-82.76,71,-8,1,3/20/2019,59,73.94,64.58,0,20.8331,3/21/2019,59,69.98,64.4,0,20.3727,3/22/2019,53.96,71.06,63.68,0,18.6462
232020,2020,Feb 27 - Mar 1,The Honda Classic,"PGA National Resort & Spa (The Champion) - Palm Beach Gardens, FL. ",Palm Beach Gardens,FL,26.82,-80.14,70,-6,3,2/26/2020,64.4,91.4,76.82,0.649606299,17.8405,2/27/2020,50,66.2,60.26,0,21.9841,2/28/2020,44.6,66.2,54.32,0,19.1066
232022,2022,Mar 10 - 14,THE PLAYERS Championship,"TPC Sawgrass (THE PLAYERS Stadium Course) - Ponte Vedra Beach, FL. ",Ponte Vedra Beach,FL,30.24,-81.39,72,-13,2,3/9/2022,66.92,87.08,73.58,0.578740157,17.8405,3/10/2022,60.08,71.06,66.92,1.011811024,8.2872,3/11/2022,59,69.98,64.94,1.12992126,8.7476
242009,2009,Jun 4 - 7,the Memorial Tournament,"Muirfield Village Golf Club - Dublin, OH. ",Dublin,OH,40.1,-83.11,72,-12,4,6/3/2009,53.06,64.04,58.28,0,13.6969,6/4/2009,53.06,69.98,59.72,0,15.8838,6/5/2009,48.02,75.02,62.24,0,11.9704
242010,2010,Jun 3 - 6,the Memorial Tournament presented by Nationwide Insurance,"Muirfield Village Golf Club - Dublin, OH. ",Dublin,OH,40.1,-83.11,72,-18,1,6/2/2010,66.02,86,73.76,0.251968504,14.5026,6/3/2010,64.04,80.06,70.7,0,10.2439,6/4/2010,64.94,86,76.1,0,12.7761
242013,2013,Jun 6 - 9,FedEx St. Jude Classic,"TPC Southwind - Memphis, TN. ",Memphis,TN,35.15,-90.05,70,-12,1,6/5/2013,71.06,89.06,79.7,0.708661417,11.1647,6/6/2013,69.08,82.94,76.1,0,12.8912,6/7/2013,69.08,82.94,75.92,0,14.963
242014,2014,Apr 17 - 20,RBC Heritage,"Harbour Town Golf Links - Hilton Head Island, SC. ",Hilton Head Island,SC,32.16,-80.75,71,-11,4,4/16/2014,42.98,62.06,52.52,0,19.4519,4/17/2014,46.94,71.96,56.12,0,19.4519,4/18/2014,57.02,62.96,60.08,2.271653543,20.718
242015,2015,Apr 16 - 19,RBC Heritage,"Harbour Town Golf Links - Hilton Head Island, SC. ",Hilton Head Island,SC,32.16,-80.75,71,-18,0,4/15/2015,66.92,87.98,75.2,1.161417323,11.9704,4/16/2015,57.02,66.92,62.42,0,17.3801,4/17/2015,57.92,73.94,62.96,0.051181102,8.2872
242016,2016,Apr 14 - 17,RBC Heritage,"Harbour Town Golf Links - Hilton Head Island, SC. ",Hilton Head Island,SC,32.16,-80.75,71,-9,2,4/13/2016,57.02,71.96,63.86,0,15.3083,4/14/2016,57.02,69.98,62.78,0.011811024,19.9123,4/15/2016,53.96,60.98,57.92,0.011811024,21.1784
242017,2017,Apr 13 - 16,RBC Heritage,"Harbour Town Golf Links - Hilton Head Island, SC. ",Hilton Head Island,SC,32.16,-80.75,71,-13,-1,4/12/2017,53.96,80.96,67.82,0,7.0211,4/13/2017,55.04,84.02,68.54,0,9.5533,4/14/2017,57.92,82.94,70.52,0,11.1647
242020,2020,Mar 5 - 8,Arnold Palmer Invitational Pres. By Mastercard,"Arnold Palmer's Bay Hill Club & Lodge - Orlando, FL. ",Orlando,FL,28.54,-81.38,72,-4,3,3/4/2020,66.02,87.98,76.1,0,16.3442,3/5/2020,71.06,91.04,79.52,0,26.8183,3/6/2020,62.06,78.08,69.98,0,22.4445
242022,2022,Mar 17 - 20,Valspar Championship,"Innisbrook Resort (Copperhead Course) - Palm Harbor, FL. ",Palm Harbor,FL,28.09,-82.76,71,-17,-3,3/16/2022,64.4,73.4,68.72,1.122047244,9.3231,3/17/2022,59,75.2,67.1,0,8.1721,3/18/2022,60.8,82.4,71.78,0,12.7761
252009,2009,Jun 11 - 14,St. Jude Classic presented by FedEx,"TPC Southwind - Memphis, TN. ",Memphis,TN,35.15,-90.05,70,-18,0,6/10/2009,75.92,89.06,82.04,0,14.0422,6/11/2009,69.98,84.92,77.72,0.12992126,16.114,6/12/2009,66.02,89.06,77.36,0.338582677,8.7476
252010,2010,Jun 10 - 13,St. Jude Classic presented by Smith & Nephew,"TPC Southwind - Memphis, TN. ",Memphis,TN,35.15,-90.05,70,-10,1,6/9/2010,73.04,91.94,82.76,0.169291339,15.7687,6/10/2010,73.04,89.96,80.42,0,12.4308,6/11/2010,78.08,89.96,82.4,0,19.4519
252014,2014,Apr 24 - 27,Zurich Classic of New Orleans,"TPC Louisiana - Avondale, LA. ",Avondale,LA,47.42,-53.19,72,-19,-2,4/23/2014,30.2,41,35.6,0,0,4/24/2014,31.1,37.4,34.34,0.354330709,0,4/25/2014,32,42.8,37.4,0.137795276,0
252016,2016,Apr 21 - 24,Valero Texas Open,"TPC San Antonio (Oaks Course) - San Antonio, TX. ",San Antonio,TX,29.42,-98.5,72,-12,0,4/20/2016,66.92,80.42,72.86,0,14.1573,4/21/2016,62.24,82.76,72.5,0.5,11.1647,4/22/2016,61.7,83.12,72.68,0,8.1721
252017,2017,Apr 20 - 23,Valero Texas Open,"TPC San Antonio (Oaks Course) - San Antonio, TX. ",San Antonio,TX,29.42,-98.5,72,-12,0,4/19/2017,68,84.74,74.48,0,13.812,4/20/2017,69.44,87.08,76.64,0,18.7613,4/21/2017,71.96,87.98,78.8,0,19.2217
252021,2021,Mar 4 - 7,Arnold Palmer Invitational Pres. By Mastercard,"Arnold Palmer's Bay Hill Club & Lodge - Orlando, FL. ",Orlando,FL,28.54,-81.38,72,-11,2,3/3/2021,60.08,75.02,69.26,0.38976378,20.9482,3/4/2021,55.94,75.02,63.5,0,13.3516,3/5/2021,53.96,78.98,65.48,0,9.0929
262009,2009,Jun 18 - 22,U.S. Open Championship,"Farmingdale, NY",Farmingdale,NY,40.73,-73.45,70,-4,4,6/17/2009,50,64.94,59,0,10.0137,6/18/2009,60.98,62.96,62.42,2.251968504,21.9841,6/19/2009,62.06,78.08,69.44,0,9.208
262013,2013,Jun 20 - 23,Travelers Championship,"TPC River Highlands - Cromwell, CT. ",Cromwell,CT,41.62,-72.66,70,-12,0,6/19/2013,57.02,75.92,65.84,0,11.8553,6/20/2013,51.98,80.06,66.02,0,6.7909,6/21/2013,60.08,82.94,71.24,0,11.51
262014,2014,May 1 - 4,Wells Fargo Championship,"Quail Hollow Club - Charlotte, NC. ",Charlotte,NC,35.23,-80.84,72,-14,1,4/30/2014,59,77,66.92,0.901574803,17.3801,5/1/2014,53.06,78.08,70.52,0,18.1858,5/2/2014,46.94,69.08,59.18,0,8.2872
262019,2019,Apr 4 - 7,Valero Texas Open,"TPC San Antonio (Oaks Course) - San Antonio, TX. ",San Antonio,TX,29.42,-98.5,72,-20,-1,4/3/2019,57.74,67.1,62.6,0,16.4593,4/4/2019,65.66,85.82,73.04,0,10.5892,4/5/2019,60.98,82.94,72.32,0,9.4382
262021,2021,Mar 11 - 14,THE PLAYERS Championship,"TPC Sawgrass (THE PLAYERS Stadium Course) - Ponte Vedra Beach, FL. ",Ponte Vedra Beach,FL,30.24,-81.39,72,-14,0,3/10/2021,48.02,71.96,59.72,0,10.8194,3/11/2021,50,75.92,62.96,0,9.0929,3/12/2021,51.98,77,64.4,0,6.2154
272009,2009,Jun 25 - 28,Travelers Championship,"TPC River Highlands - Cromwell, CT. ",Cromwell,CT,41.62,-72.66,70,-22,-3,6/24/2009,66.92,73.04,69.44,0,11.51,6/25/2009,64.04,80.96,71.78,0,4.9493,6/26/2009,64.04,78.98,68.9,0,8.5174
272013,2013,Jun 27 - 30,AT&T National,"Congressional Country Club - Bethesda, MD. ",Bethesda,MD,38.98,-77.12,71,-12,3,6/26/2013,73.04,91.04,81.68,0.011811024,12.8912,6/27/2013,71.96,84.02,76.46,0.228346457,14.5026,6/28/2013,69.08,89.06,78.08,2.858267717,14.963
272014,2014,May 8 - 11,THE PLAYERS Championship,"TPC Sawgrass (THE PLAYERS Stadium Course) - Ponte Vedra Beach, FL. ",Ponte Vedra Beach,FL,30.24,-81.39,72,-13,0,5/7/2014,62.96,89.96,76.46,0,11.9704,5/8/2014,69.98,89.06,78.8,0,16.114,5/9/2014,69.98,91.04,79.34,0,17.0348
272015,2015,May 7 - 10,THE PLAYERS Championship,"TPC Sawgrass (THE PLAYERS Stadium Course) - Ponte Vedra Beach, FL. ",Ponte Vedra Beach,FL,30.24,-81.39,72,-12,0,5/6/2015,66.02,77,72.68,0.039370079,18.1858,5/7/2015,62.06,86,71.78,0.078740157,17.8405,5/8/2015,66.02,86,73.94,0,12.4308
272016,2016,May 5 - 8,Wells Fargo Championship,"Quail Hollow Club - Charlotte, NC. ",Charlotte,NC,35.23,-80.84,72,-9,1,5/4/2016,55.04,73.94,65.48,0,5.4097,5/5/2016,46.94,66.02,58.28,0.188976378,16.114,5/6/2016,46.94,69.08,55.94,0.051181102,14.963
272017,2017,May 4 - 7,Wells Fargo Championship,"Eagle Point Golf Club - Wilmington, NC. ",Wilmington,NC,34.23,-77.94,72,-10,1,5/3/2017,55.94,84.02,69.44,0,7.8268,5/4/2017,59,80.96,69.98,0.24015748,21.5237,5/5/2017,57.02,77,70.7,1.299212598,26.9334
272019,2019,Apr 11 - 14,2019 Masters Tournament,"Augusta, GA",Augusta,GA,33.47,-81.97,72,-13,3,4/10/2019,64.04,84.02,73.76,0,9.0929,4/11/2019,60.98,84.92,71.96,0,14.1573,4/12/2019,69.08,82.94,73.58,0.220472441,12.661
272021,2021,Mar 18 - 21,The Honda Classic,"PGA National Resort & Spa (The Champion) - Palm Beach Gardens, FL. ",Palm Beach Gardens,FL,26.82,-80.14,70,-12,1,3/17/2021,57.2,87.8,72.68,0,13.5818,3/18/2021,62.6,89.6,76.28,0.023622047,16.2291,3/19/2021,69.8,84.2,75.74,0.015748031,17.1499
272022,2022,Mar 31 - Apr 3,Valero Texas Open,"TPC San Antonio (Oaks Course) - San Antonio, TX. ",San Antonio,TX,29.42,-98.5,72,-13,-1,3/30/2022,62.6,82.94,73.22,0.066929134,24.2861,3/31/2022,47.84,80.6,65.3,0,12.2006,2022-3-32,51.08,83.84,68.18,0,19.3368
282009,2009,Jul 2 - 5,AT&T National,"Congressional Country Club - Bethesda, MD. ",Bethesda,MD,38.98,-77.12,70,-13,2,7/1/2009,66.92,84.02,75.2,0.039370079,8.7476,7/2/2009,66.02,80.06,72.86,0.059055118,14.0422,7/3/2009,64.04,78.08,71.24,0.019685039,13.6969
282010,2010,Jun 24 - 27,Travelers Championship,"TPC River Highlands - Cromwell, CT. ",Cromwell,CT,41.62,-72.66,70,-14,-2,6/23/2010,69.08,89.06,78.8,0.362204724,8.9778,6/24/2010,71.96,89.96,80.42,0.153543307,11.8553,6/25/2010,69.08,86,76.64,0,11.1647
282013,2013,Jul 4 - 7,The Greenbrier Classic,"The Old White Course - White Sulphur Springs, WV. ",White Sulphur Springs,WV,37.8,-80.45,70,-13,-1,7/3/2013,62.6,71.6,66.74,0,2.1869,7/4/2013,62.6,78.8,70.16,0,6.7909,7/5/2013,62.6,80.6,70.88,0,6.906
282014,2014,May 15 - 18,HP Byron Nelson Championship,"TPC Four Seasons Resort - Irving, TX. ",Irving,TX,32.83,-96.94,70,-14,1,5/14/2014,53.06,71.96,62.42,0.039370079,19.9123,5/15/2014,53.06,82.94,66.2,0,15.7687,5/16/2014,57.02,86,70.7,0,19.4519
282015,2015,May 14 - 17,Wells Fargo Championship,"Quail Hollow Club - Charlotte, NC. ",Charlotte,NC,35.23,-80.84,72,-21,0,5/13/2015,60.08,84.92,73.04,0,10.359,5/14/2015,57.92,75.02,67.64,0,14.963,5/15/2015,62.96,82.04,70.34,0,12.8912
282016,2016,May 12 - 15,THE PLAYERS Championship,"TPC Sawgrass (THE PLAYERS Stadium Course) - Ponte Vedra Beach, FL. ",Ponte Vedra Beach,FL,30.24,-81.39,72,-15,-2,5/11/2016,62.96,86,76.1,0,10.8194,5/12/2016,62.96,87.08,75.92,0,12.4308,5/13/2016,66.92,91.04,77.18,0.330708661,10.8194
282017,2017,May 11 - 14,THE PLAYERS Championship,"TPC Sawgrass (THE PLAYERS Stadium Course) - Ponte Vedra Beach, FL. ",Ponte Vedra Beach,FL,30.24,-81.39,72,-10,2,5/10/2017,60.08,93.02,76.46,0,9.0929,5/11/2017,68,93.92,80.24,0,19.9123,5/12/2017,68,91.94,79.88,0,20.718
282019,2019,Apr 18 - 21,RBC Heritage,"Harbour Town Golf Links - Hilton Head Island, SC. ",Hilton Head Island,SC,32.16,-80.75,71,-12,0,4/17/2019,53.06,80.06,65.3,0,7.8268,4/18/2019,59,82.04,70.34,0,20.2576,4/19/2019,59,80.06,72.86,0.291338583,31.8827
282022,2022,Apr 7 - 10,Masters Tournament,"Augusta, GA",Augusta,GA,33.47,-81.97,72,-10,4,4/6/2022,63.86,78.08,68.72,0.818897638,12.8912,4/7/2022,60.98,73.94,67.64,0.429133858,10.9345,4/8/2022,51.08,64.94,59.18,0,15.7687
292009,2009,Jul 9 - 12,John Deere Classic,"TPC Deere Run - Silvis, IL. ",Silvis,IL,41.51,-90.42,71,-20,-3,7/8/2009,60.08,66.02,63.14,0.921259843,19.7972,7/9/2009,60.08,75.02,67.46,0,14.963,7/10/2009,66.02,80.96,71.42,2.460629921,18.5311
292010,2010,Jul 1 - 4,AT&T National,"Aronimink GC - Newtown Square, PA. ",Newtown Square,PA,39.99,-75.4,70,-10,3,6/30/2010,56.84,78.8,69.26,0,6.3305,7/1/2010,53.06,75.56,66.02,0,7.3664,7/2/2010,50.36,79.16,66.56,0,4.0285
292013,2013,Jul 11 - 14,John Deere Classic,"TPC Deere Run - Silvis, IL. ",Silvis,IL,41.51,-90.42,71,-19,-4,7/10/2013,64.04,82.04,76.46,0,14.963,7/11/2013,59,80.06,70.16,0,9.4382,7/12/2013,57.02,82.04,70.7,0,8.6325
292014,2014,May 22 - 25,Crowne Plaza Invitational at Colonial,"Colonial Country Club - Fort Worth, TX. ",Fort Worth,TX,32.75,-97.33,70,-9,1,5/21/2014,69.08,89.06,78.8,0,28.5448,5/22/2014,68,87.98,78.26,0,22.3294,5/23/2014,71.06,84.02,77.36,0,21.1784
292015,2015,May 21 - 24,Crowne Plaza Invitational at  Colonial,"Colonial Country Club - Fort Worth, TX. ",Fort Worth,TX,32.75,-97.33,70,-12,4,5/20/2015,64.04,87.08,75.92,0,21.1784,5/21/2015,55.94,66.02,61.34,1.279527559,19.1066,5/22/2015,60.98,69.08,63.68,0.161417323,14.963
292016,2016,May 19 - 22,AT&T Byron Nelson,"TPC Four Seasons Resort - Irving, TX. ",Irving,TX,32.83,-96.94,70,-15,-2,5/18/2016,57.02,64.04,62.78,0.051181102,17.0348,5/19/2016,59,71.96,62.42,0.5,12.4308,5/20/2016,62.06,82.94,69.08,0,9.8986
292017,2017,May 18 - 21,AT&T Byron Nelson,"TPC Four Seasons Resort - Irving, TX. ",Irving,TX,32.83,-96.94,70,-12,2,5/17/2017,69.98,91.04,79.7,0.161417323,25.6673,5/18/2017,77,93.02,83.12,0,32.6884,5/19/2017,73.04,89.06,81.68,0.070866142,31.8827
292022,2022,Apr 14 - 17,RBC Heritage,"Harbour Town Golf Links - Hilton Head Island, SC. ",Hilton Head Island,SC,32.16,-80.75,71,-13,0,4/13/2022,64.4,78.8,70.7,0,10.4741,4/14/2022,68,77,72.14,0,13.0063,4/15/2022,64.4,71.6,68.18,0,17.1499
302010,2010,Jul 8 - 11,John Deere Classic,"TPC Deere Run - Silvis, IL. ",Silvis,IL,41.51,-90.42,71,-26,-4,7/7/2010,71.06,84.92,76.1,1.88976378,7.9419,7/8/2010,71.06,84.92,76.46,0.011811024,9.3231,7/9/2010,64.94,84.02,74.84,0,10.0137
302013,2013,Jul 18 - 21,Sanderson Farms Championship,"Annandale GC - Madison, MS. ",Madison,MS,32.31,-90.2,72,-20,-3,7/17/2013,71.06,87.08,78.08,0.220472441,0,7/18/2013,68,89.06,77.36,0,0.4604,7/19/2013,71.06,87.98,78.26,0,0.8057
302014,2014,May 29 - Jun 1,the Memorial Tournament presented by Nationwide Insurance,"Muirfield Village Golf Club - Dublin, OH. ",Dublin,OH,40.1,-83.11,72,-13,0,5/28/2014,66.92,87.08,73.22,0,12.5459,5/29/2014,64.04,78.98,70.34,0,11.51,5/30/2014,53.96,80.06,67.46,0,12.4308
302016,2016,May 26 - 29,DEAN & DELUCA Invitational,"Colonial Country Club - Fort Worth, TX. ",Fort Worth,TX,32.75,-97.33,70,-17,1,5/25/2016,75.92,89.06,82.22,0,28.1995,5/26/2016,66.92,84.92,78.44,0.559055118,29.0052,5/27/2016,66.02,84.02,71.96,0.811023622,25.322
302017,2017,May 25 - 28,DEAN & DELUCA Invitational,"Colonial Country Club - Fort Worth, TX. ",Fort Worth,TX,32.75,-97.33,70,-10,4,5/24/2017,55.04,82.94,69.26,0,17.3801,5/25/2017,62.06,95,78.8,0,30.2713,5/26/2017,73.94,98.96,84.92,0,30.6166
302019,2019,May 2 - 5,Wells Fargo Championship,"Quail Hollow Club - Charlotte, NC. ",Charlotte,NC,35.23,-80.84,71,-15,1,5/1/2019,64.04,84.02,73.22,0,12.8912,5/2/2019,64.04,84.92,73.94,0,13.6969,5/3/2019,62.96,84.92,72.68,0,13.2365
302021,2021,Apr 1 - 4,Valero Texas Open,"TPC San Antonio (Oaks Course) - San Antonio, TX. ",San Antonio,TX,29.42,-98.5,72,-18,2,3/31/2010,51.8,81.32,66.74,0,17.3801,4/1/2021,54.14,70.52,62.96,0,17.9556,4/2/2021,52.34,74.3,62.78,0,18.416
312009,2009,Jul 16 - 19,U.S. Bank Championship in Milwaukee,"Brown Deer Park GC - Milwaukee, WI. ",Milwaukee,WI,43.03,-87.92,70,-13,1,7/15/2009,66.02,86,75.74,0.480314961,23.5955,7/16/2009,62.96,78.98,71.96,0,21.1784,7/17/2009,57.02,66.02,62.24,0,14.5026
312014,2014,Jun 5 - 8,FedEx St. Jude Classic,"TPC Southwind - Memphis, TN. ",Memphis,TN,35.15,-90.05,70,-10,0,6/4/2014,73.94,87.98,80.42,0,17.3801,6/5/2014,69.08,87.08,79.34,0.141732283,15.7687,6/6/2014,69.98,89.06,75.92,0.299212598,10.8194
312016,2016,Jun 2 - 5,the Memorial Tournament presented by Nationwide,"Muirfield Village Golf Club - Dublin, OH. ",Dublin,OH,40.1,-83.11,72,-15,-2,6/1/2016,62.06,86,74.66,0,9.3231,6/2/2016,66.92,82.04,74.48,0,8.4023,6/3/2016,66.02,84.92,75.02,0,8.1721
312017,2017,Jun 1 - 4,the Memorial Tournament presented by Nationwide,"Muirfield Village Golf Club - Dublin, OH. ",Dublin,OH,40.1,-83.11,72,-13,3,5/31/2017,53.06,78.08,66.74,0,16.4593,6/1/2017,50,77,65.66,0,11.0496,6/2/2017,55.04,80.06,68.54,0,5.755
312019,2019,May 9 - 12,AT&T Byron Nelson,"Trinity Forest Golf Club - Dallas, TX. ",Dallas,TX,32.78,-96.8,71,-23,-2,5/8/2019,62.96,73.04,69.08,2.61023622,15.7687,5/9/2019,55.04,77,67.46,0.031496063,19.1066,5/10/2019,51.98,60.98,56.48,0.070866142,15.3083
312021,2021,Apr 8 - 11,2021 Masters Tournament,"Augusta, GA",Augusta,GA,33.47,-81.97,72,-10,3,4/7/2021,62.06,84.92,73.58,0,6.4456,4/8/2021,59,80.06,71.06,0,12.0855,4/9/2021,64.94,75.02,69.44,0,9.7835
322009,2009,Jul 23 - 27,RBC Canadian Open,"Glen Abbey GC - Oakville, ON. ",Oakville,ON,43.45,-79.67,72,-18,-3,7/22/2009,57.92,65.66,61.88,0.125984252,16.5744,7/23/2009,59.36,72.68,66.02,0.933070866,12.661,7/24/2009,62.6,78.8,70.7,0.220472441,8.5174
322010,2010,Jul 15 - 18,Reno-Tahoe Open,"Montreux G&CC - Reno, NV. ",Reno,NV,39.53,-119.81,72,-11,3,7/14/2010,62.96,95,78.8,0,9.0929,7/15/2010,66.92,100.04,83.84,0,10.8194,7/16/2010,69.08,98.96,83.3,0.338582677,8.7476
322013,2013,Jul 25 - 28,RBC Canadian Open,"Glen Abbey GC - Oakville, ON. ",Oakville,ON,43.45,-79.67,72,-16,0,7/24/2013,56.3,71.24,63.86,0,19.2217,7/25/2013,52.7,74.3,63.5,0,12.3157,7/26/2013,54.5,73.94,64.22,0,13.1214
322015,2015,Jun 11 - 14,FedEx St. Jude Classic,"TPC Southwind - Memphis, TN. ",Memphis,TN,35.15,-90.05,70,-13,1,6/10/2015,73.04,93.02,83.3,0,7.0211,6/11/2015,73.94,91.04,82.94,0,17.0348,6/12/2015,73.94,91.94,82.76,0,19.9123
322016,2016,Jun 9 - 12,FedEx St. Jude Classic,"TPC Southwind - Memphis, TN. ",Memphis,TN,35.15,-90.05,70,-13,1,6/8/2016,66.92,89.06,78.44,0,8.7476,6/9/2016,68,91.04,79.7,0,7.8268,6/10/2016,69.08,93.02,82.94,0,7.0211
322017,2017,Jun 8 - 11,FedEx St. Jude Classic,"TPC Southwind - Memphis, TN. ",Memphis,TN,35.15,-90.05,70,-10,1,6/7/2017,64.94,84.02,75.38,0,18.6462,6/8/2017,62.96,80.06,72.5,0,11.1647,6/9/2017,59,84.92,72.32,0,5.755
322019,2019,May 16 - 19,PGA Championship,"Farmingdale, NY",Farmingdale,NY,40.73,-73.45,70,-8,4,5/15/2019,44.96,62.96,52.7,0.031496063,15.5385,5/16/2019,51.98,69.08,59.72,0.051181102,11.7402,5/17/2019,51.98,66.92,61.52,0.251968504,11.1647
322021,2021,Apr 15 - 18,RBC Heritage,"Harbour Town Golf Links - Hilton Head Island, SC. ",Hilton Head Island,SC,32.16,-80.75,71,-19,-2,4/14/2021,59,80.6,68.36,0,16.3442,4/15/2021,66.2,75.2,71.24,0.003937008,15.8838,4/16/2021,55.4,66.2,61.52,0,11.6251
322022,2022,May 5 - 8,Wells Fargo Championship,"TPC Potomac at Avenel Farm - Potomac, MD. ",Potomac,MD,39.02,-77.2,70,-8,0,5/4/2022,55.4,73.4,62.24,0.12992126,10.7043,5/5/2022,55.4,66.2,60.62,0,9.3231,5/6/2022,50,57.92,55.76,1.625984252,11.9704
332009,2009,Jul 30 - Aug 2,Buick Open,"Warwick Hills G&CC - Grand Blanc, MI. ",Grand Blanc,MI,42.93,-83.63,72,-20,-4,7/29/2009,66.02,78.98,71.6,0,8.9778,7/30/2009,57.92,78.08,69.08,0,8.1721,7/31/2009,62.96,78.98,71.24,0,12.2006
332014,2014,Jun 19 - 22,Travelers Championship,"TPC River Highlands - Cromwell, CT. ",Cromwell,CT,41.62,-72.66,70,-15,-1,6/18/2014,71.06,84.02,77,0,17.0348,6/19/2014,66.02,82.94,72.86,0,9.4382,6/20/2014,55.04,77,67.82,0,11.2798
332017,2017,Jun 15 - 18,U.S. Open,"Erin, WI",Erin,WI,43.25,-88.37,72,-16,1,6/14/2017,59,84.2,68.9,0,8.8627,6/15/2017,64.4,84.2,73.94,0,11.9704,6/16/2017,62.6,84.2,73.58,0,14.0422
332019,2019,May 23 - 26,Charles Schwab Challenge,"Colonial Country Club - Fort Worth, TX. ",Fort Worth,TX,32.75,-97.33,70,-13,2,5/22/2019,64.04,89.06,78.26,0,31.8827,5/23/2019,75.02,91.04,82.76,0,35.681,5/24/2019,75.02,89.06,81.5,0,31.077
332020,2020,Jun 11 - 14,Charles Schwab Challenge,"Colonial Country Club - Fort Worth, TX. ",Fort Worth,TX,32.75,-97.33,70,-15,-2,6/10/2020,60.08,87.98,74.66,0,17.0348,6/11/2020,62.06,91.04,78.44,0,7.4815,6/12/2020,64.04,91.04,79.52,0,9.5533
342014,2014,Jun 26 - 29,Quicken Loans National,"Congressional Country Club - Bethesda, MD. ",Bethesda,MD,38.98,-77.12,71,-4,3,6/25/2014,75.02,89.06,81.14,0.448818898,16.5744,6/26/2014,73.94,89.06,81.86,0,16.5744,6/27/2014,71.96,87.98,80.96,0,14.963
342015,2015,Jun 25 - 28,Travelers Championship,"TPC River Highlands - Cromwell, CT. ",Cromwell,CT,41.62,-72.66,70,-16,-2,6/24/2015,62.96,82.04,73.4,0,14.1573,6/25/2015,59,82.04,72.14,0,5.6399,6/26/2015,66.02,77,70.52,0,8.7476
342016,2016,Jun 23 - 26,Quicken Loans National,"Congressional Country Club - Bethesda, MD. ",Bethesda,MD,38.98,-77.12,71,-17,0,6/22/2016,69.08,86,76.82,0,14.963,6/23/2016,69.98,82.04,75.56,0.531496063,12.4308,6/24/2016,71.06,86,77.72,0,14.5026
342017,2017,Jun 22 - 25,Travelers Championship,"TPC River Highlands - Cromwell, CT. ",Cromwell,CT,41.62,-72.66,70,-12,0,6/21/2017,64.04,82.04,73.22,0,12.0855,6/22/2017,57.92,84.02,72.32,0,8.9778,6/23/2017,69.98,87.08,77.54,0,15.4234
342019,2019,May 30 - Jun 2,the Memorial Tournament pres. by Nationwide,"Muirfield Village Golf Club - Dublin, OH. ",Dublin,OH,40.1,-83.11,72,-19,1,5/29/2019,68,80.06,74.3,0.527559055,18.3009,5/30/2019,66.02,73.94,69.62,0,15.0781,5/31/2019,60.98,78.98,68.54,0,7.0211
342021,2021,Apr 29 - May 2,Valspar Championship,"Innisbrook Resort (Copperhead Course) - Palm Harbor, FL. ",Palm Harbor,FL,28.09,-82.76,71,-17,-1,4/28/2021,69.8,84.2,74.84,0,13.2365,4/29/2021,69.8,86,77.18,0,12.2006,4/30/2021,69.8,80.6,75.02,0,10.0137
342022,2022,May 19 - 22,PGA Championship,"Tulsa, OK",Tulsa,OK,36.16,-95.99,70,-5,4,5/18/2022,69.08,91.94,80.24,0,13.6969,5/19/2022,69.98,89.96,79.88,0,26.1277,5/20/2022,68,87.08,81.14,0,34.4149
352009,2009,Aug 6 - 9,Legends Reno-Tahoe Open,"Montreux G&CC - Reno, NV. ",Reno,NV,39.53,-119.81,72,-17,0,8/5/2009,60.08,89.06,74.12,0,15.7687,8/6/2009,53.96,68,60.8,0.011811024,21.9841,8/7/2009,48.92,69.98,60.26,0,13.6969
352013,2013,Aug 8 - 11,PGA Championship,"Rochester, NY",Rochester,NY,43.16,-77.62,70,-10,3,8/7/2013,66.02,82.04,73.04,0,17.8405,8/8/2013,68,84.02,74.48,0.460629921,8.7476,8/9/2013,62.96,80.06,72.86,0.570866142,9.5533
352017,2017,Jun 29 - Jul 2,Quicken Loans National,"TPC Potomac at Avenel Farm - Potomac, MD. Whistle Bear GC - Cambridge, ON. ",Potomac,MD,39.02,-77.2,70,-7,4,6/28/2017,50,80.06,67.82,0,8.7476,6/29/2017,60.08,89.06,74.12,0,18.6462,6/30/2017,69.98,91.94,80.06,0,21.5237
352019,2019,Jun 6 - 9,RBC Canadian Open,"Hamilton Golf & Country Club - Hamilton, ON. ",Hamilton,ON,43.26,-79.87,70,-22,-2,6/5/2019,52.16,68.9,60.44,0.818897638,4.604,6/6/2019,54.68,73.76,64.22,0,4.1436,6/7/2019,50.18,78.08,64.22,0,4.2587
352020,2020,Jun 18 - 21,RBC Heritage,"Harbour Town Golf Links - Hilton Head Island, SC. ",Hilton Head Island,SC,32.16,-80.75,71,-22,-4,6/17/2020,62.6,73.4,67.64,0,9.208,6/18/2020,66.2,78.8,73.94,0,8.8627,6/19/2020,69.8,84.2,76.1,0.118110236,8.2872
352021,2021,May 6 - 9,Wells Fargo Championship,"Quail Hollow Club - Charlotte, NC. ",Charlotte,NC,35.23,-80.84,71,-10,2,5/5/2021,62.96,84.02,70.88,0,19.4519,5/6/2021,51.08,71.96,64.58,0,11.6251,5/7/2021,44.96,68,61.88,0.098425197,14.5026
352022,2022,May 26 - 29,Charles Schwab Challenge,"Colonial Country Club - Fort Worth, TX. ",Fort Worth,TX,32.75,-97.33,70,-9,1,5/25/2022,57.92,71.06,62.78,0.011811024,21.1784,5/26/2022,51.08,87.08,71.06,0,12.4308,5/27/2022,57.02,91.94,76.82,0,9.8986
362009,2009,Aug 13 - 16,PGA Championship,"Chaska, MN",Chaska,MN,44.79,-93.6,72,-8,4,8/12/2009,64.4,87.8,75.74,0,10.5892,8/13/2009,69.8,82.4,74.48,0,13.812,8/14/2009,69.8,87.8,78.62,0,18.6462
362014,2014,Jul 10 - 13,John Deere Classic,"TPC Deere Run - Silvis, IL. ",Silvis,IL,41.51,-90.42,71,-22,-2,7/9/2014,55.94,77,67.46,0,12.7761,7/10/2014,60.08,78.98,70.16,0,11.0496,7/11/2014,62.06,80.06,71.24,0,18.416
362015,2015,Jul 9 - 12,John Deere Classic,"TPC Deere Run - Silvis, IL. ",Silvis,IL,41.51,-90.42,71,-20,-4,7/8/2015,57.92,66.02,60.8,0,14.963,7/9/2015,59,75.92,66.56,0.011811024,7.3664,7/10/2015,57.92,78.98,69.26,0,4.3738
362017,2017,Jul 6 - 9,The Greenbrier Classic,"The Old White Course - White Sulphur Springs, WV. ",White Sulphur Springs,WV,37.8,-80.45,70,-14,-1,7/5/2017,66.2,79.16,69.62,0,3.3379,7/6/2017,63.86,79.34,70.7,0,8.2872,7/7/2017,64.58,79.7,71.6,0,10.1288
362019,2019,Jun 13 - 16,U.S. Open,"Pebble Beach, CA",Pebble Beach,CA,36.57,-121.94,71,-13,2,6/12/2019,57.38,68.72,74.12,0,20.2576,6/13/2019,57.74,66.56,65.12,0,17.8405,6/14/2019,55.76,66.02,63.5,0,16.114
362020,2020,Jun 25 - 28,Travelers Championship,"TPC River Highlands - Cromwell, CT. ",Cromwell,CT,41.62,-72.66,70,-19,-4,6/24/2020,71.96,89.06,79.7,0,13.4667,6/25/2020,64.04,86,75.02,0,9.5533,6/26/2020,64.94,87.98,76.1,0,6.6758
372009,2009,Aug 20 - 23,Wyndham Championship,"Sedgefield Country Club - Greensboro, NC. ",Greensboro,NC,36.07,-79.79,70,-16,-2,8/19/2009,73.04,93.02,81.32,0.019685039,15.3083,8/20/2009,71.96,86,76.82,0.338582677,13.2365,8/21/2009,73.04,91.04,81.14,0,13.6969
372010,2010,Aug 12 - 15,PGA Championship,"Kohler, WI",Kohler,WI,43.74,-87.78,72,-11,1,8/11/2010,69.08,84.92,75.38,0.767716535,7.1362,8/12/2010,69.08,84.92,77.18,0.011811024,5.755,8/13/2010,69.98,82.94,75.74,0,12.0855
372013,2013,Aug 22 - 25,The Barclays,"Liberty National Golf Club - Jersey City, NJ. ",Jersey City,NJ,40.72,-74.05,71,-11,0,8/21/2013,68,91.04,80.6,0,10.359,8/22/2013,71.06,78.98,76.28,0.401574803,12.8912,8/23/2013,69.08,82.94,75.92,0,19.1066
372017,2017,Jul 13 - 16,John Deere Classic,"TPC Deere Run - Silvis, IL. Jennings Mill Country Club - Athens, GA. ",Silvis,IL,41.51,-90.42,71,-18,-2,7/12/2017,73.94,86,79.52,0.421259843,15.7687,7/13/2017,66.92,80.96,74.12,0,14.2724,7/14/2017,57.92,73.04,66.2,0,12.0855
372019,2019,Jun 20 - 23,Travelers Championship,"TPC River Highlands - Cromwell, CT. ",Cromwell,CT,41.62,-72.66,70,-17,-2,6/19/2019,64.94,75.92,69.44,0.102362205,7.8268,6/20/2019,64.94,73.94,69.44,0,8.057,6/21/2019,66.92,77,70.52,0,17.0348
372022,2022,Jun 2 - 5,the Memorial Tournament pres. by Workday,"Muirfield Village Golf Club - Dublin, OH. ",Dublin,OH,40.1,-83.11,72,-13,2,6/1/2022,69.08,89.96,78.62,0.070866142,16.3442,6/2/2022,62.06,73.04,68.54,0.263779528,9.6684,6/3/2022,55.04,80.06,68.72,0,9.5533
382010,2010,Aug 19 - 22,Wyndham Championship,"Sedgefield Country Club - Greensboro, NC. ",Greensboro,NC,36.07,-79.79,70,-20,-3,8/18/2010,73.04,91.04,80.6,0.200787402,12.8912,8/19/2010,73.04,82.04,76.46,0.098425197,7.0211,8/20/2010,73.04,87.98,78.8,0,12.4308
382021,2021,May 27 - 30,Charles Schwab Challenge,"Colonial Country Club - Fort Worth, TX. ",Fort Worth,TX,32.75,-97.33,70,-14,1,5/26/2021,69.98,89.06,78.8,0,17.0348,5/27/2021,73.04,87.08,79.52,0,24.8616,5/28/2021,66.02,78.08,71.78,0.011811024,10.8194
382022,2022,Jun 9 - 12,RBC Canadian Open,"St. George's Golf and Country Club - Toronto, ON. ",Toronto,ON,43.65,-79.38,70,-19,1,6/8/2022,53.96,72.14,63.14,0.086614173,13.1214,6/9/2022,57.02,72.14,64.58,0.220472441,15.8838,6/10/2022,55.04,75.02,64.94,0,17.8405
392010,2010,Aug 26 - 29,The Barclays,"Ridgewood Country Club - Paramus, NJ. ",Paramus,NJ,40.95,-74.07,71,-12,0,8/25/2010,62.96,69.8,66.38,0.779527559,10.2439,8/26/2010,62.06,82.04,72.5,0,12.661,8/27/2010,57.02,78.08,68.72,0.011811024,7.4815
392015,2015,Jul 23 - 26,RBC Canadian Open,"Glen Abbey GC - Oakville, ON. ",Oakville,ON,43.45,-79.67,72,-17,-2,7/22/2015,57.38,79.16,68.36,0,17.6103,7/23/2015,56.12,82.4,69.26,0,13.3516,7/24/2015,55.4,86.9,71.24,0,10.7043
392019,2019,Jul 4 - 7,3M Open,"TPC Twin Cities - Blaine, MN. ",Blaine,MN,45.16,-93.23,71,-21,-3,7/3/2019,62.96,87.08,75.74,0,8.8627,7/4/2019,69.98,82.94,75.92,0,12.8912,7/5/2019,64.94,80.96,72.68,0,7.1362
392020,2020,Jul 9 - 12,Workday Charity Open,"Muirfield Village Golf Club - Dublin, OH. ",Dublin,OH,40.1,-83.11,72,-19,-2,7/8/2020,66.92,91.94,79.7,0,6.4456,7/9/2020,71.06,93.02,82.04,0,5.4097,7/10/2020,73.94,87.98,79.16,0,16.3442
392021,2021,Jun 3 - 6,the Memorial Tournament pres. by Nationwide,"Muirfield Village Golf Club - Dublin, OH. ",Dublin,OH,40.1,-83.11,72,-13,2,6/2/2021,62.96,69.08,65.84,0.511811024,11.9704,6/3/2021,64.04,73.04,66.74,0.830708661,11.7402,6/4/2021,57.02,84.92,71.78,0,10.9345
392022,2022,Jun 16 - 19,U.S. Open,"Brookline, MA",Brookline,MA,42.33,-71.12,70,-6,3,6/15/2022,59,71.06,67.82,0,16.114,6/16/2022,57.92,73.94,65.66,0,22.7898,6/17/2022,66.92,86,73.22,0,26.473
402015,2015,Jul 30 - Aug 2,Quicken Loans National,"Robert Trent Jones GC - Gainesville, VA. ",Gainesville,VA,38.79,-77.63,71,-18,-2,7/29/2015,69.98,87.08,77,0,9.0929,7/30/2015,69.08,89.06,79.52,1.149606299,10.8194,7/31/2015,62.96,87.08,77.18,0,8.7476
402016,2016,Jul 21 - 24,RBC Canadian Open,"Glen Abbey GC - Oakville, ON. ",Oakville,ON,43.45,-79.67,72,-12,2,7/20/2016,55.4,86,70.7,0,9.5533,7/21/2016,62.6,93.2,77.9,0.078740157,14.963,7/22/2016,69.8,95,82.4,0,14.6177
402017,2017,Jul 27 - 30,RBC Canadian Open,"Glen Abbey GC - Oakville, ON. ",Oakville,ON,43.45,-79.67,72,-21,-4,7/26/2017,57.2,73.4,65.3,0.078740157,9.0929,7/27/2017,64.4,80.6,72.5,0.204724409,12.3157,7/28/2017,63.5,75.2,69.44,0,26.5881
402019,2019,Jul 11 - 14,John Deere Classic,"TPC Deere Run - Silvis, IL. ",Silvis,IL,41.51,-90.42,71,-21,-3,7/10/2019,75.02,89.96,81.68,0,19.2217,7/11/2019,66.92,84.92,75.74,0,16.2291,7/12/2019,60.98,86,75.56,0,7.3664
402022,2022,Jun 23 - 26,Travelers Championship,"TPC River Highlands - Cromwell, CT. ",Cromwell,CT,41.62,-72.66,70,-19,-2,6/22/2022,60.08,64.94,62.24,0.736220472,3.9134,6/23/2022,59,78.08,67.82,0,9.3231,6/24/2022,62.06,82.04,71.78,0,7.7117
412014,2014,Aug 7 - 10,PGA Championship,"Louisville, KY",Louisville,KY,38.25,-85.76,71,-16,1,8/6/2014,69.98,89.96,79.52,0,10.8194,8/7/2014,71.96,84.02,77.18,0,14.0422,8/8/2014,68,75.92,73.22,2.090551181,14.963
412016,2016,Jul 28 - 31,PGA Championship,"Springfield, NJ",Springfield,NJ,40.7,-74.33,70,-14,2,7/27/2016,69.98,91.04,80.6,0,3.9134,7/28/2016,68,95,80.24,0,3.5681,7/29/2016,71.06,87.98,77.18,0.614173228,6.7909
412021,2021,Jun 10 - 13,Palmetto Championship at Congaree,"Congaree Golf Club - Ridgeland, SC. ",Ridgeland,SC,32.48,-80.98,71,-11,1,6/9/2021,71.96,91.94,80.6,0.098425197,10.2439,6/10/2021,75.92,93.92,83.48,0,14.8479,6/11/2021,77,95,84.74,0.003937008,18.5311
412022,2022,Jun 30 - Jul 3,John Deere Classic,"TPC Deere Run - Silvis, IL. ",Silvis,IL,41.51,-90.42,71,-21,-3,6/29/2022,69.08,87.08,78.08,0,14.3875,6/30/2022,71.06,86,79.16,0,22.6747,2022-6-31,71.96,93.92,82.94,0,18.1858
422014,2014,Aug 14 - 17,Wyndham Championship,"Sedgefield Country Club - Greensboro, NC. ",Greensboro,NC,36.07,-79.79,70,-17,-2,8/13/2014,64.04,80.06,73.94,0,14.5026,8/14/2014,57.02,82.04,70.52,0,8.2872,8/15/2014,62.06,84.02,73.4,0,6.2154
422016,2016,Aug 4 - 7,Travelers Championship,"TPC River Highlands - Cromwell, CT. ",Cromwell,CT,41.62,-72.66,70,-14,-1,8/3/2016,62.96,84.02,72.14,0,7.5966,8/4/2016,60.98,86,73.58,0,8.9778,8/5/2016,64.94,87.08,76.82,0,13.2365
422019,2019,Jul 18 - 21,Barbasol Championship,"Keene Trace Golf Club (Champions Course) - Nicholasville, KY. ",Nicholasville,KY,37.88,-84.57,72,-26,-4,7/17/2019,73.94,89.06,79.34,0.460629921,18.1858,7/18/2019,71.96,91.04,79.34,0.039370079,12.4308,7/19/2019,75.02,93.02,82.94,0,14.0422
422020,2020,Jul 16 - 19,the Memorial Tournament pres. by Nationwide,"Muirfield Village Golf Club - Dublin, OH. ",Dublin,OH,40.1,-83.11,72,-9,3,7/15/2020,66.02,89.96,78.62,0,11.3949,7/16/2020,73.94,89.06,80.6,0,21.9841,7/17/2020,69.08,89.06,77.9,0,8.6325
422021,2021,Jun 17 - 20,U.S. Open,"San Diego, CA",San Diego,CA,32.72,-117.16,71,-6,4,6/16/2021,64.94,71.96,69.44,0,10.8194,6/17/2021,60.98,73.04,67.82,0,9.0929,6/18/2021,64.94,71.06,67.64,0,10.359
432010,2010,Sep 30 - Oct 3,Viking Classic,"Annandale GC - Madison, MS. ",Madison,MS,32.31,-90.2,72,-15,0,9/29/2010,50,75.02,68.72,0,1.6114,9/30/2010,55.04,75.02,70.34,0,4.604,2010-9-31,53.96,71.06,71.24,0,3.6832
432014,2014,Aug 21 - 24,The Barclays,"Ridgewood Country Club - Paramus, NJ. ",Paramus,NJ,40.95,-74.07,71,-14,1,8/20/2014,69.08,84.02,75.74,0,8.1721,8/21/2014,66.92,84.92,74.84,0.311023622,10.5892,8/22/2014,66.92,77,71.42,0.24015748,8.1721
432015,2015,Aug 13 - 16,PGA Championship,"Kohler, WI",Kohler,WI,43.74,-87.78,72,-20,2,8/12/2015,55.94,78.08,66.92,0,6.906,8/13/2015,62.06,84.92,73.76,0,20.4878,8/14/2015,66.92,89.06,76.28,0.38976378,15.5385
432016,2016,Aug 11 - 14,John Deere Classic,"TPC Deere Run - Silvis, IL. ",Silvis,IL,41.51,-90.42,71,-22,-3,8/10/2016,68,87.98,78.08,0,10.5892,8/11/2016,69.98,86,77.9,1.708661417,17.3801,8/12/2016,69.98,80.06,74.66,1.838582677,9.6684
442009,2009,Oct 15 - 18,Justin Timberlake Shriners Hospitals for Children Open,"TPC Summerlin - Las Vegas, NV. ",Las Vegas,NV,36.17,-115.15,71,-19,-4,10/14/2009,66.02,80.06,71.78,0,21.6388,10/15/2009,60.08,82.94,72.14,0,6.7909,10/16/2009,68,89.96,77.18,0,11.7402
442015,2015,Aug 20 - 23,Wyndham Championship,"Sedgefield Country Club - Greensboro, NC. ",Greensboro,NC,36.07,-79.79,70,-17,-3,8/19/2015,71.96,86,76.64,0.291338583,11.9704,8/20/2015,71.96,87.98,77.36,0,8.7476,8/21/2015,69.98,84.92,78.08,0,10.8194
442016,2016,Aug 18 - 21,Wyndham Championship,"Sedgefield Country Club - Greensboro, NC. ",Greensboro,NC,36.07,-79.79,70,-21,-3,8/17/2016,71.96,93.92,82.22,0.251968504,12.4308,8/18/2016,73.04,89.96,79.34,0,9.8986,8/19/2016,73.04,87.08,79.34,0,9.5533
442017,2017,Aug 17 - 20,Wyndham Championship,"Sedgefield Country Club - Greensboro, NC. ",Greensboro,NC,36.07,-79.79,70,-22,0,8/16/2017,71.96,89.06,79.7,0,8.7476,8/17/2017,73.94,93.02,82.22,0,9.5533,8/18/2017,75.02,93.02,82.94,0.019685039,12.4308
442021,2021,Jul 1 - 4,Rocket Mortgage Classic,"Detroit Golf Club - Detroit, MI. ",Detroit,MI,42.33,-83.05,72,-18,-3,6/30/2021,70.88,80.24,75.56,0.007874016,16.114,7/1/2021,58.82,77.72,68.36,0.082677165,20.6029,7/2/2021,57.56,77,67.28,0,23.2502
452009,2009,Oct 22 - 25,Frys.com Open,"Grayhawk Golf Club - Raptor - Scottsdale, AZ. ",Raptor - Scottsdale,AZ,33.49,-111.93,70,-18,-1,10/21/2009,59,80.96,70.16,0,4.3738,10/22/2009,57.02,82.04,70.88,0,3.2228,10/23/2009,59,84.92,72.32,0,3.2228
452010,2010,Oct 7 - 10,The McGladrey Classic,"Sea Island Resort (Seaside Course) - Saint Simons Island, GA. ",Saint Simons Island,GA,31.22,-81.36,70,-14,-1,10/6/2010,53.06,73.94,63.14,0,9.5533,10/7/2010,51.98,77,64.58,0,5.4097,10/8/2010,57.02,78.98,68.72,0,6.3305
452015,2015,Aug 27 - 30,The Barclays,"Plainfield CC - Edison, NJ. ",Edison,NJ,40.52,-74.41,70,-19,2,8/26/2015,53.96,80.06,67.82,0,6.2154,8/27/2015,55.04,78.08,66.74,0,6.4456,8/28/2015,51.98,80.06,65.66,0,0
452016,2016,Aug 25 - 28,The Barclays,"Bethpage State Park - Bethpage, NY. ",Bethpage,NY,40.75,-73.49,71,-9,3,8/24/2016,66.02,84.02,75.2,0,13.0063,8/25/2016,68,82.04,75.74,0,22.4445,8/26/2016,73.94,93.02,82.22,0,15.5385
452017,2017,Aug 24 - 27,THE NORTHERN TRUST,"Glen Oaks Club - Old Westbury, NY. Glen Oaks CC. ",Old Westbury,NY,40.79,-73.6,70,-13,2,8/23/2017,69.98,80.96,75.74,0.059055118,14.1573,8/24/2017,62.96,80.06,71.42,0,10.359,8/25/2017,62.96,75.92,69.62,0,11.8553
452019,2019,Aug 1 - 4,Wyndham Championship,"Sedgefield Country Club - Greensboro, NC. ",Greensboro,NC,36.07,-79.79,70,-22,-4,7/31/2019,66.02,89.96,79.52,1.960629921,10.8194,8/1/2019,66.92,87.98,74.84,0.350393701,8.2872,8/2/2019,66.92,84.02,73.22,0.019685039,7.8268
462010,2010,Oct 14 - 17,Frys.com Open,"CordeValle Golf Club - San Martin, CA. ",San Martin,CA,37.09,-121.59,71,-15,0,10/13/2010,53.06,73.94,60.26,0,3.9134,10/14/2010,64,91,74.78,0,5.1795,10/15/2010,51.98,60.08,55.4,0,4.2587
462019,2019,Aug 8 - 11,THE NORTHERN TRUST,"Liberty National Golf Club - Jersey City, NJ. ",Jersey City,NJ,40.72,-74.05,71,-16,-1,8/7/2019,69.98,84.02,75.56,1.539370079,11.6251,8/8/2019,69.98,86,77,0,15.1932,8/9/2019,71.06,87.08,77.72,0,7.8268
462020,2020,Aug 6 - 9,PGA Championship,"San Francisco, CA",San Francisco,CA,37.78,-122.42,70,-13,1,8/5/2020,60.08,69.08,63.5,0,29.0052,8/6/2020,60.08,75.02,65.66,0,20.718,8/7/2020,60.98,77,66.56,0,17.3801
462021,2021,Jul 8 - 11,John Deere Classic,"TPC Deere Run - Silvis, IL. ",Silvis,IL,41.51,-90.42,71,-19,-4,7/7/2021,66.92,84.92,75.2,0.267716535,13.0063,7/8/2021,62.96,73.04,66.92,0.003937008,15.0781,7/9/2021,59,75.02,66.92,0.24015748,11.51
462022,2022,Jul 21 - 24,3M Open,"TPC Twin Cities - Blaine, MN. ",Blaine,MN,45.16,-93.23,71,-17,1,7/20/2022,73.4,87.8,80.24,0,29.3505,7/21/2022,69.8,86,78.26,0,17.3801,7/22/2022,69.8,91.4,81.14,0,13.4667
472009,2009,Nov 12 - 15,Children's Miracle Network Classic,"Magnolia GC - Lake Buena Vista, FL. Palm GC - Lake Buena Vista, FL. ",Lake Buena Vista,FL,28.38,-81.53,72,-18,-2,11/11/2009,68,80.96,73.58,0,19.2217,11/12/2009,57.02,66.02,59.18,0,18.416,11/13/2009,53.06,73.94,63.14,0,19.567
472010,2010,Oct 21 - 24,Justin Timberlake Shriners Hospitals for Children Open,"TPC Summerlin - Las Vegas, NV. ",Las Vegas,NV,36.17,-115.15,71,-21,-4,10/20/2010,57.92,69.08,63.5,0.350393701,17.0348,10/21/2010,57.02,69.08,62.78,0,3.2228,10/22/2010,59,66.92,62.42,0,5.2946
472020,2020,Aug 13 - 16,Wyndham Championship,"Sedgefield Country Club - Greensboro, NC. ",Greensboro,NC,36.07,-79.79,70,-21,-3,8/12/2020,71.96,89.06,79.34,0,8.2872,8/13/2020,69.98,87.08,76.46,2.188976378,12.4308,8/14/2020,71.96,84.02,75.2,0.251968504,8.2872
472022,2022,Jul 28 - 31,Rocket Mortgage Classic,"Detroit Golf Club - Detroit, MI. ",Detroit,MI,42.33,-83.05,72,-26,-3,7/27/2022,61.16,82.94,72.14,0.015748031,11.1647,7/28/2022,63.5,84.56,74.12,0,23.4804,7/29/2022,58.28,82.4,70.34,0,18.8764
482021,2021,Jul 15 - 18,Barbasol Championship,"Keene Trace Golf Club (Champions Course) - Nicholasville, KY. ",Nicholasville,KY,37.88,-84.57,72,-21,-4,7/14/2021,68,84.02,74.12,0,11.9704,7/15/2021,66.92,87.08,75.02,0.318897638,14.5026,7/16/2021,69.08,87.98,75.56,0.011811024,14.963
482022,2022,Aug 4 - 7,Wyndham Championship,"Sedgefield Country Club - Greensboro, NC. ",Greensboro,NC,36.07,-79.79,70,-20,-1,8/3/2022,69.98,91.04,81.32,0,5.755,8/4/2022,73.04,91.04,82.04,0,11.9704,8/5/2022,73.04,89.96,80.78,0.078740157,15.7687
492021,2021,Jul 22 - 25,3M Open,"TPC Twin Cities - Blaine, MN. ",Blaine,MN,45.16,-93.23,71,-15,-2,7/21/2021,64.94,82.94,73.58,0,12.5459,7/22/2021,71.96,84.02,78.08,0.015748031,18.0707,7/23/2021,75.02,91.94,83.12,0,16.8046
492022,2022,Aug 11 - 14,FedEx St. Jude Championship,"TPC Southwind - Memphis, TN. ",Memphis,TN,35.15,-90.05,70,-15,-2,8/10/2022,73.94,93.02,79.52,1.279527559,8.2872,8/11/2022,75.02,91.04,80.06,0.61023622,12.4308,8/12/2022,73.94,91.04,82.76,0,17.3801
502010,2010,Nov 11 - 14,Children's Miracle Network Classic,"Magnolia GC - Lake Buena Vista, FL. Palm GC - Lake Buena Vista, FL. ",Lake Buena Vista,FL,28.38,-81.53,72,-21,-3,11/10/2010,53.06,80.06,66.38,0,4.604,11/11/2010,57.92,80.06,68.36,0,13.3516,11/12/2010,59,78.98,67.1,0,15.9989
522021,2021,Aug 12 - 15,Wyndham Championship,"Sedgefield Country Club - Greensboro, NC. ",Greensboro,NC,36.07,-79.79,70,-15,-3,8/11/2021,71.06,93.02,79.52,0,11.1647,8/12/2021,69.98,91.94,78.44,0.669291339,9.0929,8/13/2021,68,91.94,78.98,0,10.8194
532021,2021,Aug 19 - 23,THE NORTHERN TRUST,"Liberty National Golf Club - Jersey City, NJ. ",Jersey City,NJ,40.72,-74.05,71,-20,-1,8/18/2021,75.02,82.04,77.72,0.043307087,11.51,8/19/2021,75.92,87.08,80.6,0.181102362,19.567,8/20/2021,75.92,84.02,79.16,0.098425197,6.1003
