game_id,game_pk,game_date,event_time,player_id,player_name,team,opponent,venue,lineup_slot,lineup_status,opposing_probable_pitcher,hr_probability,baseline_probability,confidence,model_version,prediction_ts,quality_flags,top_features,rank
MLB_824504,824504,2026-06-16,2026-06-16T23:10:00+00:00,668709,JJ Bleday,CIN,NYM,Great American Ball Park,2,projected,Kodai Senga,0.22815133677500624,0.13552235115640987,0.64,mlb-hr-v1,2026-06-16T20:59:45.779433+00:00,"[""low_pitcher_history""]","[{""feature"": ""batter_hr_per_pa"", ""value"": 0.0632}, {""feature"": ""recent_hr_per_pa"", ""value"": 0.0635}, {""feature"": ""pitcher_hr_factor"", ""value"": 1.0}, {""feature"": ""venue_factor"", ""value"": 1.25}, {""feature"": ""expected_pa"", ""value"": 4.64}]",1
MLB_824991,824991,2026-06-16,2026-06-17T01:40:00+00:00,701762,Nick Kurtz,ATH,PIT,Sutter Health Park,2,projected,Mitch Keller,0.22431334298653274,0.13552235115640987,0.72,mlb-hr-v1,2026-06-16T20:59:48.410879+00:00,[],"[{""feature"": ""batter_hr_per_pa"", ""value"": 0.0652}, {""feature"": ""recent_hr_per_pa"", ""value"": 0.08}, {""feature"": ""pitcher_hr_factor"", ""value"": 0.981}, {""feature"": ""venue_factor"", ""value"": 1.25}, {""feature"": ""expected_pa"", ""value"": 4.64}]",2
MLB_822888,822888,2026-06-16,2026-06-17T00:05:00+00:00,621439,Byron Buxton,MIN,TEX,Globe Life Field,1,projected,Kumar Rocker,0.21996708926845798,0.1383634938436833,0.72,mlb-hr-v1,2026-06-16T20:59:47.286102+00:00,[],"[{""feature"": ""batter_hr_per_pa"", ""value"": 0.0867}, {""feature"": ""recent_hr_per_pa"", ""value"": 0.0771}, {""feature"": ""pitcher_hr_factor"", ""value"": 0.824}, {""feature"": ""venue_factor"", ""value"": 1.101}, {""feature"": ""expected_pa"", ""value"": 4.75}]",3
MLB_824182,824182,2026-06-16,2026-06-17T00:10:00+00:00,670541,Yordan Alvarez,HOU,DET,Daikin Park,2,projected,Framber Valdez,0.21317825833682902,0.13552235115640987,0.72,mlb-hr-v1,2026-06-16T20:59:47.778902+00:00,[],"[{""feature"": ""batter_hr_per_pa"", ""value"": 0.0638}, {""feature"": ""recent_hr_per_pa"", ""value"": 0.0777}, {""feature"": ""pitcher_hr_factor"", ""value"": 1.282}, {""feature"": ""venue_factor"", ""value"": 1.159}, {""feature"": ""expected_pa"", ""value"": 4.64}]",4
MLB_824912,824912,2026-06-16,2026-06-16T23:15:00+00:00,669477,Casey Schmitt,SF,ATL,Truist Park,1,projected,Grant Holmes,0.21265872260370852,0.1383634938436833,0.72,mlb-hr-v1,2026-06-16T20:59:46.294711+00:00,[],"[{""feature"": ""batter_hr_per_pa"", ""value"": 0.0595}, {""feature"": ""recent_hr_per_pa"", ""value"": 0.0581}, {""feature"": ""pitcher_hr_factor"", ""value"": 1.35}, {""feature"": ""venue_factor"", ""value"": 0.808}, {""feature"": ""expected_pa"", ""value"": 4.75}]",5
MLB_824182,824182,2026-06-16,2026-06-17T00:10:00+00:00,693307,Dillon Dingler,DET,HOU,Daikin Park,2,projected,Hunter Brown,0.2107054614310278,0.13552235115640987,0.64,mlb-hr-v1,2026-06-16T20:59:47.928959+00:00,"[""low_pitcher_history""]","[{""feature"": ""batter_hr_per_pa"", ""value"": 0.0577}, {""feature"": ""recent_hr_per_pa"", ""value"": 0.0651}, {""feature"": ""pitcher_hr_factor"", ""value"": 1.0}, {""feature"": ""venue_factor"", ""value"": 1.159}, {""feature"": ""expected_pa"", ""value"": 4.64}]",6
MLB_824667,824667,2026-06-16,2026-06-17T00:05:00+00:00,691718,Pete Crow-Armstrong,CHC,COL,Wrigley Field,1,projected,Ryan Feltner,0.209133531904786,0.1383634938436833,0.72,mlb-hr-v1,2026-06-16T20:59:47.436324+00:00,[],"[{""feature"": ""batter_hr_per_pa"", ""value"": 0.0523}, {""feature"": ""recent_hr_per_pa"", ""value"": 0.0653}, {""feature"": ""pitcher_hr_factor"", ""value"": 0.723}, {""feature"": ""venue_factor"", ""value"": 1.176}, {""feature"": ""expected_pa"", ""value"": 4.75}]",7
MLB_824504,824504,2026-06-16,2026-06-16T23:10:00+00:00,665742,Juan Soto,NYM,CIN,Great American Ball Park,3,projected,Brady Singer,0.20091729641012068,0.13267184014303635,0.72,mlb-hr-v1,2026-06-16T20:59:45.953289+00:00,[],"[{""feature"": ""batter_hr_per_pa"", ""value"": 0.0674}, {""feature"": ""recent_hr_per_pa"", ""value"": 0.0846}, {""feature"": ""pitcher_hr_factor"", ""value"": 1.35}, {""feature"": ""venue_factor"", ""value"": 1.25}, {""feature"": ""expected_pa"", ""value"": 4.54}]",8
MLB_824182,824182,2026-06-16,2026-06-17T00:10:00+00:00,572233,Christian Walker,HOU,DET,Daikin Park,3,projected,Framber Valdez,0.19823069268455398,0.13267184014303635,0.72,mlb-hr-v1,2026-06-16T20:59:47.793481+00:00,[],"[{""feature"": ""batter_hr_per_pa"", ""value"": 0.0595}, {""feature"": ""recent_hr_per_pa"", ""value"": 0.0614}, {""feature"": ""pitcher_hr_factor"", ""value"": 1.282}, {""feature"": ""venue_factor"", ""value"": 1.159}, {""feature"": ""expected_pa"", ""value"": 4.54}]",9
MLB_823128,823128,2026-06-16,2026-06-17T01:40:00+00:00,641487,J.P. Crawford,SEA,BAL,T-Mobile Park,1,projected,Brandon Young,0.19178327922001015,0.1383634938436833,0.72,mlb-hr-v1,2026-06-16T20:59:48.053890+00:00,[],"[{""feature"": ""batter_hr_per_pa"", ""value"": 0.0561}, {""feature"": ""recent_hr_per_pa"", ""value"": 0.0599}, {""feature"": ""pitcher_hr_factor"", ""value"": 0.72}, {""feature"": ""venue_factor"", ""value"": 1.096}, {""feature"": ""expected_pa"", ""value"": 4.75}]",10
MLB_823775,823775,2026-06-16,2026-06-16T23:40:00+00:00,694192,Jackson Chourio,MIL,CLE,American Family Field,2,projected,Slade Cecconi,0.1911823449771562,0.13552235115640987,0.72,mlb-hr-v1,2026-06-16T20:59:46.447165+00:00,[],"[{""feature"": ""batter_hr_per_pa"", ""value"": 0.0504}, {""feature"": ""recent_hr_per_pa"", ""value"": 0.0679}, {""feature"": ""pitcher_hr_factor"", ""value"": 0.786}, {""feature"": ""venue_factor"", ""value"": 0.75}, {""feature"": ""expected_pa"", ""value"": 4.64}]",11
MLB_824667,824667,2026-06-16,2026-06-17T00:05:00+00:00,696100,Hunter Goodman,COL,CHC,Wrigley Field,4,projected,Edward Cabrera,0.18941311058033813,0.12981192991263468,0.72,mlb-hr-v1,2026-06-16T20:59:47.644292+00:00,[],"[{""feature"": ""batter_hr_per_pa"", ""value"": 0.0623}, {""feature"": ""recent_hr_per_pa"", ""value"": 0.079}, {""feature"": ""pitcher_hr_factor"", ""value"": 1.35}, {""feature"": ""venue_factor"", ""value"": 1.176}, {""feature"": ""expected_pa"", ""value"": 4.43}]",12
MLB_823451,823451,2026-06-16,2026-06-16T22:40:00+00:00,656941,Kyle Schwarber,PHI,MIA,Citizens Bank Park,1,projected,Tyler Phillips,0.18722786131144883,0.1383634938436833,0.72,mlb-hr-v1,2026-06-16T20:59:44.399464+00:00,[],"[{""feature"": ""batter_hr_per_pa"", ""value"": 0.0697}, {""feature"": ""recent_hr_per_pa"", ""value"": 0.0393}, {""feature"": ""pitcher_hr_factor"", ""value"": 0.72}, {""feature"": ""venue_factor"", ""value"": 1.155}, {""feature"": ""expected_pa"", ""value"": 4.75}]",13
MLB_823128,823128,2026-06-16,2026-06-17T01:40:00+00:00,624413,Pete Alonso,BAL,SEA,T-Mobile Park,4,projected,Logan Gilbert,0.18613892394552362,0.12981192991263468,0.72,mlb-hr-v1,2026-06-16T20:59:48.267761+00:00,[],"[{""feature"": ""batter_hr_per_pa"", ""value"": 0.0578}, {""feature"": ""recent_hr_per_pa"", ""value"": 0.0684}, {""feature"": ""pitcher_hr_factor"", ""value"": 1.35}, {""feature"": ""venue_factor"", ""value"": 1.096}, {""feature"": ""expected_pa"", ""value"": 4.43}]",14
MLB_822723,822723,2026-06-16,2026-06-16T22:45:00+00:00,695578,James Wood,WSH,KC,Nationals Park,1,projected,Michael Wacha,0.18543478300060856,0.1383634938436833,0.72,mlb-hr-v1,2026-06-16T20:59:44.736311+00:00,[],"[{""feature"": ""batter_hr_per_pa"", ""value"": 0.0513}, {""feature"": ""recent_hr_per_pa"", ""value"": 0.0658}, {""feature"": ""pitcher_hr_factor"", ""value"": 0.946}, {""feature"": ""venue_factor"", ""value"": 1.119}, {""feature"": ""expected_pa"", ""value"": 4.75}]",15
MLB_824991,824991,2026-06-16,2026-06-17T01:40:00+00:00,669127,Shea Langeliers,ATH,PIT,Sutter Health Park,3,projected,Mitch Keller,0.18427585820645137,0.13267184014303635,0.72,mlb-hr-v1,2026-06-16T20:59:48.424559+00:00,[],"[{""feature"": ""batter_hr_per_pa"", ""value"": 0.0574}, {""feature"": ""recent_hr_per_pa"", ""value"": 0.0524}, {""feature"": ""pitcher_hr_factor"", ""value"": 0.981}, {""feature"": ""venue_factor"", ""value"": 1.25}, {""feature"": ""expected_pa"", ""value"": 4.54}]",16
MLB_823535,823535,2026-06-16,2026-06-16T23:05:00+00:00,678246,Miguel Vargas,CWS,NYY,Yankee Stadium,2,projected,Gerrit Cole,0.18358492198182358,0.13552235115640987,0.72,mlb-hr-v1,2026-06-16T20:59:45.581521+00:00,[],"[{""feature"": ""batter_hr_per_pa"", ""value"": 0.0554}, {""feature"": ""recent_hr_per_pa"", ""value"": 0.0463}, {""feature"": ""pitcher_hr_factor"", ""value"": 1.061}, {""feature"": ""venue_factor"", ""value"": 0.987}, {""feature"": ""expected_pa"", ""value"": 4.64}]",17
MLB_822723,822723,2026-06-16,2026-06-16T22:45:00+00:00,671277,Luis García Jr.,WSH,KC,Nationals Park,2,projected,Michael Wacha,0.18229659837950984,0.13552235115640987,0.72,mlb-hr-v1,2026-06-16T20:59:44.761961+00:00,[],"[{""feature"": ""batter_hr_per_pa"", ""value"": 0.0568}, {""feature"": ""recent_hr_per_pa"", ""value"": 0.0643}, {""feature"": ""pitcher_hr_factor"", ""value"": 0.946}, {""feature"": ""venue_factor"", ""value"": 1.119}, {""feature"": ""expected_pa"", ""value"": 4.64}]",18
MLB_823939,823939,2026-06-16,2026-06-17T02:10:00+00:00,660271,Shohei Ohtani,LAD,TB,UNIQLO Field at Dodger Stadium,1,projected,Drew Rasmussen,0.17892888860699369,0.1383634938436833,0.72,mlb-hr-v1,2026-06-16T20:59:49.034392+00:00,[],"[{""feature"": ""batter_hr_per_pa"", ""value"": 0.0445}, {""feature"": ""recent_hr_per_pa"", ""value"": 0.06}, {""feature"": ""pitcher_hr_factor"", ""value"": 0.72}, {""feature"": ""venue_factor"", ""value"": 1.25}, {""feature"": ""expected_pa"", ""value"": 4.75}]",19
MLB_823939,823939,2026-06-16,2026-06-17T02:10:00+00:00,518692,Freddie Freeman,LAD,TB,UNIQLO Field at Dodger Stadium,3,projected,Drew Rasmussen,0.175834495629247,0.13267184014303635,0.72,mlb-hr-v1,2026-06-16T20:59:49.075548+00:00,[],"[{""feature"": ""batter_hr_per_pa"", ""value"": 0.0432}, {""feature"": ""recent_hr_per_pa"", ""value"": 0.0581}, {""feature"": ""pitcher_hr_factor"", ""value"": 0.72}, {""feature"": ""venue_factor"", ""value"": 1.25}, {""feature"": ""expected_pa"", ""value"": 4.54}]",20
MLB_823939,823939,2026-06-16,2026-06-17T02:10:00+00:00,681624,Andy Pages,LAD,TB,UNIQLO Field at Dodger Stadium,2,projected,Drew Rasmussen,0.1748694568019651,0.13552235115640987,0.72,mlb-hr-v1,2026-06-16T20:59:49.060815+00:00,[],"[{""feature"": ""batter_hr_per_pa"", ""value"": 0.052}, {""feature"": ""recent_hr_per_pa"", ""value"": 0.0431}, {""feature"": ""pitcher_hr_factor"", ""value"": 0.72}, {""feature"": ""venue_factor"", ""value"": 1.25}, {""feature"": ""expected_pa"", ""value"": 4.64}]",21
MLB_824912,824912,2026-06-16,2026-06-16T23:15:00+00:00,621566,Matt Olson,ATL,SF,Truist Park,4,projected,Adrian Houser,0.16969848576162003,0.12981192991263468,0.72,mlb-hr-v1,2026-06-16T20:59:46.162735+00:00,[],"[{""feature"": ""batter_hr_per_pa"", ""value"": 0.0557}, {""feature"": ""recent_hr_per_pa"", ""value"": 0.0542}, {""feature"": ""pitcher_hr_factor"", ""value"": 1.045}, {""feature"": ""venue_factor"", ""value"": 0.808}, {""feature"": ""expected_pa"", ""value"": 4.43}]",22
MLB_824750,824750,2026-06-16,2026-06-16T22:45:00+00:00,680776,Jarren Duran,BOS,TOR,Fenway Park,1,projected,Dylan Cease,0.16672898716806586,0.1383634938436833,0.72,mlb-hr-v1,2026-06-16T20:59:45.062821+00:00,[],"[{""feature"": ""batter_hr_per_pa"", ""value"": 0.0487}, {""feature"": ""recent_hr_per_pa"", ""value"": 0.063}, {""feature"": ""pitcher_hr_factor"", ""value"": 1.107}, {""feature"": ""venue_factor"", ""value"": 0.809}, {""feature"": ""expected_pa"", ""value"": 4.75}]",23
MLB_824991,824991,2026-06-16,2026-06-17T01:40:00+00:00,691016,Tyler Soderstrom,ATH,PIT,Sutter Health Park,4,projected,Mitch Keller,0.1651288964145692,0.12981192991263468,0.72,mlb-hr-v1,2026-06-16T20:59:48.438125+00:00,[],"[{""feature"": ""batter_hr_per_pa"", ""value"": 0.0512}, {""feature"": ""recent_hr_per_pa"", ""value"": 0.063}, {""feature"": ""pitcher_hr_factor"", ""value"": 0.981}, {""feature"": ""venue_factor"", ""value"": 1.25}, {""feature"": ""expected_pa"", ""value"": 4.43}]",24
MLB_824991,824991,2026-06-16,2026-06-17T01:40:00+00:00,664040,Brandon Lowe,PIT,ATH,Sutter Health Park,2,projected,Jack Perkins,0.16419140441619332,0.13552235115640987,0.72,mlb-hr-v1,2026-06-16T20:59:48.559573+00:00,[],"[{""feature"": ""batter_hr_per_pa"", ""value"": 0.0497}, {""feature"": ""recent_hr_per_pa"", ""value"": 0.0431}, {""feature"": ""pitcher_hr_factor"", ""value"": 1.134}, {""feature"": ""venue_factor"", ""value"": 1.25}, {""feature"": ""expected_pa"", ""value"": 4.64}]",25
MLB_824750,824750,2026-06-16,2026-06-16T22:45:00+00:00,575929,Willson Contreras,BOS,TOR,Fenway Park,4,projected,Dylan Cease,0.1626462575048339,0.12981192991263468,0.72,mlb-hr-v1,2026-06-16T20:59:45.128627+00:00,[],"[{""feature"": ""batter_hr_per_pa"", ""value"": 0.0557}, {""feature"": ""recent_hr_per_pa"", ""value"": 0.0613}, {""feature"": ""pitcher_hr_factor"", ""value"": 1.107}, {""feature"": ""venue_factor"", ""value"": 0.809}, {""feature"": ""expected_pa"", ""value"": 4.43}]",26
MLB_823045,823045,2026-06-16,2026-06-16T23:45:00+00:00,592518,Manny Machado,SD,STL,Busch Stadium,3,projected,Andre Pallante,0.15768856380587587,0.13267184014303635,0.72,mlb-hr-v1,2026-06-16T20:59:46.976378+00:00,[],"[{""feature"": ""batter_hr_per_pa"", ""value"": 0.0454}, {""feature"": ""recent_hr_per_pa"", ""value"": 0.056}, {""feature"": ""pitcher_hr_factor"", ""value"": 0.944}, {""feature"": ""venue_factor"", ""value"": 0.75}, {""feature"": ""expected_pa"", ""value"": 4.54}]",27
MLB_823045,823045,2026-06-16,2026-06-16T23:45:00+00:00,676475,Alec Burleson,STL,SD,Busch Stadium,3,projected,Michael King,0.15737193189854987,0.13267184014303635,0.72,mlb-hr-v1,2026-06-16T20:59:46.810359+00:00,[],"[{""feature"": ""batter_hr_per_pa"", ""value"": 0.047}, {""feature"": ""recent_hr_per_pa"", ""value"": 0.064}, {""feature"": ""pitcher_hr_factor"", ""value"": 1.147}, {""feature"": ""venue_factor"", ""value"": 0.75}, {""feature"": ""expected_pa"", ""value"": 4.54}]",28
MLB_822888,822888,2026-06-16,2026-06-17T00:05:00+00:00,592626,Joc Pederson,TEX,MIN,Globe Life Field,1,projected,Zebby Matthews,0.15700227155632906,0.1383634938436833,0.72,mlb-hr-v1,2026-06-16T20:59:47.123913+00:00,[],"[{""feature"": ""batter_hr_per_pa"", ""value"": 0.0505}, {""feature"": ""recent_hr_per_pa"", ""value"": 0.0643}, {""feature"": ""pitcher_hr_factor"", ""value"": 1.35}, {""feature"": ""venue_factor"", ""value"": 1.101}, {""feature"": ""expected_pa"", ""value"": 4.75}]",29
MLB_823128,823128,2026-06-16,2026-06-17T01:40:00+00:00,677594,Julio Rodríguez,SEA,BAL,T-Mobile Park,2,projected,Brandon Young,0.15700001934847585,0.13552235115640987,0.72,mlb-hr-v1,2026-06-16T20:59:48.068401+00:00,[],"[{""feature"": ""batter_hr_per_pa"", ""value"": 0.0473}, {""feature"": ""recent_hr_per_pa"", ""value"": 0.0441}, {""feature"": ""pitcher_hr_factor"", ""value"": 0.72}, {""feature"": ""venue_factor"", ""value"": 1.096}, {""feature"": ""expected_pa"", ""value"": 4.64}]",30
MLB_822888,822888,2026-06-16,2026-06-17T00:05:00+00:00,665019,Kody Clemens,MIN,TEX,Globe Life Field,3,projected,Kumar Rocker,0.15337821899034704,0.13267184014303635,0.72,mlb-hr-v1,2026-06-16T20:59:47.326318+00:00,[],"[{""feature"": ""batter_hr_per_pa"", ""value"": 0.0434}, {""feature"": ""recent_hr_per_pa"", ""value"": 0.0551}, {""feature"": ""pitcher_hr_factor"", ""value"": 0.824}, {""feature"": ""venue_factor"", ""value"": 1.101}, {""feature"": ""expected_pa"", ""value"": 4.54}]",31
MLB_824991,824991,2026-06-16,2026-06-17T01:40:00+00:00,687462,Spencer Horwitz,PIT,ATH,Sutter Health Park,1,projected,Jack Perkins,0.1517363912558874,0.1383634938436833,0.72,mlb-hr-v1,2026-06-16T20:59:48.534082+00:00,[],"[{""feature"": ""batter_hr_per_pa"", ""value"": 0.0369}, {""feature"": ""recent_hr_per_pa"", ""value"": 0.0512}, {""feature"": ""pitcher_hr_factor"", ""value"": 1.134}, {""feature"": ""venue_factor"", ""value"": 1.25}, {""feature"": ""expected_pa"", ""value"": 4.75}]",32
MLB_825070,825070,2026-06-16,2026-06-17T01:40:00+00:00,682998,Corbin Carroll,AZ,LAA,Chase Field,2,projected,Reid Detmers,0.1510702409914575,0.13552235115640987,0.72,mlb-hr-v1,2026-06-16T20:59:48.720650+00:00,[],"[{""feature"": ""batter_hr_per_pa"", ""value"": 0.0432}, {""feature"": ""recent_hr_per_pa"", ""value"": 0.0434}, {""feature"": ""pitcher_hr_factor"", ""value"": 0.743}, {""feature"": ""venue_factor"", ""value"": 0.808}, {""feature"": ""expected_pa"", ""value"": 4.64}]",33
MLB_822888,822888,2026-06-16,2026-06-17T00:05:00+00:00,686797,Brooks Lee,MIN,TEX,Globe Life Field,2,projected,Kumar Rocker,0.15076127734452724,0.13552235115640987,0.72,mlb-hr-v1,2026-06-16T20:59:47.300541+00:00,[],"[{""feature"": ""batter_hr_per_pa"", ""value"": 0.0361}, {""feature"": ""recent_hr_per_pa"", ""value"": 0.056}, {""feature"": ""pitcher_hr_factor"", ""value"": 0.824}, {""feature"": ""venue_factor"", ""value"": 1.101}, {""feature"": ""expected_pa"", ""value"": 4.64}]",34
MLB_823535,823535,2026-06-16,2026-06-16T23:05:00+00:00,502671,Paul Goldschmidt,NYY,CWS,Yankee Stadium,4,projected,Davis Martin,0.14987017343292144,0.12981192991263468,0.72,mlb-hr-v1,2026-06-16T20:59:45.446113+00:00,[],"[{""feature"": ""batter_hr_per_pa"", ""value"": 0.0528}, {""feature"": ""recent_hr_per_pa"", ""value"": 0.0407}, {""feature"": ""pitcher_hr_factor"", ""value"": 0.72}, {""feature"": ""venue_factor"", ""value"": 0.987}, {""feature"": ""expected_pa"", ""value"": 4.43}]",35
MLB_824667,824667,2026-06-16,2026-06-17T00:05:00+00:00,664023,Ian Happ,CHC,COL,Wrigley Field,5,projected,Ryan Feltner,0.149668167801473,0.1269425894724181,0.72,mlb-hr-v1,2026-06-16T20:59:47.504589+00:00,[],"[{""feature"": ""batter_hr_per_pa"", ""value"": 0.0499}, {""feature"": ""recent_hr_per_pa"", ""value"": 0.057}, {""feature"": ""pitcher_hr_factor"", ""value"": 0.723}, {""feature"": ""venue_factor"", ""value"": 1.176}, {""feature"": ""expected_pa"", ""value"": 4.33}]",36
MLB_824912,824912,2026-06-16,2026-06-16T23:15:00+00:00,642715,Willy Adames,SF,ATL,Truist Park,4,projected,Grant Holmes,0.149243966248296,0.12981192991263468,0.72,mlb-hr-v1,2026-06-16T20:59:46.337172+00:00,[],"[{""feature"": ""batter_hr_per_pa"", ""value"": 0.045}, {""feature"": ""recent_hr_per_pa"", ""value"": 0.0635}, {""feature"": ""pitcher_hr_factor"", ""value"": 1.35}, {""feature"": ""venue_factor"", ""value"": 0.808}, {""feature"": ""expected_pa"", ""value"": 4.43}]",37
MLB_822723,822723,2026-06-16,2026-06-16T22:45:00+00:00,678554,Curtis Mead,WSH,KC,Nationals Park,3,projected,Michael Wacha,0.1480876796040986,0.13267184014303635,0.72,mlb-hr-v1,2026-06-16T20:59:44.776391+00:00,[],"[{""feature"": ""batter_hr_per_pa"", ""value"": 0.0434}, {""feature"": ""recent_hr_per_pa"", ""value"": 0.0613}, {""feature"": ""pitcher_hr_factor"", ""value"": 0.946}, {""feature"": ""venue_factor"", ""value"": 1.119}, {""feature"": ""expected_pa"", ""value"": 4.54}]",38
MLB_824912,824912,2026-06-16,2026-06-16T23:15:00+00:00,671739,Michael Harris II,ATL,SF,Truist Park,2,projected,Adrian Houser,0.14625775981792913,0.13552235115640987,0.72,mlb-hr-v1,2026-06-16T20:59:46.123570+00:00,[],"[{""feature"": ""batter_hr_per_pa"", ""value"": 0.0439}, {""feature"": ""recent_hr_per_pa"", ""value"": 0.057}, {""feature"": ""pitcher_hr_factor"", ""value"": 1.045}, {""feature"": ""venue_factor"", ""value"": 0.808}, {""feature"": ""expected_pa"", ""value"": 4.64}]",39
MLB_823939,823939,2026-06-16,2026-06-17T02:10:00+00:00,650490,Yandy Díaz,TB,LAD,UNIQLO Field at Dodger Stadium,1,projected,Justin Wrobleski,0.14485029298628518,0.1383634938436833,0.72,mlb-hr-v1,2026-06-16T20:59:49.185981+00:00,[],"[{""feature"": ""batter_hr_per_pa"", ""value"": 0.0423}, {""feature"": ""recent_hr_per_pa"", ""value"": 0.0483}, {""feature"": ""pitcher_hr_factor"", ""value"": 1.083}, {""feature"": ""venue_factor"", ""value"": 1.25}, {""feature"": ""expected_pa"", ""value"": 4.75}]",40
MLB_823775,823775,2026-06-16,2026-06-16T23:40:00+00:00,641343,Jake Bauers,MIL,CLE,American Family Field,5,projected,Slade Cecconi,0.14242312562274162,0.1269425894724181,0.72,mlb-hr-v1,2026-06-16T20:59:46.512646+00:00,[],"[{""feature"": ""batter_hr_per_pa"", ""value"": 0.0554}, {""feature"": ""recent_hr_per_pa"", ""value"": 0.0618}, {""feature"": ""pitcher_hr_factor"", ""value"": 0.786}, {""feature"": ""venue_factor"", ""value"": 0.75}, {""feature"": ""expected_pa"", ""value"": 4.33}]",41
MLB_823128,823128,2026-06-16,2026-06-17T01:40:00+00:00,670042,Luke Raley,SEA,BAL,T-Mobile Park,5,projected,Brandon Young,0.14178735886383242,0.1269425894724181,0.72,mlb-hr-v1,2026-06-16T20:59:48.109738+00:00,[],"[{""feature"": ""batter_hr_per_pa"", ""value"": 0.0663}, {""feature"": ""recent_hr_per_pa"", ""value"": 0.048}, {""feature"": ""pitcher_hr_factor"", ""value"": 0.72}, {""feature"": ""venue_factor"", ""value"": 1.096}, {""feature"": ""expected_pa"", ""value"": 4.33}]",42
MLB_825070,825070,2026-06-16,2026-06-17T01:40:00+00:00,687263,Zach Neto,LAA,AZ,Chase Field,1,projected,Merrill Kelly,0.14124866613339576,0.1383634938436833,0.72,mlb-hr-v1,2026-06-16T20:59:48.846166+00:00,[],"[{""feature"": ""batter_hr_per_pa"", ""value"": 0.045}, {""feature"": ""recent_hr_per_pa"", ""value"": 0.0467}, {""feature"": ""pitcher_hr_factor"", ""value"": 1.202}, {""feature"": ""venue_factor"", ""value"": 0.808}, {""feature"": ""expected_pa"", ""value"": 4.75}]",43
MLB_824504,824504,2026-06-16,2026-06-16T23:10:00+00:00,553993,Eugenio Suárez,CIN,NYM,Great American Ball Park,5,projected,Kodai Senga,0.14064550200471826,0.1269425894724181,0.64,mlb-hr-v1,2026-06-16T20:59:45.822239+00:00,"[""low_pitcher_history""]","[{""feature"": ""batter_hr_per_pa"", ""value"": 0.0462}, {""feature"": ""recent_hr_per_pa"", ""value"": 0.049}, {""feature"": ""pitcher_hr_factor"", ""value"": 1.0}, {""feature"": ""venue_factor"", ""value"": 1.25}, {""feature"": ""expected_pa"", ""value"": 4.33}]",44
MLB_823451,823451,2026-06-16,2026-06-16T22:40:00+00:00,547180,Bryce Harper,PHI,MIA,Citizens Bank Park,3,projected,Tyler Phillips,0.14037471587082662,0.13267184014303635,0.72,mlb-hr-v1,2026-06-16T20:59:44.428771+00:00,[],"[{""feature"": ""batter_hr_per_pa"", ""value"": 0.0512}, {""feature"": ""recent_hr_per_pa"", ""value"": 0.0307}, {""feature"": ""pitcher_hr_factor"", ""value"": 0.72}, {""feature"": ""venue_factor"", ""value"": 1.155}, {""feature"": ""expected_pa"", ""value"": 4.54}]",45
MLB_824504,824504,2026-06-16,2026-06-16T23:10:00+00:00,666182,Bo Bichette,NYM,CIN,Great American Ball Park,2,projected,Brady Singer,0.14006559200614793,0.13552235115640987,0.72,mlb-hr-v1,2026-06-16T20:59:45.926708+00:00,[],"[{""feature"": ""batter_hr_per_pa"", ""value"": 0.0345}, {""feature"": ""recent_hr_per_pa"", ""value"": 0.0452}, {""feature"": ""pitcher_hr_factor"", ""value"": 1.35}, {""feature"": ""venue_factor"", ""value"": 1.25}, {""feature"": ""expected_pa"", ""value"": 4.64}]",46
MLB_823535,823535,2026-06-16,2026-06-16T23:05:00+00:00,700250,Ben Rice,NYY,CWS,Yankee Stadium,2,projected,Davis Martin,0.1396934768928269,0.13552235115640987,0.72,mlb-hr-v1,2026-06-16T20:59:45.405198+00:00,[],"[{""feature"": ""batter_hr_per_pa"", ""value"": 0.0486}, {""feature"": ""recent_hr_per_pa"", ""value"": 0.0389}, {""feature"": ""pitcher_hr_factor"", ""value"": 0.72}, {""feature"": ""venue_factor"", ""value"": 0.987}, {""feature"": ""expected_pa"", ""value"": 4.64}]",47
MLB_822723,822723,2026-06-16,2026-06-16T22:45:00+00:00,686611,Dylan Crews,WSH,KC,Nationals Park,5,projected,Michael Wacha,0.1385571488195652,0.1269425894724181,0.72,mlb-hr-v1,2026-06-16T20:59:44.806665+00:00,[],"[{""feature"": ""batter_hr_per_pa"", ""value"": 0.04}, {""feature"": ""recent_hr_per_pa"", ""value"": 0.0414}, {""feature"": ""pitcher_hr_factor"", ""value"": 0.946}, {""feature"": ""venue_factor"", ""value"": 1.119}, {""feature"": ""expected_pa"", ""value"": 4.33}]",48
MLB_823535,823535,2026-06-16,2026-06-16T23:05:00+00:00,545341,Randal Grichuk,CWS,NYY,Yankee Stadium,5,projected,Gerrit Cole,0.13804858207813558,0.1269425894724181,0.72,mlb-hr-v1,2026-06-16T20:59:45.623896+00:00,[],"[{""feature"": ""batter_hr_per_pa"", ""value"": 0.0738}, {""feature"": ""recent_hr_per_pa"", ""value"": 0.0624}, {""feature"": ""pitcher_hr_factor"", ""value"": 1.061}, {""feature"": ""venue_factor"", ""value"": 0.987}, {""feature"": ""expected_pa"", ""value"": 4.33}]",49
MLB_824182,824182,2026-06-16,2026-06-17T00:10:00+00:00,670623,Isaac Paredes,HOU,DET,Daikin Park,4,projected,Framber Valdez,0.13761209849038447,0.12981192991263468,0.72,mlb-hr-v1,2026-06-16T20:59:47.807949+00:00,[],"[{""feature"": ""batter_hr_per_pa"", ""value"": 0.0408}, {""feature"": ""recent_hr_per_pa"", ""value"": 0.0551}, {""feature"": ""pitcher_hr_factor"", ""value"": 1.282}, {""feature"": ""venue_factor"", ""value"": 1.159}, {""feature"": ""expected_pa"", ""value"": 4.43}]",50
MLB_822723,822723,2026-06-16,2026-06-16T22:45:00+00:00,682928,CJ Abrams,WSH,KC,Nationals Park,4,projected,Michael Wacha,0.13686030695627438,0.12981192991263468,0.72,mlb-hr-v1,2026-06-16T20:59:44.790717+00:00,[],"[{""feature"": ""batter_hr_per_pa"", ""value"": 0.0347}, {""feature"": ""recent_hr_per_pa"", ""value"": 0.0467}, {""feature"": ""pitcher_hr_factor"", ""value"": 0.946}, {""feature"": ""venue_factor"", ""value"": 1.119}, {""feature"": ""expected_pa"", ""value"": 4.43}]",51
MLB_825070,825070,2026-06-16,2026-06-17T01:40:00+00:00,606466,Ketel Marte,AZ,LAA,Chase Field,1,projected,Reid Detmers,0.13382639861736292,0.1383634938436833,0.72,mlb-hr-v1,2026-06-16T20:59:48.706227+00:00,[],"[{""feature"": ""batter_hr_per_pa"", ""value"": 0.034}, {""feature"": ""recent_hr_per_pa"", ""value"": 0.0493}, {""feature"": ""pitcher_hr_factor"", ""value"": 0.743}, {""feature"": ""venue_factor"", ""value"": 0.808}, {""feature"": ""expected_pa"", ""value"": 4.75}]",52
MLB_823451,823451,2026-06-16,2026-06-16T22:40:00+00:00,664761,Alec Bohm,PHI,MIA,Citizens Bank Park,4,projected,Tyler Phillips,0.13347906884599178,0.12981192991263468,0.72,mlb-hr-v1,2026-06-16T20:59:44.443453+00:00,[],"[{""feature"": ""batter_hr_per_pa"", ""value"": 0.0442}, {""feature"": ""recent_hr_per_pa"", ""value"": 0.041}, {""feature"": ""pitcher_hr_factor"", ""value"": 0.72}, {""feature"": ""venue_factor"", ""value"": 1.155}, {""feature"": ""expected_pa"", ""value"": 4.43}]",53
MLB_823535,823535,2026-06-16,2026-06-16T23:05:00+00:00,695657,Colson Montgomery,CWS,NYY,Yankee Stadium,4,projected,Gerrit Cole,0.13319795678070562,0.12981192991263468,0.72,mlb-hr-v1,2026-06-16T20:59:45.609602+00:00,[],"[{""feature"": ""batter_hr_per_pa"", ""value"": 0.0491}, {""feature"": ""recent_hr_per_pa"", ""value"": 0.0422}, {""feature"": ""pitcher_hr_factor"", ""value"": 1.061}, {""feature"": ""venue_factor"", ""value"": 0.987}, {""feature"": ""expected_pa"", ""value"": 4.43}]",54
MLB_823045,823045,2026-06-16,2026-06-16T23:45:00+00:00,691023,Jordan Walker,STL,SD,Busch Stadium,4,projected,Michael King,0.1329948711226776,0.12981192991263468,0.72,mlb-hr-v1,2026-06-16T20:59:46.824326+00:00,[],"[{""feature"": ""batter_hr_per_pa"", ""value"": 0.047}, {""feature"": ""recent_hr_per_pa"", ""value"": 0.0393}, {""feature"": ""pitcher_hr_factor"", ""value"": 1.147}, {""feature"": ""venue_factor"", ""value"": 0.75}, {""feature"": ""expected_pa"", ""value"": 4.43}]",55
MLB_825070,825070,2026-06-16,2026-06-17T01:40:00+00:00,672515,Gabriel Moreno,AZ,LAA,Chase Field,4,projected,Reid Detmers,0.13260230149105373,0.12981192991263468,0.72,mlb-hr-v1,2026-06-16T20:59:48.749966+00:00,[],"[{""feature"": ""batter_hr_per_pa"", ""value"": 0.0409}, {""feature"": ""recent_hr_per_pa"", ""value"": 0.0418}, {""feature"": ""pitcher_hr_factor"", ""value"": 0.743}, {""feature"": ""venue_factor"", ""value"": 0.808}, {""feature"": ""expected_pa"", ""value"": 4.43}]",56
MLB_824504,824504,2026-06-16,2026-06-16T23:10:00+00:00,543760,Marcus Semien,NYM,CIN,Great American Ball Park,5,projected,Brady Singer,0.13201005986925682,0.1269425894724181,0.72,mlb-hr-v1,2026-06-16T20:59:45.994822+00:00,[],"[{""feature"": ""batter_hr_per_pa"", ""value"": 0.0475}, {""feature"": ""recent_hr_per_pa"", ""value"": 0.057}, {""feature"": ""pitcher_hr_factor"", ""value"": 1.35}, {""feature"": ""venue_factor"", ""value"": 1.25}, {""feature"": ""expected_pa"", ""value"": 4.33}]",57
MLB_824750,824750,2026-06-16,2026-06-16T22:45:00+00:00,672960,Kazuma Okamoto,TOR,BOS,Fenway Park,5,projected,Payton Tolle,0.13184502170106588,0.1269425894724181,0.72,mlb-hr-v1,2026-06-16T20:59:45.306709+00:00,[],"[{""feature"": ""batter_hr_per_pa"", ""value"": 0.0468}, {""feature"": ""recent_hr_per_pa"", ""value"": 0.0479}, {""feature"": ""pitcher_hr_factor"", ""value"": 0.72}, {""feature"": ""venue_factor"", ""value"": 0.809}, {""feature"": ""expected_pa"", ""value"": 4.33}]",58
MLB_822888,822888,2026-06-16,2026-06-17T00:05:00+00:00,669394,Jake Burger,TEX,MIN,Globe Life Field,4,projected,Zebby Matthews,0.1288888407643406,0.12981192991263468,0.72,mlb-hr-v1,2026-06-16T20:59:47.178024+00:00,[],"[{""feature"": ""batter_hr_per_pa"", ""value"": 0.0437}, {""feature"": ""recent_hr_per_pa"", ""value"": 0.0389}, {""feature"": ""pitcher_hr_factor"", ""value"": 1.35}, {""feature"": ""venue_factor"", ""value"": 1.101}, {""feature"": ""expected_pa"", ""value"": 4.43}]",59
MLB_824912,824912,2026-06-16,2026-06-16T23:15:00+00:00,660670,Ronald Acuña Jr.,ATL,SF,Truist Park,1,projected,Adrian Houser,0.12878392856391838,0.1383634938436833,0.72,mlb-hr-v1,2026-06-16T20:59:46.099340+00:00,[],"[{""feature"": ""batter_hr_per_pa"", ""value"": 0.0503}, {""feature"": ""recent_hr_per_pa"", ""value"": 0.0545}, {""feature"": ""pitcher_hr_factor"", ""value"": 1.045}, {""feature"": ""venue_factor"", ""value"": 0.808}, {""feature"": ""expected_pa"", ""value"": 4.75}]",60
MLB_823451,823451,2026-06-16,2026-06-16T22:40:00+00:00,689414,Liam Hicks,MIA,PHI,Citizens Bank Park,3,projected,Jesús Luzardo,0.12734762509713335,0.13267184014303635,0.72,mlb-hr-v1,2026-06-16T20:59:44.593522+00:00,[],"[{""feature"": ""batter_hr_per_pa"", ""value"": 0.0354}, {""feature"": ""recent_hr_per_pa"", ""value"": 0.0376}, {""feature"": ""pitcher_hr_factor"", ""value"": 0.877}, {""feature"": ""venue_factor"", ""value"": 1.155}, {""feature"": ""expected_pa"", ""value"": 4.54}]",61
MLB_824912,824912,2026-06-16,2026-06-16T23:15:00+00:00,646240,Rafael Devers,SF,ATL,Truist Park,3,projected,Grant Holmes,0.12722470867309238,0.13267184014303635,0.72,mlb-hr-v1,2026-06-16T20:59:46.322076+00:00,[],"[{""feature"": ""batter_hr_per_pa"", ""value"": 0.0385}, {""feature"": ""recent_hr_per_pa"", ""value"": 0.0359}, {""feature"": ""pitcher_hr_factor"", ""value"": 1.35}, {""feature"": ""venue_factor"", ""value"": 0.808}, {""feature"": ""expected_pa"", ""value"": 4.54}]",62
MLB_824504,824504,2026-06-16,2026-06-16T23:10:00+00:00,701807,Carson Benge,NYM,CIN,Great American Ball Park,1,projected,Brady Singer,0.12541311497505336,0.1383634938436833,0.72,mlb-hr-v1,2026-06-16T20:59:45.912959+00:00,[],"[{""feature"": ""batter_hr_per_pa"", ""value"": 0.0297}, {""feature"": ""recent_hr_per_pa"", ""value"": 0.0356}, {""feature"": ""pitcher_hr_factor"", ""value"": 1.35}, {""feature"": ""venue_factor"", ""value"": 1.25}, {""feature"": ""expected_pa"", ""value"": 4.75}]",63
MLB_824667,824667,2026-06-16,2026-06-17T00:05:00+00:00,681198,TJ Rumfield,COL,CHC,Wrigley Field,3,projected,Edward Cabrera,0.12531014783331434,0.13267184014303635,0.72,mlb-hr-v1,2026-06-16T20:59:47.629878+00:00,[],"[{""feature"": ""batter_hr_per_pa"", ""value"": 0.0391}, {""feature"": ""recent_hr_per_pa"", ""value"": 0.0332}, {""feature"": ""pitcher_hr_factor"", ""value"": 1.35}, {""feature"": ""venue_factor"", ""value"": 1.176}, {""feature"": ""expected_pa"", ""value"": 4.54}]",64
MLB_824991,824991,2026-06-16,2026-06-17T01:40:00+00:00,656811,Ryan O'Hearn,PIT,ATH,Sutter Health Park,5,projected,Jack Perkins,0.12505331070786946,0.1269425894724181,0.72,mlb-hr-v1,2026-06-16T20:59:48.603082+00:00,[],"[{""feature"": ""batter_hr_per_pa"", ""value"": 0.0441}, {""feature"": ""recent_hr_per_pa"", ""value"": 0.0501}, {""feature"": ""pitcher_hr_factor"", ""value"": 1.134}, {""feature"": ""venue_factor"", ""value"": 1.25}, {""feature"": ""expected_pa"", ""value"": 4.33}]",65
MLB_824991,824991,2026-06-16,2026-06-17T01:40:00+00:00,667670,Brent Rooker,ATH,PIT,Sutter Health Park,5,projected,Mitch Keller,0.12471604007673488,0.1269425894724181,0.72,mlb-hr-v1,2026-06-16T20:59:48.452704+00:00,[],"[{""feature"": ""batter_hr_per_pa"", ""value"": 0.0475}, {""feature"": ""recent_hr_per_pa"", ""value"": 0.0512}, {""feature"": ""pitcher_hr_factor"", ""value"": 0.981}, {""feature"": ""venue_factor"", ""value"": 1.25}, {""feature"": ""expected_pa"", ""value"": 4.33}]",66
MLB_824504,824504,2026-06-16,2026-06-16T23:10:00+00:00,668715,Spencer Steer,CIN,NYM,Great American Ball Park,4,projected,Kodai Senga,0.12367284444086625,0.12981192991263468,0.64,mlb-hr-v1,2026-06-16T20:59:45.808262+00:00,"[""low_pitcher_history""]","[{""feature"": ""batter_hr_per_pa"", ""value"": 0.032}, {""feature"": ""recent_hr_per_pa"", ""value"": 0.0342}, {""feature"": ""pitcher_hr_factor"", ""value"": 1.0}, {""feature"": ""venue_factor"", ""value"": 1.25}, {""feature"": ""expected_pa"", ""value"": 4.43}]",67
MLB_823045,823045,2026-06-16,2026-06-16T23:45:00+00:00,671056,Iván Herrera,STL,SD,Busch Stadium,2,projected,Michael King,0.12265861180813299,0.13552235115640987,0.72,mlb-hr-v1,2026-06-16T20:59:46.795680+00:00,[],"[{""feature"": ""batter_hr_per_pa"", ""value"": 0.0304}, {""feature"": ""recent_hr_per_pa"", ""value"": 0.0459}, {""feature"": ""pitcher_hr_factor"", ""value"": 1.147}, {""feature"": ""venue_factor"", ""value"": 0.75}, {""feature"": ""expected_pa"", ""value"": 4.64}]",68
MLB_824991,824991,2026-06-16,2026-06-17T01:40:00+00:00,682848,Endy Rodríguez,PIT,ATH,Sutter Health Park,7,projected,Jack Perkins,0.1223653728419566,0.12117549348007961,0.72,mlb-hr-v1,2026-06-16T20:59:48.643013+00:00,[],"[{""feature"": ""batter_hr_per_pa"", ""value"": 0.0381}, {""feature"": ""recent_hr_per_pa"", ""value"": 0.0439}, {""feature"": ""pitcher_hr_factor"", ""value"": 1.134}, {""feature"": ""venue_factor"", ""value"": 1.25}, {""feature"": ""expected_pa"", ""value"": 4.12}]",69
MLB_825070,825070,2026-06-16,2026-06-17T01:40:00+00:00,545361,Mike Trout,LAA,AZ,Chase Field,2,projected,Merrill Kelly,0.12230414910075155,0.13552235115640987,0.72,mlb-hr-v1,2026-06-16T20:59:48.872863+00:00,[],"[{""feature"": ""batter_hr_per_pa"", ""value"": 0.0332}, {""feature"": ""recent_hr_per_pa"", ""value"": 0.0418}, {""feature"": ""pitcher_hr_factor"", ""value"": 1.202}, {""feature"": ""venue_factor"", ""value"": 0.808}, {""feature"": ""expected_pa"", ""value"": 4.64}]",70
MLB_823535,823535,2026-06-16,2026-06-16T23:05:00+00:00,643217,Andrew Benintendi,CWS,NYY,Yankee Stadium,3,projected,Gerrit Cole,0.11980423572684686,0.13267184014303635,0.72,mlb-hr-v1,2026-06-16T20:59:45.595226+00:00,[],"[{""feature"": ""batter_hr_per_pa"", ""value"": 0.0385}, {""feature"": ""recent_hr_per_pa"", ""value"": 0.0485}, {""feature"": ""pitcher_hr_factor"", ""value"": 1.061}, {""feature"": ""venue_factor"", ""value"": 0.987}, {""feature"": ""expected_pa"", ""value"": 4.54}]",71
MLB_824182,824182,2026-06-16,2026-06-17T00:10:00+00:00,679529,Spencer Torkelson,DET,HOU,Daikin Park,6,projected,Hunter Brown,0.11947980731383874,0.12406378772740434,0.64,mlb-hr-v1,2026-06-16T20:59:47.985191+00:00,"[""low_pitcher_history""]","[{""feature"": ""batter_hr_per_pa"", ""value"": 0.0444}, {""feature"": ""recent_hr_per_pa"", ""value"": 0.063}, {""feature"": ""pitcher_hr_factor"", ""value"": 1.0}, {""feature"": ""venue_factor"", ""value"": 1.159}, {""feature"": ""expected_pa"", ""value"": 4.22}]",72
MLB_823775,823775,2026-06-16,2026-06-16T23:40:00+00:00,668930,Brice Turang,MIL,CLE,American Family Field,3,projected,Slade Cecconi,0.11935697202561844,0.13267184014303635,0.72,mlb-hr-v1,2026-06-16T20:59:46.461522+00:00,[],"[{""feature"": ""batter_hr_per_pa"", ""value"": 0.0359}, {""feature"": ""recent_hr_per_pa"", ""value"": 0.0376}, {""feature"": ""pitcher_hr_factor"", ""value"": 0.786}, {""feature"": ""venue_factor"", ""value"": 0.75}, {""feature"": ""expected_pa"", ""value"": 4.54}]",73
MLB_823775,823775,2026-06-16,2026-06-16T23:40:00+00:00,700932,Kyle Manzardo,CLE,MIL,American Family Field,4,projected,Robert Gasser,0.11928784855304632,0.12981192991263468,0.72,mlb-hr-v1,2026-06-16T20:59:46.636700+00:00,[],"[{""feature"": ""batter_hr_per_pa"", ""value"": 0.0482}, {""feature"": ""recent_hr_per_pa"", ""value"": 0.0413}, {""feature"": ""pitcher_hr_factor"", ""value"": 1.35}, {""feature"": ""venue_factor"", ""value"": 0.75}, {""feature"": ""expected_pa"", ""value"": 4.43}]",74
MLB_824750,824750,2026-06-16,2026-06-16T22:45:00+00:00,676391,Ernie Clement,TOR,BOS,Fenway Park,4,projected,Payton Tolle,0.11802417928866568,0.12981192991263468,0.72,mlb-hr-v1,2026-06-16T20:59:45.292252+00:00,[],"[{""feature"": ""batter_hr_per_pa"", ""value"": 0.0369}, {""feature"": ""recent_hr_per_pa"", ""value"": 0.0389}, {""feature"": ""pitcher_hr_factor"", ""value"": 0.72}, {""feature"": ""venue_factor"", ""value"": 0.809}, {""feature"": ""expected_pa"", ""value"": 4.43}]",75
MLB_823128,823128,2026-06-16,2026-06-17T01:40:00+00:00,683002,Gunnar Henderson,BAL,SEA,T-Mobile Park,2,projected,Logan Gilbert,0.11750336720061005,0.13552235115640987,0.72,mlb-hr-v1,2026-06-16T20:59:48.238615+00:00,[],"[{""feature"": ""batter_hr_per_pa"", ""value"": 0.0287}, {""feature"": ""recent_hr_per_pa"", ""value"": 0.0356}, {""feature"": ""pitcher_hr_factor"", ""value"": 1.35}, {""feature"": ""venue_factor"", ""value"": 1.096}, {""feature"": ""expected_pa"", ""value"": 4.64}]",76
MLB_824182,824182,2026-06-16,2026-06-17T00:10:00+00:00,690993,Colt Keith,DET,HOU,Daikin Park,7,projected,Hunter Brown,0.11720692873747988,0.12117549348007961,0.64,mlb-hr-v1,2026-06-16T20:59:47.999364+00:00,"[""low_pitcher_history""]","[{""feature"": ""batter_hr_per_pa"", ""value"": 0.0348}, {""feature"": ""recent_hr_per_pa"", ""value"": 0.0542}, {""feature"": ""pitcher_hr_factor"", ""value"": 1.0}, {""feature"": ""venue_factor"", ""value"": 1.159}, {""feature"": ""expected_pa"", ""value"": 4.12}]",77
MLB_822723,822723,2026-06-16,2026-06-16T22:45:00+00:00,677951,Bobby Witt Jr.,KC,WSH,Nationals Park,2,projected,Foster Griffin,0.11710341732002866,0.13552235115640987,0.72,mlb-hr-v1,2026-06-16T20:59:44.925978+00:00,[],"[{""feature"": ""batter_hr_per_pa"", ""value"": 0.0374}, {""feature"": ""recent_hr_per_pa"", ""value"": 0.0198}, {""feature"": ""pitcher_hr_factor"", ""value"": 1.35}, {""feature"": ""venue_factor"", ""value"": 1.119}, {""feature"": ""expected_pa"", ""value"": 4.64}]",78
MLB_824991,824991,2026-06-16,2026-06-17T01:40:00+00:00,668804,Bryan Reynolds,PIT,ATH,Sutter Health Park,3,projected,Jack Perkins,0.1169452748953703,0.13267184014303635,0.72,mlb-hr-v1,2026-06-16T20:59:48.574046+00:00,[],"[{""feature"": ""batter_hr_per_pa"", ""value"": 0.025}, {""feature"": ""recent_hr_per_pa"", ""value"": 0.035}, {""feature"": ""pitcher_hr_factor"", ""value"": 1.134}, {""feature"": ""venue_factor"", ""value"": 1.25}, {""feature"": ""expected_pa"", ""value"": 4.54}]",79
MLB_823939,823939,2026-06-16,2026-06-17T02:10:00+00:00,571970,Max Muncy,LAD,TB,UNIQLO Field at Dodger Stadium,6,projected,Drew Rasmussen,0.11590202762120588,0.12406378772740434,0.72,mlb-hr-v1,2026-06-16T20:59:49.118185+00:00,[],"[{""feature"": ""batter_hr_per_pa"", ""value"": 0.0473}, {""feature"": ""recent_hr_per_pa"", ""value"": 0.048}, {""feature"": ""pitcher_hr_factor"", ""value"": 0.72}, {""feature"": ""venue_factor"", ""value"": 1.25}, {""feature"": ""expected_pa"", ""value"": 4.22}]",80
MLB_823939,823939,2026-06-16,2026-06-17T02:10:00+00:00,605141,Mookie Betts,LAD,TB,UNIQLO Field at Dodger Stadium,4,projected,Drew Rasmussen,0.11511224681652775,0.12981192991263468,0.72,mlb-hr-v1,2026-06-16T20:59:49.089831+00:00,[],"[{""feature"": ""batter_hr_per_pa"", ""value"": 0.0362}, {""feature"": ""recent_hr_per_pa"", ""value"": 0.0287}, {""feature"": ""pitcher_hr_factor"", ""value"": 0.72}, {""feature"": ""venue_factor"", ""value"": 1.25}, {""feature"": ""expected_pa"", ""value"": 4.43}]",81
MLB_823939,823939,2026-06-16,2026-06-17T02:10:00+00:00,691406,Junior Caminero,TB,LAD,UNIQLO Field at Dodger Stadium,3,projected,Justin Wrobleski,0.11336349789620269,0.13267184014303635,0.72,mlb-hr-v1,2026-06-16T20:59:49.236899+00:00,[],"[{""feature"": ""batter_hr_per_pa"", ""value"": 0.0345}, {""feature"": ""recent_hr_per_pa"", ""value"": 0.0213}, {""feature"": ""pitcher_hr_factor"", ""value"": 1.083}, {""feature"": ""venue_factor"", ""value"": 1.25}, {""feature"": ""expected_pa"", ""value"": 4.54}]",82
MLB_824504,824504,2026-06-16,2026-06-16T23:10:00+00:00,668901,Mark Vientos,NYM,CIN,Great American Ball Park,4,projected,Brady Singer,0.11334943005579881,0.12981192991263468,0.72,mlb-hr-v1,2026-06-16T20:59:45.979736+00:00,[],"[{""feature"": ""batter_hr_per_pa"", ""value"": 0.0385}, {""feature"": ""recent_hr_per_pa"", ""value"": 0.0192}, {""feature"": ""pitcher_hr_factor"", ""value"": 1.35}, {""feature"": ""venue_factor"", ""value"": 1.25}, {""feature"": ""expected_pa"", ""value"": 4.43}]",83
MLB_824182,824182,2026-06-16,2026-06-17T00:10:00+00:00,665161,Jeremy Peña,HOU,DET,Daikin Park,1,projected,Framber Valdez,0.11303068640452243,0.1383634938436833,0.72,mlb-hr-v1,2026-06-16T20:59:47.752880+00:00,[],"[{""feature"": ""batter_hr_per_pa"", ""value"": 0.0285}, {""feature"": ""recent_hr_per_pa"", ""value"": 0.0294}, {""feature"": ""pitcher_hr_factor"", ""value"": 1.282}, {""feature"": ""venue_factor"", ""value"": 1.159}, {""feature"": ""expected_pa"", ""value"": 4.75}]",84
MLB_823939,823939,2026-06-16,2026-06-17T02:10:00+00:00,668723,Ryan Vilade,TB,LAD,UNIQLO Field at Dodger Stadium,5,projected,Justin Wrobleski,0.11298628716894886,0.1269425894724181,0.72,mlb-hr-v1,2026-06-16T20:59:49.265806+00:00,[],"[{""feature"": ""batter_hr_per_pa"", ""value"": 0.0423}, {""feature"": ""recent_hr_per_pa"", ""value"": 0.035}, {""feature"": ""pitcher_hr_factor"", ""value"": 1.083}, {""feature"": ""venue_factor"", ""value"": 1.25}, {""feature"": ""expected_pa"", ""value"": 4.33}]",85
MLB_823128,823128,2026-06-16,2026-06-17T01:40:00+00:00,681297,Colton Cowser,BAL,SEA,T-Mobile Park,7,projected,Logan Gilbert,0.11224573359429191,0.12117549348007961,0.72,mlb-hr-v1,2026-06-16T20:59:48.319562+00:00,[],"[{""feature"": ""batter_hr_per_pa"", ""value"": 0.0599}, {""feature"": ""recent_hr_per_pa"", ""value"": 0.0713}, {""feature"": ""pitcher_hr_factor"", ""value"": 1.35}, {""feature"": ""venue_factor"", ""value"": 1.096}, {""feature"": ""expected_pa"", ""value"": 4.12}]",86
MLB_825070,825070,2026-06-16,2026-06-17T01:40:00+00:00,666176,Jo Adell,LAA,AZ,Chase Field,5,projected,Merrill Kelly,0.11126497825810425,0.1269425894724181,0.72,mlb-hr-v1,2026-06-16T20:59:48.938296+00:00,[],"[{""feature"": ""batter_hr_per_pa"", ""value"": 0.0358}, {""feature"": ""recent_hr_per_pa"", ""value"": 0.0364}, {""feature"": ""pitcher_hr_factor"", ""value"": 1.202}, {""feature"": ""venue_factor"", ""value"": 0.808}, {""feature"": ""expected_pa"", ""value"": 4.33}]",87
MLB_824991,824991,2026-06-16,2026-06-17T01:40:00+00:00,665833,Oneil Cruz,PIT,ATH,Sutter Health Park,6,projected,Jack Perkins,0.11120029052500781,0.12406378772740434,0.72,mlb-hr-v1,2026-06-16T20:59:48.617542+00:00,[],"[{""feature"": ""batter_hr_per_pa"", ""value"": 0.0345}, {""feature"": ""recent_hr_per_pa"", ""value"": 0.0485}, {""feature"": ""pitcher_hr_factor"", ""value"": 1.134}, {""feature"": ""venue_factor"", ""value"": 1.25}, {""feature"": ""expected_pa"", ""value"": 4.22}]",88
MLB_823451,823451,2026-06-16,2026-06-16T22:40:00+00:00,683357,Owen Caissie,MIA,PHI,Citizens Bank Park,7,projected,Jesús Luzardo,0.11106209756627025,0.12117549348007961,0.72,mlb-hr-v1,2026-06-16T20:59:44.673645+00:00,[],"[{""feature"": ""batter_hr_per_pa"", ""value"": 0.0394}, {""feature"": ""recent_hr_per_pa"", ""value"": 0.0444}, {""feature"": ""pitcher_hr_factor"", ""value"": 0.877}, {""feature"": ""venue_factor"", ""value"": 1.155}, {""feature"": ""expected_pa"", ""value"": 4.12}]",89
MLB_823535,823535,2026-06-16,2026-06-16T23:05:00+00:00,641355,Cody Bellinger,NYY,CWS,Yankee Stadium,5,projected,Davis Martin,0.11053250088767755,0.1269425894724181,0.72,mlb-hr-v1,2026-06-16T20:59:45.460690+00:00,[],"[{""feature"": ""batter_hr_per_pa"", ""value"": 0.0402}, {""feature"": ""recent_hr_per_pa"", ""value"": 0.0403}, {""feature"": ""pitcher_hr_factor"", ""value"": 0.72}, {""feature"": ""venue_factor"", ""value"": 0.987}, {""feature"": ""expected_pa"", ""value"": 4.33}]",90
MLB_824504,824504,2026-06-16,2026-06-16T23:10:00+00:00,680574,Matt McLain,CIN,NYM,Great American Ball Park,8,projected,Kodai Senga,0.11014409955796255,0.11827767543005985,0.64,mlb-hr-v1,2026-06-16T20:59:45.873618+00:00,"[""low_pitcher_history""]","[{""feature"": ""batter_hr_per_pa"", ""value"": 0.0429}, {""feature"": ""recent_hr_per_pa"", ""value"": 0.0391}, {""feature"": ""pitcher_hr_factor"", ""value"": 1.0}, {""feature"": ""venue_factor"", ""value"": 1.25}, {""feature"": ""expected_pa"", ""value"": 4.01}]",91
MLB_823128,823128,2026-06-16,2026-06-17T01:40:00+00:00,694212,Samuel Basallo,BAL,SEA,T-Mobile Park,5,projected,Logan Gilbert,0.10892055251832503,0.1269425894724181,0.72,mlb-hr-v1,2026-06-16T20:59:48.282080+00:00,[],"[{""feature"": ""batter_hr_per_pa"", ""value"": 0.0405}, {""feature"": ""recent_hr_per_pa"", ""value"": 0.0524}, {""feature"": ""pitcher_hr_factor"", ""value"": 1.35}, {""feature"": ""venue_factor"", ""value"": 1.096}, {""feature"": ""expected_pa"", ""value"": 4.33}]",92
MLB_823045,823045,2026-06-16,2026-06-16T23:45:00+00:00,657757,Gavin Sheets,SD,STL,Busch Stadium,2,projected,Andre Pallante,0.10890860743648537,0.13552235115640987,0.72,mlb-hr-v1,2026-06-16T20:59:46.962204+00:00,[],"[{""feature"": ""batter_hr_per_pa"", ""value"": 0.0457}, {""feature"": ""recent_hr_per_pa"", ""value"": 0.0239}, {""feature"": ""pitcher_hr_factor"", ""value"": 0.944}, {""feature"": ""venue_factor"", ""value"": 0.75}, {""feature"": ""expected_pa"", ""value"": 4.64}]",93
MLB_824182,824182,2026-06-16,2026-06-17T00:10:00+00:00,672761,Wenceel Pérez,DET,HOU,Daikin Park,8,projected,Hunter Brown,0.10857457797080633,0.11827767543005985,0.64,mlb-hr-v1,2026-06-16T20:59:48.013818+00:00,"[""low_pitcher_history""]","[{""feature"": ""batter_hr_per_pa"", ""value"": 0.0411}, {""feature"": ""recent_hr_per_pa"", ""value"": 0.0686}, {""feature"": ""pitcher_hr_factor"", ""value"": 1.0}, {""feature"": ""venue_factor"", ""value"": 1.159}, {""feature"": ""expected_pa"", ""value"": 4.01}]",94
MLB_823451,823451,2026-06-16,2026-06-16T22:40:00+00:00,669065,Kyle Stowers,MIA,PHI,Citizens Bank Park,4,projected,Jesús Luzardo,0.10797345223414119,0.12981192991263468,0.72,mlb-hr-v1,2026-06-16T20:59:44.619813+00:00,[],"[{""feature"": ""batter_hr_per_pa"", ""value"": 0.0306}, {""feature"": ""recent_hr_per_pa"", ""value"": 0.038}, {""feature"": ""pitcher_hr_factor"", ""value"": 0.877}, {""feature"": ""venue_factor"", ""value"": 1.155}, {""feature"": ""expected_pa"", ""value"": 4.43}]",95
MLB_824912,824912,2026-06-16,2026-06-16T23:15:00+00:00,656305,Matt Chapman,SF,ATL,Truist Park,6,projected,Grant Holmes,0.10626025747679402,0.12406378772740434,0.72,mlb-hr-v1,2026-06-16T20:59:46.363873+00:00,[],"[{""feature"": ""batter_hr_per_pa"", ""value"": 0.0359}, {""feature"": ""recent_hr_per_pa"", ""value"": 0.0551}, {""feature"": ""pitcher_hr_factor"", ""value"": 1.35}, {""feature"": ""venue_factor"", ""value"": 0.808}, {""feature"": ""expected_pa"", ""value"": 4.22}]",96
MLB_824667,824667,2026-06-16,2026-06-17T00:05:00+00:00,650489,Willi Castro,COL,CHC,Wrigley Field,2,projected,Edward Cabrera,0.10577651603791617,0.13552235115640987,0.72,mlb-hr-v1,2026-06-16T20:59:47.615175+00:00,[],"[{""feature"": ""batter_hr_per_pa"", ""value"": 0.0281}, {""feature"": ""recent_hr_per_pa"", ""value"": 0.0312}, {""feature"": ""pitcher_hr_factor"", ""value"": 1.35}, {""feature"": ""venue_factor"", ""value"": 1.176}, {""feature"": ""expected_pa"", ""value"": 4.64}]",97
MLB_823535,823535,2026-06-16,2026-06-16T23:05:00+00:00,592450,Aaron Judge,NYY,CWS,Yankee Stadium,3,projected,Davis Martin,0.10535420517206227,0.13267184014303635,0.72,mlb-hr-v1,2026-06-16T20:59:45.419930+00:00,[],"[{""feature"": ""batter_hr_per_pa"", ""value"": 0.039}, {""feature"": ""recent_hr_per_pa"", ""value"": 0.0236}, {""feature"": ""pitcher_hr_factor"", ""value"": 0.72}, {""feature"": ""venue_factor"", ""value"": 0.987}, {""feature"": ""expected_pa"", ""value"": 4.54}]",98
MLB_822888,822888,2026-06-16,2026-06-17T00:05:00+00:00,673962,Josh Jung,TEX,MIN,Globe Life Field,2,projected,Zebby Matthews,0.10381912636944898,0.13552235115640987,0.72,mlb-hr-v1,2026-06-16T20:59:47.138118+00:00,[],"[{""feature"": ""batter_hr_per_pa"", ""value"": 0.0251}, {""feature"": ""recent_hr_per_pa"", ""value"": 0.0294}, {""feature"": ""pitcher_hr_factor"", ""value"": 1.35}, {""feature"": ""venue_factor"", ""value"": 1.101}, {""feature"": ""expected_pa"", ""value"": 4.64}]",99
MLB_823128,823128,2026-06-16,2026-06-17T01:40:00+00:00,686527,Dominic Canzone,SEA,BAL,T-Mobile Park,7,projected,Brandon Young,0.10305794270371582,0.12117549348007961,0.72,mlb-hr-v1,2026-06-16T20:59:48.149160+00:00,[],"[{""feature"": ""batter_hr_per_pa"", ""value"": 0.0577}, {""feature"": ""recent_hr_per_pa"", ""value"": 0.0762}, {""feature"": ""pitcher_hr_factor"", ""value"": 0.72}, {""feature"": ""venue_factor"", ""value"": 1.096}, {""feature"": ""expected_pa"", ""value"": 4.12}]",100
MLB_824182,824182,2026-06-16,2026-06-17T00:10:00+00:00,682985,Riley Greene,DET,HOU,Daikin Park,3,projected,Hunter Brown,0.10195099806019003,0.13267184014303635,0.64,mlb-hr-v1,2026-06-16T20:59:47.943115+00:00,"[""low_pitcher_history""]","[{""feature"": ""batter_hr_per_pa"", ""value"": 0.0259}, {""feature"": ""recent_hr_per_pa"", ""value"": 0.0389}, {""feature"": ""pitcher_hr_factor"", ""value"": 1.0}, {""feature"": ""venue_factor"", ""value"": 1.159}, {""feature"": ""expected_pa"", ""value"": 4.54}]",101
MLB_822723,822723,2026-06-16,2026-06-16T22:45:00+00:00,696285,Jacob Young,WSH,KC,Nationals Park,7,projected,Michael Wacha,0.10164134940088058,0.12117549348007961,0.72,mlb-hr-v1,2026-06-16T20:59:44.835985+00:00,[],"[{""feature"": ""batter_hr_per_pa"", ""value"": 0.0434}, {""feature"": ""recent_hr_per_pa"", ""value"": 0.0404}, {""feature"": ""pitcher_hr_factor"", ""value"": 0.946}, {""feature"": ""venue_factor"", ""value"": 1.119}, {""feature"": ""expected_pa"", ""value"": 4.12}]",102
MLB_823128,823128,2026-06-16,2026-06-17T01:40:00+00:00,806068,Colt Emerson,SEA,BAL,T-Mobile Park,9,projected,Brandon Young,0.10135193422378332,0.11537030217375177,0.72,mlb-hr-v1,2026-06-16T20:59:48.188891+00:00,[],"[{""feature"": ""batter_hr_per_pa"", ""value"": 0.0595}, {""feature"": ""recent_hr_per_pa"", ""value"": 0.0585}, {""feature"": ""pitcher_hr_factor"", ""value"": 0.72}, {""feature"": ""venue_factor"", ""value"": 1.096}, {""feature"": ""expected_pa"", ""value"": 3.91}]",103
MLB_824667,824667,2026-06-16,2026-06-17T00:05:00+00:00,683737,Michael Busch,CHC,COL,Wrigley Field,4,projected,Ryan Feltner,0.10130376547422174,0.12981192991263468,0.72,mlb-hr-v1,2026-06-16T20:59:47.490110+00:00,[],"[{""feature"": ""batter_hr_per_pa"", ""value"": 0.0326}, {""feature"": ""recent_hr_per_pa"", ""value"": 0.0353}, {""feature"": ""pitcher_hr_factor"", ""value"": 0.723}, {""feature"": ""venue_factor"", ""value"": 1.176}, {""feature"": ""expected_pa"", ""value"": 4.43}]",104
MLB_824182,824182,2026-06-16,2026-06-17T00:10:00+00:00,701358,Cam Smith,HOU,DET,Daikin Park,5,projected,Framber Valdez,0.10121959641175805,0.1269425894724181,0.72,mlb-hr-v1,2026-06-16T20:59:47.822510+00:00,[],"[{""feature"": ""batter_hr_per_pa"", ""value"": 0.0223}, {""feature"": ""recent_hr_per_pa"", ""value"": 0.0315}, {""feature"": ""pitcher_hr_factor"", ""value"": 1.282}, {""feature"": ""venue_factor"", ""value"": 1.159}, {""feature"": ""expected_pa"", ""value"": 4.33}]",105
MLB_823775,823775,2026-06-16,2026-06-16T23:40:00+00:00,656555,Rhys Hoskins,CLE,MIL,American Family Field,5,projected,Robert Gasser,0.10076437502293184,0.1269425894724181,0.72,mlb-hr-v1,2026-06-16T20:59:46.651148+00:00,[],"[{""feature"": ""batter_hr_per_pa"", ""value"": 0.0358}, {""feature"": ""recent_hr_per_pa"", ""value"": 0.0312}, {""feature"": ""pitcher_hr_factor"", ""value"": 1.35}, {""feature"": ""venue_factor"", ""value"": 0.75}, {""feature"": ""expected_pa"", ""value"": 4.33}]",106
MLB_824750,824750,2026-06-16,2026-06-16T22:45:00+00:00,678882,Ceddanne Rafaela,BOS,TOR,Fenway Park,2,projected,Dylan Cease,0.10053656452492551,0.13552235115640987,0.72,mlb-hr-v1,2026-06-16T20:59:45.076081+00:00,[],"[{""feature"": ""batter_hr_per_pa"", ""value"": 0.0383}, {""feature"": ""recent_hr_per_pa"", ""value"": 0.0317}, {""feature"": ""pitcher_hr_factor"", ""value"": 1.107}, {""feature"": ""venue_factor"", ""value"": 0.809}, {""feature"": ""expected_pa"", ""value"": 4.64}]",107
MLB_824991,824991,2026-06-16,2026-06-17T01:40:00+00:00,680869,Zack Gelof,ATH,PIT,Sutter Health Park,8,projected,Mitch Keller,0.10041390509144943,0.11827767543005985,0.72,mlb-hr-v1,2026-06-16T20:59:48.494785+00:00,[],"[{""feature"": ""batter_hr_per_pa"", ""value"": 0.0456}, {""feature"": ""recent_hr_per_pa"", ""value"": 0.0364}, {""feature"": ""pitcher_hr_factor"", ""value"": 0.981}, {""feature"": ""venue_factor"", ""value"": 1.25}, {""feature"": ""expected_pa"", ""value"": 4.01}]",108
MLB_824667,824667,2026-06-16,2026-06-17T00:05:00+00:00,664983,Jake McCarthy,COL,CHC,Wrigley Field,1,projected,Edward Cabrera,0.09979486855195659,0.1383634938436833,0.72,mlb-hr-v1,2026-06-16T20:59:47.600686+00:00,[],"[{""feature"": ""batter_hr_per_pa"", ""value"": 0.0257}, {""feature"": ""recent_hr_per_pa"", ""value"": 0.0237}, {""feature"": ""pitcher_hr_factor"", ""value"": 1.35}, {""feature"": ""venue_factor"", ""value"": 1.176}, {""feature"": ""expected_pa"", ""value"": 4.75}]",109
MLB_824504,824504,2026-06-16,2026-06-16T23:10:00+00:00,663993,Nathaniel Lowe,CIN,NYM,Great American Ball Park,6,projected,Kodai Senga,0.0991541142830822,0.12406378772740434,0.64,mlb-hr-v1,2026-06-16T20:59:45.836245+00:00,"[""low_pitcher_history""]","[{""feature"": ""batter_hr_per_pa"", ""value"": 0.0285}, {""feature"": ""recent_hr_per_pa"", ""value"": 0.0328}, {""feature"": ""pitcher_hr_factor"", ""value"": 1.0}, {""feature"": ""venue_factor"", ""value"": 1.25}, {""feature"": ""expected_pa"", ""value"": 4.22}]",110
MLB_823451,823451,2026-06-16,2026-06-16T22:40:00+00:00,669016,Brandon Marsh,PHI,MIA,Citizens Bank Park,5,projected,Tyler Phillips,0.09889797933450356,0.1269425894724181,0.72,mlb-hr-v1,2026-06-16T20:59:44.457859+00:00,[],"[{""feature"": ""batter_hr_per_pa"", ""value"": 0.0276}, {""feature"": ""recent_hr_per_pa"", ""value"": 0.043}, {""feature"": ""pitcher_hr_factor"", ""value"": 0.72}, {""feature"": ""venue_factor"", ""value"": 1.155}, {""feature"": ""expected_pa"", ""value"": 4.33}]",111
MLB_823535,823535,2026-06-16,2026-06-16T23:05:00+00:00,665862,Jazz Chisholm Jr.,NYY,CWS,Yankee Stadium,6,projected,Davis Martin,0.09882756617051515,0.12406378772740434,0.72,mlb-hr-v1,2026-06-16T20:59:45.485781+00:00,[],"[{""feature"": ""batter_hr_per_pa"", ""value"": 0.0385}, {""feature"": ""recent_hr_per_pa"", ""value"": 0.0447}, {""feature"": ""pitcher_hr_factor"", ""value"": 0.72}, {""feature"": ""venue_factor"", ""value"": 0.987}, {""feature"": ""expected_pa"", ""value"": 4.22}]",112
MLB_822888,822888,2026-06-16,2026-06-17T00:05:00+00:00,607043,Brandon Nimmo,TEX,MIN,Globe Life Field,3,projected,Zebby Matthews,0.097529494061643,0.13267184014303635,0.72,mlb-hr-v1,2026-06-16T20:59:47.152675+00:00,[],"[{""feature"": ""batter_hr_per_pa"", ""value"": 0.0211}, {""feature"": ""recent_hr_per_pa"", ""value"": 0.0296}, {""feature"": ""pitcher_hr_factor"", ""value"": 1.35}, {""feature"": ""venue_factor"", ""value"": 1.101}, {""feature"": ""expected_pa"", ""value"": 4.54}]",113
MLB_824667,824667,2026-06-16,2026-06-17T00:05:00+00:00,678662,Ezequiel Tovar,COL,CHC,Wrigley Field,6,projected,Edward Cabrera,0.09720712134602093,0.12406378772740434,0.72,mlb-hr-v1,2026-06-16T20:59:47.685048+00:00,[],"[{""feature"": ""batter_hr_per_pa"", ""value"": 0.0301}, {""feature"": ""recent_hr_per_pa"", ""value"": 0.0414}, {""feature"": ""pitcher_hr_factor"", ""value"": 1.35}, {""feature"": ""venue_factor"", ""value"": 1.176}, {""feature"": ""expected_pa"", ""value"": 4.22}]",114
MLB_823775,823775,2026-06-16,2026-06-16T23:40:00+00:00,682657,Angel Martínez,CLE,MIL,American Family Field,7,projected,Robert Gasser,0.09683995158143195,0.12117549348007961,0.72,mlb-hr-v1,2026-06-16T20:59:46.691885+00:00,[],"[{""feature"": ""batter_hr_per_pa"", ""value"": 0.0407}, {""feature"": ""recent_hr_per_pa"", ""value"": 0.0258}, {""feature"": ""pitcher_hr_factor"", ""value"": 1.35}, {""feature"": ""venue_factor"", ""value"": 0.75}, {""feature"": ""expected_pa"", ""value"": 4.12}]",115
MLB_823128,823128,2026-06-16,2026-06-17T01:40:00+00:00,668939,Adley Rutschman,BAL,SEA,T-Mobile Park,3,projected,Logan Gilbert,0.09659039140130059,0.13267184014303635,0.72,mlb-hr-v1,2026-06-16T20:59:48.253315+00:00,[],"[{""feature"": ""batter_hr_per_pa"", ""value"": 0.0284}, {""feature"": ""recent_hr_per_pa"", ""value"": 0.015}, {""feature"": ""pitcher_hr_factor"", ""value"": 1.35}, {""feature"": ""venue_factor"", ""value"": 1.096}, {""feature"": ""expected_pa"", ""value"": 4.54}]",116
MLB_824182,824182,2026-06-16,2026-06-17T00:10:00+00:00,663330,Jahmai Jones,DET,HOU,Daikin Park,5,projected,Hunter Brown,0.09635584944531006,0.1269425894724181,0.64,mlb-hr-v1,2026-06-16T20:59:47.970646+00:00,"[""low_pitcher_history""]","[{""feature"": ""batter_hr_per_pa"", ""value"": 0.0124}, {""feature"": ""recent_hr_per_pa"", ""value"": 0.0103}, {""feature"": ""pitcher_hr_factor"", ""value"": 1.0}, {""feature"": ""venue_factor"", ""value"": 1.159}, {""feature"": ""expected_pa"", ""value"": 4.33}]",117
MLB_823939,823939,2026-06-16,2026-06-17T02:10:00+00:00,666018,Jonathan Aranda,TB,LAD,UNIQLO Field at Dodger Stadium,2,projected,Justin Wrobleski,0.09627188899384492,0.13552235115640987,0.72,mlb-hr-v1,2026-06-16T20:59:49.211995+00:00,[],"[{""feature"": ""batter_hr_per_pa"", ""value"": 0.0255}, {""feature"": ""recent_hr_per_pa"", ""value"": 0.0309}, {""feature"": ""pitcher_hr_factor"", ""value"": 1.083}, {""feature"": ""venue_factor"", ""value"": 1.25}, {""feature"": ""expected_pa"", ""value"": 4.64}]",118
MLB_824182,824182,2026-06-16,2026-06-17T00:10:00+00:00,676694,Jake Meyers,HOU,DET,Daikin Park,7,projected,Framber Valdez,0.09593821862070073,0.12117549348007961,0.72,mlb-hr-v1,2026-06-16T20:59:47.851622+00:00,[],"[{""feature"": ""batter_hr_per_pa"", ""value"": 0.0278}, {""feature"": ""recent_hr_per_pa"", ""value"": 0.0272}, {""feature"": ""pitcher_hr_factor"", ""value"": 1.282}, {""feature"": ""venue_factor"", ""value"": 1.159}, {""feature"": ""expected_pa"", ""value"": 4.12}]",119
MLB_825070,825070,2026-06-16,2026-06-17T01:40:00+00:00,642350,Jose Siri,LAA,AZ,Chase Field,7,projected,Merrill Kelly,0.09562534870329457,0.12117549348007961,0.72,mlb-hr-v1,2026-06-16T20:59:48.980593+00:00,[],"[{""feature"": ""batter_hr_per_pa"", ""value"": 0.0458}, {""feature"": ""recent_hr_per_pa"", ""value"": 0.0515}, {""feature"": ""pitcher_hr_factor"", ""value"": 1.202}, {""feature"": ""venue_factor"", ""value"": 0.808}, {""feature"": ""expected_pa"", ""value"": 4.12}]",120
