game_pk,game_date,away_team,home_team,away_score,home_score,home_win,home_win_prob,away_win_prob,pick_side,pick_won,away_moneyline,home_moneyline,market_home_prob,model_edge_home,pick_price,profit,abs_edge,edge_bucket
824940,2026-04-01,Athletics,Atlanta Braves,1,5,1,0.6368704923176645,0.36312950768233554,home,True,,,,,,,,
824860,2026-04-01,Texas Rangers,Baltimore Orioles,3,8,1,0.48237188624633004,0.51762811375367,away,False,,,,,,,,
824536,2026-04-01,Pittsburgh Pirates,Cincinnati Reds,8,3,0,0.5978458647020168,0.40215413529798316,home,False,,,,,,,,
823483,2026-04-01,Washington Nationals,Philadelphia Phillies,5,6,1,0.42258858865806465,0.5774114113419353,away,False,,,,,,,,
822835,2026-04-01,Colorado Rockies,Toronto Blue Jays,2,1,0,0.5065765702646979,0.49342342973530207,home,False,,,,,,,,
823889,2026-04-01,Chicago White Sox,Miami Marlins,0,10,1,0.6840505511196814,0.3159494488803186,home,True,,,,,,,,
823078,2026-04-01,New York Mets,St. Louis Cardinals,1,2,1,0.4770279109382631,0.5229720890617369,away,False,,,,,,,,
823806,2026-04-01,Tampa Bay Rays,Milwaukee Brewers,2,8,1,0.6299957907199023,0.3700042092800977,home,True,,,,,,,,
824211,2026-04-01,Boston Red Sox,Houston Astros,4,6,1,0.6122753968458131,0.3877246031541869,home,True,,,,,,,,
824698,2026-04-01,Los Angeles Angels,Chicago Cubs,2,6,1,0.5043992491518412,0.4956007508481588,home,True,,,,,,,,
825106,2026-04-01,Detroit Tigers,Arizona Diamondbacks,0,1,1,0.48371603412573705,0.516283965874263,away,False,,,,,,,,
823157,2026-04-01,New York Yankees,Seattle Mariners,5,3,0,0.5145213573403441,0.4854786426596559,home,False,,,,,,,,
823321,2026-04-01,San Francisco Giants,San Diego Padres,1,7,1,0.4948571166323802,0.5051428833676198,away,False,,,,,,,,
823970,2026-04-01,Cleveland Guardians,Los Angeles Dodgers,4,1,0,0.6017041247048014,0.3982958752951986,home,False,,,,,,,,
824133,2026-04-02,Minnesota Twins,Kansas City Royals,5,1,0,0.5437473365006954,0.4562526634993046,home,False,,,,,,,,
825105,2026-04-02,Atlanta Braves,Arizona Diamondbacks,17,2,0,0.456054451664311,0.543945548335689,away,True,,,,,,,,
823242,2026-04-02,New York Mets,San Francisco Giants,2,7,1,0.476794693448899,0.523205306551101,away,False,,,,,,,,
822758,2026-04-03,Los Angeles Dodgers,Washington Nationals,13,6,0,0.5068171077246626,0.4931828922753374,home,False,,,,,,,,
824299,2026-04-03,St. Louis Cardinals,Detroit Tigers,0,4,1,0.5352760617771453,0.46472393822285474,home,True,,,,,,,,
823568,2026-04-03,Miami Marlins,New York Yankees,2,8,1,0.5350726827389769,0.4649273172610231,home,True,,,,,,,,
824621,2026-04-03,Toronto Blue Jays,Chicago White Sox,4,5,1,0.4404143028424849,0.559585697157515,away,False,,,,,,,,
824786,2026-04-03,San Diego Padres,Boston Red Sox,2,5,1,0.5232250868354692,0.4767749131645308,home,True,,,,,,,,
822919,2026-04-03,Cincinnati Reds,Texas Rangers,5,3,0,0.5858207362335921,0.4141792637664079,home,False,,,,,,,,
823732,2026-04-03,Tampa Bay Rays,Minnesota Twins,4,10,1,0.529854416808169,0.470145583191831,home,True,,,,,,,,
824377,2026-04-03,Philadelphia Phillies,Colorado Rockies,10,1,0,0.5998026722602244,0.40019732773977557,home,False,,,,,,,,
824458,2026-04-03,Chicago Cubs,Cleveland Guardians,1,4,1,0.4941049836366334,0.5058950163633666,away,False,,,,,,,,
823406,2026-04-03,Baltimore Orioles,Pittsburgh Pirates,4,5,1,0.5352487539534775,0.4647512460465225,home,True,,,,,,,,
824056,2026-04-03,Seattle Mariners,Los Angeles Angels,3,1,0,0.5255567513110021,0.4744432486889979,home,False,,,,,,,,
825026,2026-04-03,Houston Astros,Athletics,4,11,1,0.4811770332407882,0.5188229667592118,away,False,,,,,,,,
825103,2026-04-03,Atlanta Braves,Arizona Diamondbacks,2,0,0,0.4956015434215791,0.504398456578421,away,True,,,,,,,,
823240,2026-04-03,New York Mets,San Francisco Giants,10,3,0,0.5414673418190884,0.4585326581809116,home,False,,,,,,,,
824295,2026-04-04,St. Louis Cardinals,Detroit Tigers,6,11,1,0.5455473833638237,0.4544526166361763,home,True,,,,,,,,
824132,2026-04-04,Milwaukee Brewers,Kansas City Royals,5,2,0,0.47722147573642837,0.5227785242635716,away,True,,,,,,,,
824622,2026-04-04,Toronto Blue Jays,Chicago White Sox,3,6,1,0.4721765179533467,0.5278234820466533,away,False,,,,,,,,
822757,2026-04-04,Los Angeles Dodgers,Washington Nationals,10,5,0,0.5350733476074361,0.4649266523925639,home,False,,,,,,,,
823404,2026-04-04,Baltimore Orioles,Pittsburgh Pirates,2,3,1,0.5326052615196614,0.46739473848033863,home,True,,,,,,,,
825027,2026-04-04,Houston Astros,Athletics,11,0,0,0.48390750462367466,0.5160924953763253,away,True,,,,,,,,
824782,2026-04-04,San Diego Padres,Boston Red Sox,3,2,0,0.5276706598522632,0.47232934014773675,home,False,,,,,,,,
822920,2026-04-04,Cincinnati Reds,Texas Rangers,2,0,0,0.5525785143323083,0.4474214856676917,home,False,,,,,,,,
823569,2026-04-04,Miami Marlins,New York Yankees,7,9,1,0.540096842639662,0.45990315736033804,home,True,,,,,,,,
823730,2026-04-04,Tampa Bay Rays,Minnesota Twins,7,1,0,0.6012507219605987,0.3987492780394013,home,False,,,,,,,,
824134,2026-04-04,Milwaukee Brewers,Kansas City Royals,2,8,1,0.5200984040720847,0.47990159592791526,home,True,,,,,,,,
825104,2026-04-04,Atlanta Braves,Arizona Diamondbacks,1,2,1,0.5000050794231423,0.4999949205768577,home,True,,,,,,,,
824378,2026-04-04,Philadelphia Phillies,Colorado Rockies,2,1,0,0.5016659541408365,0.4983340458591635,home,False,,,,,,,,
823239,2026-04-04,New York Mets,San Francisco Giants,9,0,0,0.49284887902619373,0.5071511209738062,away,True,,,,,,,,
824054,2026-04-04,Seattle Mariners,Los Angeles Angels,0,1,1,0.51496821545543,0.48503178454456997,home,True,,,,,,,,
824459,2026-04-05,Chicago Cubs,Cleveland Guardians,1,0,0,0.5310707204910989,0.46892927950890106,home,False,,,,,,,,
824460,2026-04-05,Chicago Cubs,Cleveland Guardians,5,6,1,0.5587087929194707,0.44129120708052927,home,True,,,,,,,,
822756,2026-04-05,Los Angeles Dodgers,Washington Nationals,8,6,0,0.5013028586403088,0.49869714135969123,home,False,,,,,,,,
823405,2026-04-05,Baltimore Orioles,Pittsburgh Pirates,2,8,1,0.5498907127742167,0.45010928722578325,home,True,,,,,,,,
823566,2026-04-05,Miami Marlins,New York Yankees,7,6,0,0.5488468260287829,0.4511531739712171,home,False,,,,,,,,
824781,2026-04-05,San Diego Padres,Boston Red Sox,8,6,0,0.499269860175834,0.5007301398241659,away,True,,,,,,,,
823729,2026-04-05,Tampa Bay Rays,Minnesota Twins,4,1,0,0.5405307069587695,0.4594692930412305,home,False,,,,,,,,
824131,2026-04-05,Milwaukee Brewers,Kansas City Royals,8,5,0,0.4943342769731586,0.5056657230268413,away,True,,,,,,,,
824620,2026-04-05,Toronto Blue Jays,Chicago White Sox,0,3,1,0.49174866973116976,0.5082513302688303,away,False,,,,,,,,
822917,2026-04-05,Cincinnati Reds,Texas Rangers,2,1,0,0.5365160087282739,0.4634839912717261,home,False,,,,,,,,
824379,2026-04-05,Philadelphia Phillies,Colorado Rockies,1,4,1,0.5445829212015818,0.4554170787984182,home,True,,,,,,,,
823238,2026-04-05,New York Mets,San Francisco Giants,5,2,0,0.42172165883203844,0.5782783411679615,away,True,,,,,,,,
825025,2026-04-05,Houston Astros,Athletics,10,12,1,0.4372658021151717,0.5627341978848284,away,False,,,,,,,,
824053,2026-04-05,Seattle Mariners,Los Angeles Angels,7,8,1,0.5371449793408123,0.4628550206591877,home,True,,,,,,,,
825102,2026-04-05,Atlanta Braves,Arizona Diamondbacks,5,6,1,0.46286888517327035,0.5371311148267297,away,False,,,,,,,,
824296,2026-04-05,St. Louis Cardinals,Detroit Tigers,5,3,0,0.5557606513161646,0.4442393486838354,home,False,,,,,,,,
823002,2026-04-06,Chicago Cubs,Tampa Bay Rays,4,6,1,0.5354824646713751,0.46451753532862494,home,True,,,,,,,,
824456,2026-04-06,Kansas City Royals,Cleveland Guardians,4,2,0,0.6040480724750565,0.39595192752494346,home,False,,,,,,,,
823401,2026-04-06,San Diego Padres,Pittsburgh Pirates,5,0,0,0.5937012333322365,0.40629876666776354,home,False,,,,,,,,
823886,2026-04-06,Cincinnati Reds,Miami Marlins,2,0,0,0.5476352822712043,0.4523647177287957,home,False,,,,,,,,
822755,2026-04-06,St. Louis Cardinals,Washington Nationals,6,9,1,0.49656053898192,0.50343946101808,away,False,,,,,,,,
824783,2026-04-06,Milwaukee Brewers,Boston Red Sox,8,6,0,0.4465337056274967,0.5534662943725033,away,True,,,,,,,,
822832,2026-04-06,Los Angeles Dodgers,Toronto Blue Jays,14,2,0,0.543748438116874,0.456251561883126,home,False,,,,,,,,
823728,2026-04-06,Detroit Tigers,Minnesota Twins,3,7,1,0.5310920576087111,0.46890794239128886,home,True,,,,,,,,
824619,2026-04-06,Baltimore Orioles,Chicago White Sox,2,1,0,0.5458509122845357,0.45414908771546425,home,False,,,,,,,,
822918,2026-04-06,Seattle Mariners,Texas Rangers,1,2,1,0.5511478338594705,0.4488521661405295,home,True,,,,,,,,
824376,2026-04-06,Houston Astros,Colorado Rockies,7,9,1,0.4707835150897283,0.5292164849102716,away,False,,,,,,,,
824052,2026-04-06,Atlanta Braves,Los Angeles Angels,2,6,1,0.4572535885811609,0.5427464114188392,away,False,,,,,,,,
823237,2026-04-06,Philadelphia Phillies,San Francisco Giants,6,4,0,0.4557031239329277,0.5442968760670723,away,True,,,,,,,,
824457,2026-04-07,Kansas City Royals,Cleveland Guardians,1,2,1,0.5553429155286705,0.44465708447132946,home,True,,,,,,,,
824618,2026-04-07,Baltimore Orioles,Chicago White Sox,4,2,0,0.4955570243539354,0.5044429756460647,away,True,,,,,,,,
823648,2026-04-07,Arizona Diamondbacks,New York Mets,3,4,1,0.597703334138621,0.402296665861379,home,True,,,,,,,,
822999,2026-04-07,Chicago Cubs,Tampa Bay Rays,9,2,0,0.5149362002410779,0.4850637997589221,home,False,,,,,,,,
823402,2026-04-07,San Diego Padres,Pittsburgh Pirates,1,7,1,0.5133984451958377,0.48660155480416234,home,True,,,,,,,,
823887,2026-04-07,Cincinnati Reds,Miami Marlins,6,3,0,0.5405542429370318,0.4594457570629682,home,False,,,,,,,,
822754,2026-04-07,St. Louis Cardinals,Washington Nationals,7,6,0,0.5167705028878252,0.4832294971121748,home,False,,,,,,,,
824780,2026-04-07,Milwaukee Brewers,Boston Red Sox,2,3,1,0.46089711476962947,0.5391028852303705,away,False,,,,,,,,
823567,2026-04-07,Athletics,New York Yankees,3,5,1,0.6669999175386296,0.33300008246137036,home,True,,,,,,,,
822831,2026-04-07,Los Angeles Dodgers,Toronto Blue Jays,4,1,0,0.49536423981731603,0.504635760182684,away,True,,,,,,,,
823727,2026-04-07,Detroit Tigers,Minnesota Twins,2,4,1,0.5291372865241696,0.4708627134758304,home,True,,,,,,,,
822916,2026-04-07,Seattle Mariners,Texas Rangers,2,3,1,0.5548202938409909,0.44517970615900915,home,True,,,,,,,,
824375,2026-04-07,Houston Astros,Colorado Rockies,1,5,1,0.5295414915174277,0.4704585084825723,home,True,,,,,,,,
824051,2026-04-07,Atlanta Braves,Los Angeles Angels,7,2,0,0.46329977232786645,0.5367002276721335,away,True,,,,,,,,
823235,2026-04-07,Philadelphia Phillies,San Francisco Giants,0,6,1,0.4553595943060391,0.5446404056939609,away,False,,,,,,,,
823403,2026-04-08,San Diego Padres,Pittsburgh Pirates,8,2,0,0.6068033112206956,0.39319668877930436,home,False,,,,,,,,
824455,2026-04-08,Kansas City Royals,Cleveland Guardians,2,10,1,0.6070321778277169,0.3929678221722831,home,True,,,,,,,,
824779,2026-04-08,Milwaukee Brewers,Boston Red Sox,0,5,1,0.4940853727355739,0.5059146272644262,away,False,,,,,,,,
824617,2026-04-08,Baltimore Orioles,Chicago White Sox,5,3,0,0.5145709536930767,0.4854290463069233,home,False,,,,,,,,
822915,2026-04-08,Seattle Mariners,Texas Rangers,0,3,1,0.5653822544212459,0.4346177455787541,home,True,,,,,,,,
822833,2026-04-08,Los Angeles Dodgers,Toronto Blue Jays,3,4,1,0.504505841587631,0.495494158412369,home,True,,,,,,,,
824374,2026-04-08,Houston Astros,Colorado Rockies,1,9,1,0.5144176554673754,0.4855823445326246,home,True,,,,,,,,
823234,2026-04-08,Philadelphia Phillies,San Francisco Giants,0,5,1,0.4870631777259771,0.5129368222740229,away,False,,,,,,,,
822753,2026-04-08,St. Louis Cardinals,Washington Nationals,6,1,0,0.4857386283755296,0.5142613716244704,away,True,,,,,,,,
824050,2026-04-08,Atlanta Braves,Los Angeles Angels,8,2,0,0.46886435239407376,0.5311356476059262,away,True,,,,,,,,
823646,2026-04-08,Arizona Diamondbacks,New York Mets,7,2,0,0.6229324104624221,0.3770675895375779,home,False,,,,,,,,
823000,2026-04-08,Chicago Cubs,Tampa Bay Rays,6,2,0,0.46655086491832926,0.5334491350816708,away,True,,,,,,,,
823885,2026-04-08,Cincinnati Reds,Miami Marlins,4,7,1,0.5053846806587431,0.4946153193412569,home,True,,,,,,,,
823564,2026-04-08,Athletics,New York Yankees,3,2,0,0.6408264938729441,0.3591735061270559,home,False,,,,,,,,
823726,2026-04-08,Detroit Tigers,Minnesota Twins,6,8,1,0.518039834127175,0.481960165872825,home,True,,,,,,,,
823884,2026-04-09,Cincinnati Reds,Miami Marlins,1,8,1,0.5269314134942208,0.4730685865057792,home,True,,,,,,,,
823565,2026-04-09,Athletics,New York Yankees,1,0,0,0.644533107980329,0.35546689201967097,home,False,,,,,,,,
823724,2026-04-09,Detroit Tigers,Minnesota Twins,1,3,1,0.5048621711852644,0.49513782881473556,home,True,,,,,,,,
823645,2026-04-09,Arizona Diamondbacks,New York Mets,7,1,0,0.5880485271080373,0.41195147289196266,home,False,,,,,,,,
824130,2026-04-09,Chicago White Sox,Kansas City Royals,2,0,0,0.6092839717655507,0.3907160282344493,home,False,,,,,,,,
823319,2026-04-09,Colorado Rockies,San Diego Padres,3,7,1,0.5335000282707424,0.4664999717292576,home,True,,,,,,,,
824695,2026-04-10,Pittsburgh Pirates,Chicago Cubs,2,0,0,0.5031130642899929,0.4968869357100071,home,False,,,,,,,,
823482,2026-04-10,Arizona Diamondbacks,Philadelphia Phillies,5,4,0,0.4926662023608332,0.5073337976391668,away,True,,,,,,,,
824297,2026-04-10,Miami Marlins,Detroit Tigers,0,2,1,0.49276888019688814,0.5072311198031119,away,False,,,,,,,,
824534,2026-04-10,Los Angeles Angels,Cincinnati Reds,10,2,0,0.5785201583007686,0.42147984169923136,home,False,,,,,,,,
822829,2026-04-10,Minnesota Twins,Toronto Blue Jays,4,10,1,0.4675317741939308,0.5324682258060691,away,False,,,,,,,,
822997,2026-04-10,New York Yankees,Tampa Bay Rays,3,5,1,0.46123339929192364,0.5387666007080764,away,False,,,,,,,,
823643,2026-04-10,Athletics,New York Mets,4,0,0,0.5785516837927129,0.42144831620728707,home,False,,,,,,,,
824858,2026-04-10,San Francisco Giants,Baltimore Orioles,6,3,0,0.5596935605151757,0.4403064394848243,home,False,,,,,,,,
824941,2026-04-10,Cleveland Guardians,Atlanta Braves,5,11,1,0.6041104870605459,0.39588951293945407,home,True,,,,,,,,
823808,2026-04-10,Washington Nationals,Milwaukee Brewers,7,3,0,0.6088066777247612,0.39119332227523884,home,False,,,,,,,,
824128,2026-04-10,Chicago White Sox,Kansas City Royals,0,2,1,0.553791170457648,0.44620882954235197,home,True,,,,,,,,
823076,2026-04-10,Boston Red Sox,St. Louis Cardinals,2,3,1,0.4811829330692858,0.5188170669307142,away,False,,,,,,,,
823156,2026-04-10,Houston Astros,Seattle Mariners,6,9,1,0.5383354251762807,0.46166457482371925,home,True,,,,,,,,
823318,2026-04-10,Colorado Rockies,San Diego Padres,2,5,1,0.5175441450457009,0.4824558549542991,home,True,,,,,,,,
823968,2026-04-10,Texas Rangers,Los Angeles Dodgers,7,8,1,0.5982251631229151,0.40177483687708493,home,True,,,,,,,,
823480,2026-04-11,Arizona Diamondbacks,Philadelphia Phillies,3,4,1,0.4737777813545667,0.5262222186454333,away,False,,,,,,,,
824294,2026-04-11,Miami Marlins,Detroit Tigers,1,6,1,0.4929274983278098,0.5070725016721902,away,False,,,,,,,,
824697,2026-04-11,Pittsburgh Pirates,Chicago Cubs,4,3,0,0.5364548570914927,0.46354514290850735,home,False,,,,,,,,
822830,2026-04-11,Minnesota Twins,Toronto Blue Jays,7,4,0,0.5071318607935106,0.4928681392064894,home,False,,,,,,,,
823644,2026-04-11,Athletics,New York Mets,11,6,0,0.5522096647003503,0.44779033529964973,home,False,,,,,,,,
824129,2026-04-11,Chicago White Sox,Kansas City Royals,0,2,1,0.6088652865318397,0.3911347134681603,home,True,,,,,,,,
824535,2026-04-11,Los Angeles Angels,Cincinnati Reds,3,7,1,0.5429556686599678,0.4570443313400322,home,True,,,,,,,,
822996,2026-04-11,New York Yankees,Tampa Bay Rays,4,5,1,0.4529024855971351,0.5470975144028649,away,False,,,,,,,,
823805,2026-04-11,Washington Nationals,Milwaukee Brewers,3,1,0,0.5765167544089028,0.4234832455910972,home,False,,,,,,,,
823074,2026-04-11,Boston Red Sox,St. Louis Cardinals,7,1,0,0.5283896332765377,0.47161036672346235,home,False,,,,,,,,
824857,2026-04-11,San Francisco Giants,Baltimore Orioles,2,6,1,0.5420792970092289,0.45792070299077114,home,True,,,,,,,,
824939,2026-04-11,Cleveland Guardians,Atlanta Braves,6,0,0,0.5790749747211292,0.42092502527887077,home,False,,,,,,,,
823316,2026-04-11,Colorado Rockies,San Diego Padres,5,9,1,0.557948742096446,0.44205125790355404,home,True,,,,,,,,
823967,2026-04-11,Texas Rangers,Los Angeles Dodgers,3,6,1,0.5427688256077283,0.4572311743922717,home,True,,,,,,,,
823155,2026-04-11,Houston Astros,Seattle Mariners,7,8,1,0.5315773536900765,0.4684226463099235,home,True,,,,,,,,
823479,2026-04-12,Arizona Diamondbacks,Philadelphia Phillies,4,3,0,0.5105700538862472,0.4894299461137528,home,False,,,,,,,,
824859,2026-04-12,San Francisco Giants,Baltimore Orioles,2,6,1,0.5620271762952123,0.43797282370478774,home,True,,,,,,,,
822828,2026-04-12,Minnesota Twins,Toronto Blue Jays,8,2,0,0.4560658561507105,0.5439341438492895,away,True,,,,,,,,
822998,2026-04-12,New York Yankees,Tampa Bay Rays,4,5,1,0.4566678614255524,0.5433321385744476,away,False,,,,,,,,
823642,2026-04-12,Athletics,New York Mets,1,0,0,0.5473008076621556,0.4526991923378444,home,False,,,,,,,,
824293,2026-04-12,Miami Marlins,Detroit Tigers,2,8,1,0.5135203180888769,0.4864796819111231,home,True,,,,,,,,
824533,2026-04-12,Los Angeles Angels,Cincinnati Reds,9,6,0,0.5325758306300962,0.46742416936990383,home,False,,,,,,,,
823804,2026-04-12,Washington Nationals,Milwaukee Brewers,8,6,0,0.5804619113544512,0.41953808864554876,home,False,,,,,,,,
824126,2026-04-12,Chicago White Sox,Kansas City Royals,6,5,0,0.5899505313660661,0.4100494686339339,home,False,,,,,,,,
823075,2026-04-12,Boston Red Sox,St. Louis Cardinals,9,3,0,0.5422597376085133,0.4577402623914867,home,False,,,,,,,,
824696,2026-04-12,Pittsburgh Pirates,Chicago Cubs,6,7,1,0.523708942453517,0.47629105754648304,home,True,,,,,,,,
823154,2026-04-12,Houston Astros,Seattle Mariners,1,6,1,0.5409200345758108,0.45907996542418916,home,True,,,,,,,,
823317,2026-04-12,Colorado Rockies,San Diego Padres,2,7,1,0.5474526884382146,0.4525473115617854,home,True,,,,,,,,
823966,2026-04-12,Texas Rangers,Los Angeles Dodgers,5,2,0,0.5766422416347228,0.4233577583652772,home,False,,,,,,,,
824938,2026-04-12,Cleveland Guardians,Atlanta Braves,1,13,1,0.6020656166042668,0.39793438339573317,home,True,,,,,,,,
823153,2026-04-13,Houston Astros,Seattle Mariners,2,6,1,0.5913696360923464,0.4086303639076536,home,True,,,,,,,,
824856,2026-04-13,Arizona Diamondbacks,Baltimore Orioles,7,9,1,0.5581754985381048,0.4418245014618952,home,True,,,,,,,,
823400,2026-04-13,Washington Nationals,Pittsburgh Pirates,5,16,1,0.5718270788311416,0.4281729211688584,home,True,,,,,,,,
823481,2026-04-13,Chicago Cubs,Philadelphia Phillies,7,13,1,0.48931688599119105,0.510683114008809,away,False,,,,,,,,
823563,2026-04-13,Los Angeles Angels,New York Yankees,10,11,1,0.5892463238545899,0.41075367614541014,home,True,,,,,,,,
824937,2026-04-13,Miami Marlins,Atlanta Braves,10,4,0,0.6305282640358013,0.3694717359641987,home,False,,,,,,,,
823725,2026-04-13,Boston Red Sox,Minnesota Twins,6,13,1,0.5291169265535247,0.4708830734464753,home,True,,,,,,,,
823073,2026-04-13,Cleveland Guardians,St. Louis Cardinals,9,3,0,0.48203568207538505,0.517964317924615,away,True,,,,,,,,
825024,2026-04-13,Texas Rangers,Athletics,8,1,0,0.519299126460612,0.48070087353938795,home,False,,,,,,,,
823964,2026-04-13,New York Mets,Los Angeles Dodgers,0,4,1,0.5966238080027163,0.4033761919972837,home,True,,,,,,,,
824853,2026-04-14,Arizona Diamondbacks,Baltimore Orioles,4,3,0,0.5539365300621778,0.4460634699378222,home,False,,,,,,,,
823398,2026-04-14,Washington Nationals,Pittsburgh Pirates,5,4,0,0.6075200440776448,0.3924799559223552,home,False,,,,,,,,
823478,2026-04-14,Chicago Cubs,Philadelphia Phillies,10,4,0,0.537481061889472,0.462518938110528,home,False,,,,,,,,
824292,2026-04-14,Kansas City Royals,Detroit Tigers,1,2,1,0.5411878433228451,0.4588121566771549,home,True,,,,,,,,
824531,2026-04-14,San Francisco Giants,Cincinnati Reds,1,2,1,0.5724898495264917,0.42751015047350827,home,True,,,,,,,,
823562,2026-04-14,Los Angeles Angels,New York Yankees,7,1,0,0.5726496538964209,0.42735034610357914,home,False,,,,,,,,
824935,2026-04-14,Miami Marlins,Atlanta Braves,5,6,1,0.5534868901516758,0.44651310984832415,home,True,,,,,,,,
823723,2026-04-14,Boston Red Sox,Minnesota Twins,0,6,1,0.5228216384052307,0.47717836159476934,home,True,,,,,,,,
823802,2026-04-14,Toronto Blue Jays,Milwaukee Brewers,9,7,0,0.6356269068781757,0.3643730931218243,home,False,,,,,,,,
824616,2026-04-14,Tampa Bay Rays,Chicago White Sox,8,5,0,0.5081929645356543,0.4918070354643457,home,False,,,,,,,,
823072,2026-04-14,Cleveland Guardians,St. Louis Cardinals,5,6,1,0.4545064031978521,0.5454935968021479,away,False,,,,,,,,
824210,2026-04-14,Colorado Rockies,Houston Astros,6,7,1,0.5037536160397723,0.4962463839602277,home,True,,,,,,,,
823315,2026-04-14,Seattle Mariners,San Diego Padres,1,4,1,0.5585946298662704,0.4414053701337296,home,True,,,,,,,,
825022,2026-04-14,Texas Rangers,Athletics,1,2,1,0.4798440596187576,0.5201559403812424,away,False,,,,,,,,
823965,2026-04-14,New York Mets,Los Angeles Dodgers,1,2,1,0.6355845599642207,0.3644154400357793,home,True,,,,,,,,
824855,2026-04-15,Arizona Diamondbacks,Baltimore Orioles,8,5,0,0.5331819730096,0.4668180269904,home,False,,,,,,,,
823071,2026-04-15,Cleveland Guardians,St. Louis Cardinals,3,5,1,0.5083910372573553,0.49160896274264465,home,True,,,,,,,,
823722,2026-04-15,Boston Red Sox,Minnesota Twins,9,5,0,0.5833923830606474,0.41660761693935255,home,False,,,,,,,,
823399,2026-04-15,Washington Nationals,Pittsburgh Pirates,0,2,1,0.5856491498658695,0.41435085013413053,home,True,,,,,,,,
823477,2026-04-15,Chicago Cubs,Philadelphia Phillies,11,2,0,0.5079980435907782,0.49200195640922184,home,False,,,,,,,,
824291,2026-04-15,Kansas City Royals,Detroit Tigers,1,2,1,0.5501376524207617,0.44986234757923826,home,True,,,,,,,,
824532,2026-04-15,San Francisco Giants,Cincinnati Reds,3,8,1,0.5742374438887269,0.4257625561112731,home,True,,,,,,,,
823561,2026-04-15,Los Angeles Angels,New York Yankees,4,5,1,0.5323509140280492,0.46764908597195076,home,True,,,,,,,,
824936,2026-04-15,Miami Marlins,Atlanta Braves,3,6,1,0.6003639438082577,0.39963605619174225,home,True,,,,,,,,
823803,2026-04-15,Toronto Blue Jays,Milwaukee Brewers,1,2,1,0.6109451938785311,0.3890548061214689,home,True,,,,,,,,
824615,2026-04-15,Tampa Bay Rays,Chicago White Sox,8,3,0,0.48088288063920986,0.5191171193607902,away,True,,,,,,,,
824209,2026-04-15,Colorado Rockies,Houston Astros,1,3,1,0.5083528420145114,0.49164715798548864,home,True,,,,,,,,
823314,2026-04-15,Seattle Mariners,San Diego Padres,6,7,1,0.5711134083296409,0.42888659167035914,home,True,,,,,,,,
825021,2026-04-15,Texas Rangers,Athletics,5,6,1,0.5089446993759502,0.4910553006240498,home,True,,,,,,,,
823963,2026-04-15,New York Mets,Los Angeles Dodgers,2,8,1,0.622476264811086,0.377523735188914,home,True,,,,,,,,
823396,2026-04-16,Washington Nationals,Pittsburgh Pirates,8,7,0,0.6319296742729137,0.3680703257270863,home,False,,,,,,,,
824530,2026-04-16,San Francisco Giants,Cincinnati Reds,3,0,0,0.6195578582195506,0.38044214178044944,home,False,,,,,,,,
824289,2026-04-16,Kansas City Royals,Detroit Tigers,9,10,1,0.5695860460601235,0.43041395393987647,home,True,,,,,,,,
823560,2026-04-16,Los Angeles Angels,New York Yankees,11,4,0,0.5767082803772752,0.4232917196227248,home,False,,,,,,,,
823801,2026-04-16,Toronto Blue Jays,Milwaukee Brewers,1,2,1,0.5898105039604077,0.4101894960395923,home,True,,,,,,,,
824614,2026-04-16,Tampa Bay Rays,Chicago White Sox,5,3,0,0.4283816594785618,0.5716183405214381,away,True,,,,,,,,
825023,2026-04-16,Texas Rangers,Athletics,9,6,0,0.5133536944428377,0.48664630555716226,home,False,,,,,,,,
824453,2026-04-16,Baltimore Orioles,Cleveland Guardians,2,4,1,0.533558429137092,0.46644157086290805,home,True,,,,,,,,
824208,2026-04-16,Colorado Rockies,Houston Astros,3,2,0,0.5175873950950725,0.48241260490492754,home,False,,,,,,,,
823313,2026-04-16,Seattle Mariners,San Diego Padres,2,5,1,0.5649841353668582,0.4350158646331418,home,True,,,,,,,,
824693,2026-04-17,New York Mets,Chicago Cubs,4,12,1,0.5995990104856345,0.40040098951436554,home,True,,,,,,,,
824454,2026-04-17,Baltimore Orioles,Cleveland Guardians,6,4,0,0.5300259659541663,0.4699740340458337,home,False,,,,,,,,
823476,2026-04-17,Atlanta Braves,Philadelphia Phillies,9,0,0,0.420301096005308,0.579698903994692,away,True,,,,,,,,
822752,2026-04-17,San Francisco Giants,Washington Nationals,10,5,0,0.5399222578505882,0.4600777421494118,home,False,,,,,,,,
823397,2026-04-17,Tampa Bay Rays,Pittsburgh Pirates,1,5,1,0.5343069677285116,0.4656930322714884,home,True,,,,,,,,
823559,2026-04-17,Kansas City Royals,New York Yankees,2,4,1,0.5665091460885683,0.4334908539114317,home,True,,,,,,,,
823883,2026-04-17,Milwaukee Brewers,Miami Marlins,7,5,0,0.5124126961664885,0.48758730383351145,home,False,,,,,,,,
824778,2026-04-17,Detroit Tigers,Boston Red Sox,0,1,1,0.5058322442615568,0.4941677557384432,home,True,,,,,,,,
823720,2026-04-17,Cincinnati Reds,Minnesota Twins,2,1,0,0.5558528318889385,0.4441471681110615,home,False,,,,,,,,
824207,2026-04-17,St. Louis Cardinals,Houston Astros,9,4,0,0.48998775600974687,0.5100122439902531,away,True,,,,,,,,
824373,2026-04-17,Los Angeles Dodgers,Colorado Rockies,7,1,0,0.49501342682898825,0.5049865731710117,away,True,,,,,,,,
824048,2026-04-17,San Diego Padres,Los Angeles Angels,0,8,1,0.5168734183660821,0.48312658163391786,home,True,,,,,,,,
823152,2026-04-17,Texas Rangers,Seattle Mariners,5,0,0,0.5148657144909232,0.4851342855090768,home,False,,,,,,,,
825019,2026-04-17,Chicago White Sox,Athletics,9,2,0,0.6360037029781334,0.36399629702186664,home,False,,,,,,,,
825101,2026-04-17,Toronto Blue Jays,Arizona Diamondbacks,3,6,1,0.6212247184035502,0.3787752815964498,home,True,,,,,,,,
823558,2026-04-18,Kansas City Royals,New York Yankees,4,13,1,0.5921060814991085,0.4078939185008915,home,True,,,,,,,,
823721,2026-04-18,Cincinnati Reds,Minnesota Twins,5,4,0,0.5493788402893744,0.45062115971062555,home,False,,,,,,,,
824694,2026-04-18,New York Mets,Chicago Cubs,2,4,1,0.6606068170506559,0.33939318294934406,home,True,,,,,,,,
823394,2026-04-18,Tampa Bay Rays,Pittsburgh Pirates,8,7,0,0.5669544051326058,0.43304559486739425,home,False,,,,,,,,
822751,2026-04-18,San Francisco Giants,Washington Nationals,7,6,0,0.5068234404068381,0.49317655959316187,home,False,,,,,,,,
825020,2026-04-18,Chicago White Sox,Athletics,6,7,1,0.5726630437329718,0.42733695626702817,home,True,,,,,,,,
823882,2026-04-18,Milwaukee Brewers,Miami Marlins,5,2,0,0.491378441169177,0.5086215588308229,away,True,,,,,,,,
824775,2026-04-18,Detroit Tigers,Boston Red Sox,4,1,0,0.49635655332046386,0.5036434466795361,away,True,,,,,,,,
824451,2026-04-18,Baltimore Orioles,Cleveland Guardians,2,4,1,0.5174969721920707,0.4825030278079293,home,True,,,,,,,,
824206,2026-04-18,St. Louis Cardinals,Houston Astros,7,5,0,0.4846934917722028,0.5153065082277972,away,True,,,,,,,,
823151,2026-04-18,Texas Rangers,Seattle Mariners,3,7,1,0.4992450046942831,0.5007549953057169,away,False,,,,,,,,
823474,2026-04-18,Atlanta Braves,Philadelphia Phillies,3,1,0,0.3964780218982517,0.6035219781017482,away,True,,,,,,,,
824372,2026-04-18,Los Angeles Dodgers,Colorado Rockies,3,4,1,0.49018430160223736,0.5098156983977626,away,False,,,,,,,,
825098,2026-04-18,Toronto Blue Jays,Arizona Diamondbacks,2,6,1,0.6580940040517436,0.34190599594825644,home,True,,,,,,,,
824049,2026-04-18,San Diego Padres,Los Angeles Angels,4,1,0,0.5174858217442387,0.48251417825576126,home,False,,,,,,,,
822750,2026-04-19,San Francisco Giants,Washington Nationals,0,3,1,0.4999683376285657,0.5000316623714343,away,False,,,,,,,,
823393,2026-04-19,Tampa Bay Rays,Pittsburgh Pirates,3,6,1,0.5379192424410563,0.46208075755894373,home,True,,,,,,,,
823556,2026-04-19,Kansas City Royals,New York Yankees,0,7,1,0.6439698238589634,0.3560301761410366,home,True,,,,,,,,
823881,2026-04-19,Milwaukee Brewers,Miami Marlins,3,5,1,0.5012960809108509,0.49870391908914913,home,True,,,,,,,,
824452,2026-04-19,Baltimore Orioles,Cleveland Guardians,4,8,1,0.5381013341587437,0.4618986658412563,home,True,,,,,,,,
823718,2026-04-19,Cincinnati Reds,Minnesota Twins,7,4,0,0.538047654420254,0.46195234557974596,home,False,,,,,,,,
824205,2026-04-19,St. Louis Cardinals,Houston Astros,7,5,0,0.4601235040777347,0.5398764959222653,away,True,,,,,,,,
824691,2026-04-19,New York Mets,Chicago Cubs,1,2,1,0.6372111711250933,0.3627888288749067,home,True,,,,,,,,
824371,2026-04-19,Los Angeles Dodgers,Colorado Rockies,6,9,1,0.5155409457328703,0.48445905426712965,home,True,,,,,,,,
825018,2026-04-19,Chicago White Sox,Athletics,7,4,0,0.583145925231729,0.41685407476827097,home,False,,,,,,,,
824047,2026-04-19,San Diego Padres,Los Angeles Angels,2,1,0,0.5086506729100829,0.4913493270899171,home,False,,,,,,,,
823150,2026-04-19,Texas Rangers,Seattle Mariners,2,5,1,0.5088294936203999,0.49117050637960014,home,True,,,,,,,,
825100,2026-04-19,Toronto Blue Jays,Arizona Diamondbacks,10,4,0,0.5807914476005228,0.4192085523994772,home,False,,,,,,,,
824777,2026-04-19,Detroit Tigers,Boston Red Sox,6,2,0,0.48739856851780294,0.5126014314821971,away,True,,,,,,,,
823475,2026-04-19,Atlanta Braves,Philadelphia Phillies,4,2,0,0.42474451368384897,0.575255486316151,away,True,,,,,,,,
824776,2026-04-20,Detroit Tigers,Boston Red Sox,6,8,1,0.5034596154874802,0.4965403845125198,home,True,,,,,,,,
824450,2026-04-20,Houston Astros,Cleveland Guardians,9,2,0,0.5810929987310076,0.4189070012689924,home,False,,,,,,,,
822994,2026-04-20,Cincinnati Reds,Tampa Bay Rays,6,1,0,0.5106203339198548,0.48937966608014516,home,False,,,,,,,,
823879,2026-04-20,St. Louis Cardinals,Miami Marlins,3,5,1,0.5146097965106775,0.4853902034893225,home,True,,,,,,,,
822749,2026-04-20,Atlanta Braves,Washington Nationals,9,4,0,0.46239228792636455,0.5376077120736354,away,True,,,,,,,,
824125,2026-04-20,Baltimore Orioles,Kansas City Royals,7,5,0,0.5130668606806442,0.4869331393193558,home,False,,,,,,,,
824692,2026-04-20,Philadelphia Phillies,Chicago Cubs,1,5,1,0.6417321388455086,0.3582678611544914,home,True,,,,,,,,
824370,2026-04-20,Los Angeles Dodgers,Colorado Rockies,12,3,0,0.4763984262572242,0.5236015737427758,away,True,,,,,,,,
824046,2026-04-20,Toronto Blue Jays,Los Angeles Angels,5,2,0,0.597419431359114,0.402580568640886,home,False,,,,,,,,
823149,2026-04-20,Athletics,Seattle Mariners,6,4,0,0.5570228746405403,0.44297712535945966,home,False,,,,,,,,
824448,2026-04-21,Houston Astros,Cleveland Guardians,5,8,1,0.6072769609633716,0.3927230390366284,home,True,,,,,,,,
822995,2026-04-21,Cincinnati Reds,Tampa Bay Rays,12,6,0,0.5160542543452079,0.4839457456547921,home,False,,,,,,,,
823880,2026-04-21,St. Louis Cardinals,Miami Marlins,5,3,0,0.5104332673190687,0.4895667326809313,home,False,,,,,,,,
824290,2026-04-21,Milwaukee Brewers,Detroit Tigers,12,4,0,0.5379072960547058,0.4620927039452942,home,False,,,,,,,,
822747,2026-04-21,Atlanta Braves,Washington Nationals,4,11,1,0.4638001014420836,0.5361998985579164,away,False,,,,,,,,
824773,2026-04-21,New York Yankees,Boston Red Sox,4,0,0,0.47978004944602115,0.5202199505539788,away,True,,,,,,,,
823640,2026-04-21,Minnesota Twins,New York Mets,5,3,0,0.4664616635028675,0.5335383364971324,away,True,,,,,,,,
824127,2026-04-21,Baltimore Orioles,Kansas City Royals,5,6,1,0.5093265336810583,0.4906734663189417,home,True,,,,,,,,
824690,2026-04-21,Philadelphia Phillies,Chicago Cubs,4,7,1,0.6443861679645748,0.3556138320354252,home,True,,,,,,,,
822914,2026-04-21,Pittsburgh Pirates,Texas Rangers,1,5,1,0.5009805921634838,0.4990194078365162,home,True,,,,,,,,
824369,2026-04-21,San Diego Padres,Colorado Rockies,1,0,0,0.4612591259385587,0.5387408740614412,away,True,,,,,,,,
824045,2026-04-21,Toronto Blue Jays,Los Angeles Angels,4,2,0,0.5961341677991876,0.4038658322008124,home,False,,,,,,,,
823148,2026-04-21,Athletics,Seattle Mariners,5,2,0,0.5407018772087642,0.45929812279123583,home,False,,,,,,,,
825099,2026-04-21,Chicago White Sox,Arizona Diamondbacks,11,5,0,0.5771665426729572,0.4228334573270428,home,False,,,,,,,,
823236,2026-04-21,Los Angeles Dodgers,San Francisco Giants,1,3,1,0.4603188464440844,0.5396811535559156,away,False,,,,,,,,
823878,2026-04-22,St. Louis Cardinals,Miami Marlins,1,4,1,0.5188586617861476,0.4811413382138524,home,True,,,,,,,,
822993,2026-04-22,Cincinnati Reds,Tampa Bay Rays,1,6,1,0.48628564385276973,0.5137143561472303,away,False,,,,,,,,
824449,2026-04-22,Houston Astros,Cleveland Guardians,2,0,0,0.6026766178447703,0.39732338215522967,home,False,,,,,,,,
824123,2026-04-22,Baltimore Orioles,Kansas City Royals,8,6,0,0.508400389182487,0.491599610817513,home,False,,,,,,,,
824044,2026-04-22,Toronto Blue Jays,Los Angeles Angels,3,7,1,0.5648548574061365,0.4351451425938635,home,True,,,,,,,,
823147,2026-04-22,Athletics,Seattle Mariners,4,5,1,0.5453840667996963,0.4546159332003037,home,True,,,,,,,,
824286,2026-04-22,Milwaukee Brewers,Detroit Tigers,2,5,1,0.5231134817575864,0.47688651824241357,home,True,,,,,,,,
822748,2026-04-22,Atlanta Braves,Washington Nationals,8,6,0,0.45389977515740815,0.5461002248425919,away,True,,,,,,,,
824774,2026-04-22,New York Yankees,Boston Red Sox,4,1,0,0.4723453827456792,0.5276546172543208,away,True,,,,,,,,
823641,2026-04-22,Minnesota Twins,New York Mets,2,3,1,0.46893958873702213,0.5310604112629779,away,False,,,,,,,,
824688,2026-04-22,Philadelphia Phillies,Chicago Cubs,2,7,1,0.6526026038000956,0.3473973961999044,home,True,,,,,,,,
822913,2026-04-22,Pittsburgh Pirates,Texas Rangers,8,4,0,0.5416539339435664,0.4583460660564336,home,False,,,,,,,,
824367,2026-04-22,San Diego Padres,Colorado Rockies,3,8,1,0.4969464126547922,0.5030535873452078,away,False,,,,,,,,
825097,2026-04-22,Chicago White Sox,Arizona Diamondbacks,7,11,1,0.5791797951351597,0.4208202048648403,home,True,,,,,,,,
823231,2026-04-22,Los Angeles Dodgers,San Francisco Giants,0,3,1,0.43100817790997004,0.56899182209003,away,False,,,,,,,,
822745,2026-04-23,Atlanta Braves,Washington Nationals,7,2,0,0.4838172813960063,0.5161827186039937,away,True,,,,,,,,
824288,2026-04-23,Milwaukee Brewers,Detroit Tigers,4,5,1,0.5349088946046959,0.46509110539530407,home,True,,,,,,,,
824689,2026-04-23,Philadelphia Phillies,Chicago Cubs,7,8,1,0.6860239392856884,0.3139760607143116,home,True,,,,,,,,
824368,2026-04-23,San Diego Padres,Colorado Rockies,10,8,0,0.5359372351660282,0.4640627648339718,home,False,,,,,,,,
825096,2026-04-23,Chicago White Sox,Arizona Diamondbacks,4,1,0,0.58496464262288,0.41503535737712005,home,False,,,,,,,,
823233,2026-04-23,Los Angeles Dodgers,San Francisco Giants,3,0,0,0.46496545590264027,0.5350345440973597,away,True,,,,,,,,
824770,2026-04-23,New York Yankees,Boston Red Sox,4,2,0,0.4409306109898655,0.5590693890101345,away,True,,,,,,,,
823639,2026-04-23,Minnesota Twins,New York Mets,8,10,1,0.443203828535249,0.556796171464751,away,False,,,,,,,,
822912,2026-04-23,Pittsburgh Pirates,Texas Rangers,1,6,1,0.5391906513939849,0.4608093486060151,home,True,,,,,,,,
824529,2026-04-24,Detroit Tigers,Cincinnati Reds,8,9,1,0.5140779384651326,0.4859220615348674,home,True,,,,,,,,
824854,2026-04-24,Boston Red Sox,Baltimore Orioles,3,10,1,0.5216826425751073,0.4783173574248927,home,True,,,,,,,,
822827,2026-04-24,Cleveland Guardians,Toronto Blue Jays,8,6,0,0.43300375348369646,0.5669962465163035,away,True,,,,,,,,
822992,2026-04-24,Minnesota Twins,Tampa Bay Rays,2,6,1,0.47852563743078597,0.521474362569214,away,False,,,,,,,,
823638,2026-04-24,Colorado Rockies,New York Mets,4,3,0,0.5215232095404653,0.47847679045953473,home,False,,,,,,,,
824932,2026-04-24,Philadelphia Phillies,Atlanta Braves,3,5,1,0.6816397299895981,0.3183602700104019,home,True,,,,,,,,
823800,2026-04-24,Pittsburgh Pirates,Milwaukee Brewers,6,0,0,0.5053608406502237,0.4946391593497763,home,False,,,,,,,,
824124,2026-04-24,Los Angeles Angels,Kansas City Royals,3,6,1,0.47749398222013484,0.5225060177798652,away,False,,,,,,,,
824611,2026-04-24,Washington Nationals,Chicago White Sox,4,5,1,0.5171591083583388,0.4828408916416612,home,True,,,,,,,,
822909,2026-04-24,Athletics,Texas Rangers,8,1,0,0.5490474537391826,0.4509525462608174,home,False,,,,,,,,
824204,2026-04-24,New York Yankees,Houston Astros,12,4,0,0.4508869552691198,0.5491130447308802,away,True,,,,,,,,
823069,2026-04-24,Seattle Mariners,St. Louis Cardinals,3,2,0,0.5039391773947757,0.4960608226052243,home,False,,,,,,,,
823232,2026-04-24,Miami Marlins,San Francisco Giants,9,4,0,0.5075088197021944,0.4924911802978056,home,False,,,,,,,,
823962,2026-04-24,Chicago Cubs,Los Angeles Dodgers,6,4,0,0.570799646228986,0.42920035377101395,home,False,,,,,,,,
824851,2026-04-25,Boston Red Sox,Baltimore Orioles,17,1,0,0.601825172800964,0.39817482719903596,home,False,,,,,,,,
823070,2026-04-25,Seattle Mariners,St. Louis Cardinals,11,9,0,0.5213688019067759,0.4786311980932241,home,False,,,,,,,,
822826,2026-04-25,Cleveland Guardians,Toronto Blue Jays,3,5,1,0.48459209469573383,0.5154079053042662,away,False,,,,,,,,
823229,2026-04-25,Miami Marlins,San Francisco Giants,2,6,1,0.4952315663788442,0.5047684336211558,away,False,,,,,,,,
822989,2026-04-25,Minnesota Twins,Tampa Bay Rays,1,6,1,0.5107244013016623,0.4892755986983377,home,True,,,,,,,,
824613,2026-04-25,Washington Nationals,Chicago White Sox,6,3,0,0.5259245836307915,0.47407541636920847,home,False,,,,,,,,
825093,2026-04-25,San Diego Padres,Arizona Diamondbacks,6,4,0,0.460515935528089,0.539484064471911,away,True,,,,,,,,
822910,2026-04-25,Athletics,Texas Rangers,3,4,1,0.5623730034204488,0.4376269965795512,home,True,,,,,,,,
823799,2026-04-25,Pittsburgh Pirates,Milwaukee Brewers,6,3,0,0.5138838620338514,0.4861161379661486,home,False,,,,,,,,
824121,2026-04-25,Los Angeles Angels,Kansas City Royals,1,12,1,0.4783195968435212,0.5216804031564788,away,False,,,,,,,,
824203,2026-04-25,New York Yankees,Houston Astros,8,3,0,0.4680839892591882,0.5319160107408119,away,True,,,,,,,,
823960,2026-04-25,Chicago Cubs,Los Angeles Dodgers,4,12,1,0.5338112965177019,0.46618870348229813,home,True,,,,,,,,
824527,2026-04-25,Detroit Tigers,Cincinnati Reds,2,9,1,0.5440338509309828,0.4559661490690172,home,True,,,,,,,,
824933,2026-04-25,Philadelphia Phillies,Atlanta Braves,8,5,0,0.6831686972843143,0.3168313027156857,home,False,,,,,,,,
824852,2026-04-26,Boston Red Sox,Baltimore Orioles,5,3,0,0.5392397286097275,0.46076027139027254,home,False,,,,,,,,
824934,2026-04-26,Philadelphia Phillies,Atlanta Braves,2,6,1,0.6551805115600575,0.3448194884399425,home,True,,,,,,,,
822824,2026-04-26,Cleveland Guardians,Toronto Blue Jays,2,4,1,0.5086105799865897,0.49138942001341035,home,True,,,,,,,,
822991,2026-04-26,Minnesota Twins,Tampa Bay Rays,2,4,1,0.5310201452625102,0.4689798547374898,home,True,,,,,,,,
823635,2026-04-26,Colorado Rockies,New York Mets,3,1,0,0.512634634545329,0.487365365454671,home,False,,,,,,,,
824528,2026-04-26,Detroit Tigers,Cincinnati Reds,8,3,0,0.5608598050051452,0.4391401949948548,home,False,,,,,,,,
823637,2026-04-26,Colorado Rockies,New York Mets,3,0,0,0.5294220518151209,0.4705779481848791,home,False,,,,,,,,
823797,2026-04-26,Pittsburgh Pirates,Milwaukee Brewers,0,5,1,0.5128555337988022,0.4871444662011978,home,True,,,,,,,,
824202,2026-04-26,New York Yankees,Houston Astros,4,7,1,0.47259987765733547,0.5274001223426645,away,False,,,,,,,,
824612,2026-04-26,Washington Nationals,Chicago White Sox,2,1,0,0.5270788457085412,0.47292115429145876,home,False,,,,,,,,
823068,2026-04-26,Seattle Mariners,St. Louis Cardinals,3,2,0,0.5019036722366881,0.4980963277633119,home,False,,,,,,,,
822911,2026-04-26,Athletics,Texas Rangers,2,1,0,0.5568674749473047,0.4431325250526953,home,False,,,,,,,,
823230,2026-04-26,Miami Marlins,San Francisco Giants,3,6,1,0.5320221080624544,0.4679778919375456,home,True,,,,,,,,
825094,2026-04-26,San Diego Padres,Arizona Diamondbacks,7,12,1,0.4640088021095545,0.5359911978904455,away,False,,,,,,,,
823959,2026-04-26,Chicago Cubs,Los Angeles Dodgers,0,6,1,0.5562040885826893,0.4437959114173107,home,True,,,,,,,,
824122,2026-04-26,Los Angeles Angels,Kansas City Royals,9,11,1,0.5056448042127393,0.4943551957872607,home,True,,,,,,,,
824446,2026-04-27,Tampa Bay Rays,Cleveland Guardians,3,2,0,0.5345624198151655,0.4654375801848345,home,False,,,,,,,,
823395,2026-04-27,St. Louis Cardinals,Pittsburgh Pirates,4,2,0,0.5588141297170806,0.44118587028291945,home,False,,,,,,,,
822825,2026-04-27,Boston Red Sox,Toronto Blue Jays,5,0,0,0.5289498059326267,0.47105019406737325,home,False,,,,,,,,
823719,2026-04-27,Seattle Mariners,Minnesota Twins,4,11,1,0.5030692652944914,0.49693073470550864,home,True,,,,,,,,
824609,2026-04-27,Los Angeles Angels,Chicago White Sox,7,8,1,0.5173060269819119,0.48269397301808814,home,True,,,,,,,,
822906,2026-04-27,New York Yankees,Texas Rangers,4,2,0,0.50204186010906,0.49795813989093995,home,False,,,,,,,,
823311,2026-04-27,Chicago Cubs,San Diego Padres,7,9,1,0.5137132410162749,0.4862867589837251,home,True,,,,,,,,
823961,2026-04-27,Miami Marlins,Los Angeles Dodgers,4,5,1,0.6077391056441499,0.3922608943558501,home,True,,,,,,,,
824447,2026-04-28,Tampa Bay Rays,Cleveland Guardians,1,0,0,0.49191984347692874,0.5080801565230713,away,True,,,,,,,,
824849,2026-04-28,Houston Astros,Baltimore Orioles,3,5,1,0.541175633881841,0.458824366118159,home,True,,,,,,,,
823390,2026-04-28,St. Louis Cardinals,Pittsburgh Pirates,11,7,0,0.5662781381897731,0.43372186181022687,home,False,,,,,,,,
823473,2026-04-28,San Francisco Giants,Philadelphia Phillies,0,7,1,0.45661284269132013,0.5433871573086799,away,False,,,,,,,,
824526,2026-04-28,Colorado Rockies,Cincinnati Reds,2,7,1,0.5754026168227283,0.4245973831772717,home,True,,,,,,,,
822823,2026-04-28,Boston Red Sox,Toronto Blue Jays,0,3,1,0.5301443680608687,0.46985563193913127,home,True,,,,,,,,
823636,2026-04-28,Washington Nationals,New York Mets,0,8,1,0.4807976026587844,0.5192023973412156,away,False,,,,,,,,
824931,2026-04-28,Detroit Tigers,Atlanta Braves,2,5,1,0.5822237895768464,0.4177762104231536,home,True,,,,,,,,
823716,2026-04-28,Seattle Mariners,Minnesota Twins,7,1,0,0.5108288512978314,0.4891711487021686,home,False,,,,,,,,
823798,2026-04-28,Arizona Diamondbacks,Milwaukee Brewers,2,13,1,0.5479845101837623,0.45201548981623774,home,True,,,,,,,,
824610,2026-04-28,Los Angeles Angels,Chicago White Sox,2,5,1,0.5464684194574145,0.45353158054258547,home,True,,,,,,,,
822908,2026-04-28,New York Yankees,Texas Rangers,3,2,0,0.518344314295672,0.48165568570432804,home,False,,,,,,,,
823310,2026-04-28,Chicago Cubs,San Diego Padres,8,3,0,0.4798610356343488,0.5201389643656512,away,True,,,,,,,,
825017,2026-04-28,Kansas City Royals,Athletics,4,1,0,0.5357464309805767,0.4642535690194233,home,False,,,,,,,,
823956,2026-04-28,Miami Marlins,Los Angeles Dodgers,2,1,0,0.6033251833725913,0.39667481662740867,home,False,,,,,,,,
824445,2026-04-29,Tampa Bay Rays,Cleveland Guardians,1,3,1,0.5239155812953045,0.47608441870469553,home,True,,,,,,,,
824608,2026-04-29,Los Angeles Angels,Chicago White Sox,2,3,1,0.5509404807315522,0.4490595192684478,home,True,,,,,,,,
823717,2026-04-29,Seattle Mariners,Minnesota Twins,5,3,0,0.5164469302366519,0.4835530697633481,home,False,,,,,,,,
822907,2026-04-29,New York Yankees,Texas Rangers,0,3,1,0.5163197860978562,0.4836802139021438,home,True,,,,,,,,
822821,2026-04-29,Boston Red Sox,Toronto Blue Jays,1,8,1,0.5346857302777707,0.46531426972222933,home,True,,,,,,,,
823958,2026-04-29,Miami Marlins,Los Angeles Dodgers,3,2,0,0.5933692530041544,0.40663074699584556,home,False,,,,,,,,
823312,2026-04-29,Chicago Cubs,San Diego Padres,5,4,0,0.4719821414177127,0.5280178585822872,away,True,,,,,,,,
823392,2026-04-29,St. Louis Cardinals,Pittsburgh Pirates,5,4,0,0.5580081556998734,0.4419918443001266,home,False,,,,,,,,
824525,2026-04-29,Colorado Rockies,Cincinnati Reds,13,2,0,0.5747763333371073,0.4252236666628927,home,False,,,,,,,,
823633,2026-04-29,Washington Nationals,New York Mets,14,2,0,0.5016612375546654,0.4983387624453346,home,False,,,,,,,,
824930,2026-04-29,Detroit Tigers,Atlanta Braves,3,4,1,0.5860562884301078,0.4139437115698922,home,True,,,,,,,,
823796,2026-04-29,Arizona Diamondbacks,Milwaukee Brewers,6,2,0,0.5706855802677091,0.4293144197322909,home,False,,,,,,,,
825015,2026-04-29,Kansas City Royals,Athletics,2,5,1,0.5496651773240661,0.45033482267593394,home,True,,,,,,,,
824929,2026-04-30,Detroit Tigers,Atlanta Braves,5,2,0,0.6061911730694658,0.3938088269305342,home,False,,,,,,,,
823391,2026-04-30,St. Louis Cardinals,Pittsburgh Pirates,10,5,0,0.5460681602955247,0.45393183970447526,home,False,,,,,,,,
823472,2026-04-30,San Francisco Giants,Philadelphia Phillies,2,3,1,0.5074872338025642,0.4925127661974358,home,True,,,,,,,,
824848,2026-04-30,Houston Astros,Baltimore Orioles,3,10,1,0.5723117164505868,0.42768828354941324,home,True,,,,,,,,
824524,2026-04-30,Colorado Rockies,Cincinnati Reds,4,6,1,0.5284334316543498,0.47156656834565025,home,True,,,,,,,,
824850,2026-04-30,Houston Astros,Baltimore Orioles,11,5,0,0.6205857078649882,0.37941429213501177,home,False,,,,,,,,
823634,2026-04-30,Washington Nationals,New York Mets,5,4,0,0.5211204827398821,0.4788795172601179,home,False,,,,,,,,
823795,2026-04-30,Arizona Diamondbacks,Milwaukee Brewers,1,13,1,0.5625984001712555,0.4374015998287445,home,True,,,,,,,,
825016,2026-04-30,Kansas City Royals,Athletics,3,6,1,0.5568998508456064,0.44310014915439355,home,True,,,,,,,,
823471,2026-04-30,San Francisco Giants,Philadelphia Phillies,5,6,1,0.4933242639716839,0.5066757360283161,away,False,,,,,,,,
823714,2026-04-30,Toronto Blue Jays,Minnesota Twins,1,7,1,0.5116585001556108,0.48834149984438924,home,True,,,,,,,,
824686,2026-05-01,Arizona Diamondbacks,Chicago Cubs,5,6,1,0.5984391731404552,0.40156082685954475,home,True,,,,,,,,
824287,2026-05-01,Texas Rangers,Detroit Tigers,5,4,0,0.5102865710135688,0.4897134289864312,home,False,,,,,,,,
822744,2026-05-01,Milwaukee Brewers,Washington Nationals,6,1,0,0.494698527140112,0.505301472859888,away,True,,,,,,,,
823389,2026-05-01,Cincinnati Reds,Pittsburgh Pirates,1,9,1,0.5260446423311088,0.4739553576688912,home,True,,,,,,,,
823557,2026-05-01,Baltimore Orioles,New York Yankees,2,7,1,0.6341174749104844,0.3658825250895156,home,True,,,,,,,,
822990,2026-05-01,San Francisco Giants,Tampa Bay Rays,0,3,1,0.5469617279928297,0.4530382720071703,home,True,,,,,,,,
823877,2026-05-01,Philadelphia Phillies,Miami Marlins,6,5,0,0.6116163887105424,0.38838361128945764,home,False,,,,,,,,
824772,2026-05-01,Houston Astros,Boston Red Sox,1,3,1,0.5232160116629391,0.4767839883370609,home,True,,,,,,,,
823713,2026-05-01,Toronto Blue Jays,Minnesota Twins,7,3,0,0.5192660996926519,0.4807339003073481,home,False,,,,,,,,
823066,2026-05-01,Los Angeles Dodgers,St. Louis Cardinals,2,7,1,0.4536358763919672,0.5463641236080328,away,False,,,,,,,,
824366,2026-05-01,Atlanta Braves,Colorado Rockies,8,6,0,0.4600592385065751,0.5399407614934248,away,True,,,,,,,,
824041,2026-05-01,New York Mets,Los Angeles Angels,4,3,0,0.5404666390351279,0.4595333609648721,home,False,,,,,,,,
823309,2026-05-01,Chicago White Sox,San Diego Padres,8,2,0,0.5713840261905968,0.4286159738094032,home,False,,,,,,,,
825012,2026-05-01,Cleveland Guardians,Athletics,8,5,0,0.5298258025348982,0.4701741974651018,home,False,,,,,,,,
823146,2026-05-01,Kansas City Royals,Seattle Mariners,7,6,0,0.5852119768808967,0.41478802311910334,home,False,,,,,,,,
823554,2026-05-02,Baltimore Orioles,New York Yankees,4,9,1,0.6236288452702706,0.3763711547297294,home,True,,,,,,,,
823715,2026-05-02,Toronto Blue Jays,Minnesota Twins,11,4,0,0.51386211154341,0.48613788845659,home,False,,,,,,,,
824685,2026-05-02,Arizona Diamondbacks,Chicago Cubs,0,2,1,0.5924490179123734,0.40755098208762663,home,True,,,,,,,,
822746,2026-05-02,Milwaukee Brewers,Washington Nationals,4,1,0,0.4680178770310271,0.531982122968973,away,True,,,,,,,,
823388,2026-05-02,Cincinnati Reds,Pittsburgh Pirates,7,17,1,0.5462105459845,0.45378945401549997,home,True,,,,,,,,
825014,2026-05-02,Cleveland Guardians,Athletics,14,6,0,0.5491192205050265,0.4508807794949735,home,False,,,,,,,,
823876,2026-05-02,Philadelphia Phillies,Miami Marlins,0,4,1,0.5847438934826307,0.41525610651736933,home,True,,,,,,,,
824771,2026-05-02,Houston Astros,Boston Red Sox,6,3,0,0.5707057152548007,0.42929428474519926,home,False,,,,,,,,
822988,2026-05-02,San Francisco Giants,Tampa Bay Rays,1,5,1,0.5720319942105534,0.4279680057894466,home,True,,,,,,,,
823067,2026-05-02,Los Angeles Dodgers,St. Louis Cardinals,2,3,1,0.4817051616477187,0.5182948383522813,away,False,,,,,,,,
824284,2026-05-02,Texas Rangers,Detroit Tigers,1,5,1,0.5205182213077952,0.47948177869220476,home,True,,,,,,,,
824365,2026-05-02,Atlanta Braves,Colorado Rockies,9,1,0,0.48076279285272905,0.519237207147271,away,True,,,,,,,,
823308,2026-05-02,Chicago White Sox,San Diego Padres,4,0,0,0.5792922145166919,0.4207077854833081,home,False,,,,,,,,
824042,2026-05-02,New York Mets,Los Angeles Angels,3,4,1,0.527410879680653,0.47258912031934697,home,True,,,,,,,,
823144,2026-05-02,Kansas City Royals,Seattle Mariners,3,2,0,0.5736236616765032,0.42637633832349675,home,False,,,,,,,,
823711,2026-05-03,Toronto Blue Jays,Minnesota Twins,3,4,1,0.49383523819044817,0.5061647618095518,away,False,,,,,,,,
822742,2026-05-03,Milwaukee Brewers,Washington Nationals,2,3,1,0.47005622860250157,0.5299437713974984,away,False,,,,,,,,
823387,2026-05-03,Cincinnati Reds,Pittsburgh Pirates,0,1,1,0.5678433139835438,0.4321566860164562,home,True,,,,,,,,
823555,2026-05-03,Baltimore Orioles,New York Yankees,3,11,1,0.6363902018144532,0.36360979818554684,home,True,,,,,,,,
824769,2026-05-03,Houston Astros,Boston Red Sox,3,1,0,0.5712763896026676,0.4287236103973324,home,False,,,,,,,,
822987,2026-05-03,San Francisco Giants,Tampa Bay Rays,1,2,1,0.5942430625811191,0.40575693741888086,home,True,,,,,,,,
823875,2026-05-03,Philadelphia Phillies,Miami Marlins,7,2,0,0.5775574914224464,0.4224425085775536,home,False,,,,,,,,
823065,2026-05-03,Los Angeles Dodgers,St. Louis Cardinals,4,1,0,0.4473229081367544,0.5526770918632455,away,True,,,,,,,,
824687,2026-05-03,Arizona Diamondbacks,Chicago Cubs,4,8,1,0.6000045778427547,0.39999542215724526,home,True,,,,,,,,
824364,2026-05-03,Atlanta Braves,Colorado Rockies,11,6,0,0.4906159609803001,0.5093840390197,away,True,,,,,,,,
825013,2026-05-03,Cleveland Guardians,Athletics,1,7,1,0.49058147246339323,0.5094185275366068,away,False,,,,,,,,
824043,2026-05-03,New York Mets,Los Angeles Angels,5,1,0,0.548024386366865,0.451975613633135,home,False,,,,,,,,
823145,2026-05-03,Kansas City Royals,Seattle Mariners,4,1,0,0.5278497715618,0.4721502284382,home,False,,,,,,,,
823307,2026-05-03,Chicago White Sox,San Diego Padres,3,4,1,0.5281089896443093,0.4718910103556907,home,True,,,,,,,,
824285,2026-05-03,Texas Rangers,Detroit Tigers,1,7,1,0.5162549549054476,0.4837450450945524,home,True,,,,,,,,
824363,2026-05-04,New York Mets,Colorado Rockies,4,2,0,0.5578449857799029,0.44215501422009706,home,False,,,,,,,,
824283,2026-05-04,Boston Red Sox,Detroit Tigers,5,4,0,0.5535480408755113,0.44645195912448865,home,False,,,,,,,,
822984,2026-05-04,Toronto Blue Jays,Tampa Bay Rays,1,5,1,0.5776087982489081,0.4223912017510919,home,True,,,,,,,,
823874,2026-05-04,Philadelphia Phillies,Miami Marlins,1,0,0,0.5942219039620967,0.40577809603790327,home,False,,,,,,,,
823552,2026-05-04,Baltimore Orioles,New York Yankees,1,12,1,0.6474536448261233,0.35254635517387667,home,True,,,,,,,,
824684,2026-05-04,Cincinnati Reds,Chicago Cubs,4,5,1,0.5951646497922876,0.40483535020771244,home,True,,,,,,,,
824120,2026-05-04,Cleveland Guardians,Kansas City Royals,2,6,1,0.5330583523165295,0.46694164768347046,home,True,,,,,,,,
823064,2026-05-04,Milwaukee Brewers,St. Louis Cardinals,3,6,1,0.47642193662667087,0.5235780633733291,away,False,,,,,,,,
824201,2026-05-04,Los Angeles Dodgers,Houston Astros,8,3,0,0.45004300681541776,0.5499569931845822,away,True,,,,,,,,
824039,2026-05-04,Chicago White Sox,Los Angeles Angels,6,0,0,0.5186245762842795,0.4813754237157205,home,False,,,,,,,,
823143,2026-05-04,Atlanta Braves,Seattle Mariners,4,5,1,0.4928135811817162,0.5071864188182837,away,False,,,,,,,,
823228,2026-05-04,San Diego Padres,San Francisco Giants,2,3,1,0.48968328347513895,0.510316716524861,away,False,,,,,,,,
822986,2026-05-05,Toronto Blue Jays,Tampa Bay Rays,3,4,1,0.5564047878403049,0.4435952121596951,home,True,,,,,,,,
823469,2026-05-05,Athletics,Philadelphia Phillies,1,9,1,0.49414644701436344,0.5058535529856365,away,False,,,,,,,,
823873,2026-05-05,Baltimore Orioles,Miami Marlins,9,7,0,0.6144474379200645,0.3855525620799355,home,False,,,,,,,,
824281,2026-05-05,Boston Red Sox,Detroit Tigers,10,3,0,0.5552162527678808,0.4447837472321192,home,False,,,,,,,,
822743,2026-05-05,Minnesota Twins,Washington Nationals,11,3,0,0.5129637526891916,0.4870362473108084,home,False,,,,,,,,
823553,2026-05-05,Texas Rangers,New York Yankees,4,7,1,0.6055993079770841,0.39440069202291594,home,True,,,,,,,,
824119,2026-05-05,Cleveland Guardians,Kansas City Royals,3,5,1,0.5073517013417792,0.4926482986582208,home,True,,,,,,,,
824682,2026-05-05,Cincinnati Reds,Chicago Cubs,2,3,1,0.6109200673268094,0.38907993267319063,home,True,,,,,,,,
824200,2026-05-05,Los Angeles Dodgers,Houston Astros,1,2,1,0.42749729790596425,0.5725027020940358,away,False,,,,,,,,
824040,2026-05-05,Chicago White Sox,Los Angeles Angels,3,4,1,0.4694430441361213,0.5305569558638787,away,False,,,,,,,,
823142,2026-05-05,Atlanta Braves,Seattle Mariners,3,2,0,0.48251933715200734,0.5174806628479927,away,True,,,,,,,,
825092,2026-05-05,Pittsburgh Pirates,Arizona Diamondbacks,0,9,1,0.4569664080140462,0.5430335919859538,away,False,,,,,,,,
823227,2026-05-05,San Diego Padres,San Francisco Giants,10,5,0,0.5193637145802302,0.48063628541976977,home,False,,,,,,,,
822985,2026-05-06,Toronto Blue Jays,Tampa Bay Rays,0,3,1,0.585899362757949,0.41410063724205104,home,True,,,,,,,,
823063,2026-05-06,Milwaukee Brewers,St. Louis Cardinals,6,2,0,0.5090890713260503,0.4909109286739497,home,False,,,,,,,,
824198,2026-05-06,Los Angeles Dodgers,Houston Astros,12,2,0,0.4253937227147944,0.5746062772852056,away,True,,,,,,,,
823226,2026-05-06,San Diego Padres,San Francisco Giants,5,1,0,0.5185957711792514,0.4814042288207486,home,False,,,,,,,,
824036,2026-05-06,Chicago White Sox,Los Angeles Angels,2,8,1,0.4921527457825776,0.5078472542174224,away,False,,,,,,,,
823141,2026-05-06,Atlanta Braves,Seattle Mariners,1,3,1,0.48965318205448155,0.5103468179455184,away,False,,,,,,,,
823470,2026-05-06,Athletics,Philadelphia Phillies,3,6,1,0.4853491038751628,0.5146508961248373,away,False,,,,,,,,
823872,2026-05-06,Baltimore Orioles,Miami Marlins,7,4,0,0.5808268085585307,0.41917319144146925,home,False,,,,,,,,
824282,2026-05-06,Boston Red Sox,Detroit Tigers,4,0,0,0.527636443448566,0.472363556551434,home,False,,,,,,,,
822740,2026-05-06,Minnesota Twins,Washington Nationals,2,15,1,0.5092587840552977,0.4907412159447023,home,True,,,,,,,,
823550,2026-05-06,Texas Rangers,New York Yankees,6,1,0,0.583800053700896,0.41619994629910395,home,False,,,,,,,,
824118,2026-05-06,Cleveland Guardians,Kansas City Royals,3,1,0,0.5098570141056594,0.4901429858943406,home,False,,,,,,,,
824683,2026-05-06,Cincinnati Reds,Chicago Cubs,6,7,1,0.6138924006089085,0.3861075993910915,home,True,,,,,,,,
824361,2026-05-06,New York Mets,Colorado Rockies,10,5,0,0.5149791106232565,0.4850208893767435,home,False,,,,,,,,
825091,2026-05-06,Pittsburgh Pirates,Arizona Diamondbacks,1,0,0,0.47189452169056223,0.5281054783094378,away,True,,,,,,,,
823551,2026-05-07,Texas Rangers,New York Yankees,2,9,1,0.597670266131833,0.40232973386816695,home,True,,,,,,,,
822741,2026-05-07,Minnesota Twins,Washington Nationals,5,7,1,0.5235689034798124,0.47643109652018756,home,True,,,,,,,,
824117,2026-05-07,Cleveland Guardians,Kansas City Royals,8,5,0,0.5124274100813949,0.4875725899186051,home,False,,,,,,,,
824681,2026-05-07,Cincinnati Reds,Chicago Cubs,3,8,1,0.6095315439471148,0.39046845605288516,home,True,,,,,,,,
824362,2026-05-07,New York Mets,Colorado Rockies,2,6,1,0.5241643062550133,0.4758356937449867,home,True,,,,,,,,
825090,2026-05-07,Pittsburgh Pirates,Arizona Diamondbacks,4,2,0,0.4697579176007992,0.5302420823992008,away,True,,,,,,,,
823467,2026-05-07,Athletics,Philadelphia Phillies,12,1,0,0.5180165587717465,0.48198344122825354,home,False,,,,,,,,
823870,2026-05-07,Baltimore Orioles,Miami Marlins,3,4,1,0.565475517481206,0.43452448251879405,home,True,,,,,,,,
824767,2026-05-07,Tampa Bay Rays,Boston Red Sox,8,4,0,0.50417910900576,0.49582089099424,home,False,,,,,,,,
823306,2026-05-07,St. Louis Cardinals,San Diego Padres,2,1,0,0.5251489724540171,0.47485102754598285,home,False,,,,,,,,
824522,2026-05-08,Houston Astros,Cincinnati Reds,10,0,0,0.548546111148695,0.451453888851305,home,False,,,,,,,,
823466,2026-05-08,Colorado Rockies,Philadelphia Phillies,9,7,0,0.5227613063805842,0.47723869361941584,home,False,,,,,,,,
824846,2026-05-08,Athletics,Baltimore Orioles,4,3,0,0.4954277846019486,0.5045722153980514,away,True,,,,,,,,
822822,2026-05-08,Los Angeles Angels,Toronto Blue Jays,0,2,1,0.5174023412396678,0.4825976587603322,home,True,,,,,,,,
823871,2026-05-08,Washington Nationals,Miami Marlins,3,2,0,0.4973802858546197,0.5026197141453803,away,True,,,,,,,,
824768,2026-05-08,Tampa Bay Rays,Boston Red Sox,0,2,1,0.49071442807781224,0.5092855719221878,away,False,,,,,,,,
824443,2026-05-08,Minnesota Twins,Cleveland Guardians,4,6,1,0.5726236992472532,0.4273763007527468,home,True,,,,,,,,
823794,2026-05-08,New York Yankees,Milwaukee Brewers,0,6,1,0.5084005342040734,0.4915994657959266,home,True,,,,,,,,
824116,2026-05-08,Detroit Tigers,Kansas City Royals,3,4,1,0.5025625967717834,0.4974374032282166,home,True,,,,,,,,
824607,2026-05-08,Seattle Mariners,Chicago White Sox,12,8,0,0.5210725667037317,0.4789274332962683,home,False,,,,,,,,
822904,2026-05-08,Chicago Cubs,Texas Rangers,7,1,0,0.4946223329093192,0.5053776670906809,away,True,,,,,,,,
825088,2026-05-08,New York Mets,Arizona Diamondbacks,3,1,0,0.500599687170341,0.499400312829659,home,False,,,,,,,,
823303,2026-05-08,St. Louis Cardinals,San Diego Padres,6,0,0,0.5234913697064472,0.47650863029355284,home,False,,,,,,,,
823957,2026-05-08,Atlanta Braves,Los Angeles Dodgers,1,3,1,0.5319358878799404,0.4680641121200596,home,True,,,,,,,,
823225,2026-05-08,Pittsburgh Pirates,San Francisco Giants,2,5,1,0.4593002747963439,0.5406997252036561,away,False,,,,,,,,
822820,2026-05-09,Los Angeles Angels,Toronto Blue Jays,1,14,1,0.5324619371735521,0.46753806282644794,home,True,,,,,,,,
824847,2026-05-09,Athletics,Baltimore Orioles,6,2,0,0.48358437832531753,0.5164156216746825,away,True,,,,,,,,
823869,2026-05-09,Washington Nationals,Miami Marlins,7,8,1,0.5292039283409872,0.4707960716590128,home,True,,,,,,,,
824523,2026-05-09,Houston Astros,Cincinnati Reds,1,3,1,0.5582931150149705,0.4417068849850295,home,True,,,,,,,,
823468,2026-05-09,Colorado Rockies,Philadelphia Phillies,3,9,1,0.5163421501900045,0.4836578498099955,home,True,,,,,,,,
824444,2026-05-09,Minnesota Twins,Cleveland Guardians,2,1,0,0.5597247676921105,0.44027523230788945,home,False,,,,,,,,
822905,2026-05-09,Chicago Cubs,Texas Rangers,0,6,1,0.4719886452136468,0.5280113547863532,away,False,,,,,,,,
823792,2026-05-09,New York Yankees,Milwaukee Brewers,3,4,1,0.5319260424009032,0.46807395759909676,home,True,,,,,,,,
824115,2026-05-09,Detroit Tigers,Kansas City Royals,1,5,1,0.5261439624825898,0.47385603751741023,home,True,,,,,,,,
824606,2026-05-09,Seattle Mariners,Chicago White Sox,1,6,1,0.527764909762978,0.47223509023702204,home,True,,,,,,,,
823304,2026-05-09,St. Louis Cardinals,San Diego Padres,2,4,1,0.5281203319058756,0.4718796680941244,home,True,,,,,,,,
825089,2026-05-09,New York Mets,Arizona Diamondbacks,1,2,1,0.4706826163915607,0.5293173836084393,away,False,,,,,,,,
823224,2026-05-09,Pittsburgh Pirates,San Francisco Giants,13,3,0,0.47169639499883714,0.5283036050011629,away,True,,,,,,,,
823955,2026-05-09,Atlanta Braves,Los Angeles Dodgers,7,2,0,0.5274112654771248,0.4725887345228752,home,False,,,,,,,,
823868,2026-05-10,Washington Nationals,Miami Marlins,2,5,1,0.512287774207703,0.487712225792297,home,True,,,,,,,,
823463,2026-05-10,Colorado Rockies,Philadelphia Phillies,0,6,1,0.5396944420564662,0.4603055579435338,home,True,,,,,,,,
824765,2026-05-10,Tampa Bay Rays,Boston Red Sox,4,1,0,0.48173233234268614,0.5182676676573139,away,True,,,,,,,,
824845,2026-05-10,Athletics,Baltimore Orioles,1,2,1,0.47260568987192053,0.5273943101280795,away,False,,,,,,,,
822819,2026-05-10,Los Angeles Angels,Toronto Blue Jays,6,1,0,0.5783924023263864,0.42160759767361355,home,False,,,,,,,,
824440,2026-05-10,Minnesota Twins,Cleveland Guardians,5,4,0,0.5832074350143251,0.41679256498567485,home,False,,,,,,,,
824520,2026-05-10,Houston Astros,Cincinnati Reds,0,5,1,0.5785779622417829,0.42142203775821707,home,True,,,,,,,,
823793,2026-05-10,New York Yankees,Milwaukee Brewers,3,4,1,0.512767351060192,0.487232648939808,home,True,,,,,,,,
824605,2026-05-10,Seattle Mariners,Chicago White Sox,1,2,1,0.5121463391219269,0.48785366087807314,home,True,,,,,,,,
822902,2026-05-10,Chicago Cubs,Texas Rangers,0,3,1,0.5039099482328584,0.4960900517671416,home,True,,,,,,,,
823221,2026-05-10,Pittsburgh Pirates,San Francisco Giants,6,7,1,0.4619388246321926,0.5380611753678074,away,False,,,,,,,,
823305,2026-05-10,St. Louis Cardinals,San Diego Padres,2,3,1,0.532617420013178,0.467382579986822,home,True,,,,,,,,
823954,2026-05-10,Atlanta Braves,Los Angeles Dodgers,7,2,0,0.5600771228658643,0.4399228771341357,home,False,,,,,,,,
825085,2026-05-10,New York Mets,Arizona Diamondbacks,1,5,1,0.5388578535168923,0.4611421464831077,home,True,,,,,,,,
824113,2026-05-10,Detroit Tigers,Kansas City Royals,6,3,0,0.5220952020636063,0.47790479793639373,home,False,,,,,,,,
824441,2026-05-11,Los Angeles Angels,Cleveland Guardians,2,7,1,0.6189243668096069,0.38107563319039306,home,True,,,,,,,,
824844,2026-05-11,New York Yankees,Baltimore Orioles,2,3,1,0.41077742268703504,0.5892225773129649,away,False,,,,,,,,
822818,2026-05-11,Tampa Bay Rays,Toronto Blue Jays,8,5,0,0.4917946762651985,0.5082053237348014,away,True,,,,,,,,
822901,2026-05-11,Arizona Diamondbacks,Texas Rangers,1,0,0,0.5267531670245452,0.4732468329754548,home,False,,,,,,,,
824199,2026-05-11,Seattle Mariners,Houston Astros,3,1,0,0.47088996663944654,0.5291100333605534,away,True,,,,,,,,
823953,2026-05-11,San Francisco Giants,Los Angeles Dodgers,9,3,0,0.6388321072046785,0.36116789279532147,home,False,,,,,,,,
824442,2026-05-12,Los Angeles Angels,Cleveland Guardians,2,3,1,0.5860386111555197,0.4139613888444803,home,True,,,,,,,,
824843,2026-05-12,New York Yankees,Baltimore Orioles,6,2,0,0.417287073035949,0.582712926964051,away,True,,,,,,,,
823385,2026-05-12,Colorado Rockies,Pittsburgh Pirates,1,3,1,0.639418154187445,0.36058184581255504,home,True,,,,,,,,
824521,2026-05-12,Washington Nationals,Cincinnati Reds,10,4,0,0.5273912906403456,0.4726087093596544,home,False,,,,,,,,
824764,2026-05-12,Philadelphia Phillies,Boston Red Sox,2,1,0,0.5318253942672243,0.4681746057327757,home,False,,,,,,,,
822817,2026-05-12,Tampa Bay Rays,Toronto Blue Jays,7,6,0,0.4769492280098615,0.5230507719901385,away,True,,,,,,,,
823632,2026-05-12,Detroit Tigers,New York Mets,2,10,1,0.48992221678115633,0.5100777832188437,away,False,,,,,,,,
824927,2026-05-12,Chicago Cubs,Atlanta Braves,2,5,1,0.5807962048697377,0.4192037951302623,home,True,,,,,,,,
823712,2026-05-12,Miami Marlins,Minnesota Twins,0,3,1,0.5047768175139509,0.49522318248604913,home,True,,,,,,,,
823790,2026-05-12,San Diego Padres,Milwaukee Brewers,4,6,1,0.5823293853307184,0.41767061466928157,home,True,,,,,,,,
824604,2026-05-12,Kansas City Royals,Chicago White Sox,5,6,1,0.5245973291749916,0.4754026708250084,home,True,,,,,,,,
822903,2026-05-12,Arizona Diamondbacks,Texas Rangers,4,7,1,0.533965317224052,0.46603468277594795,home,True,,,,,,,,
824197,2026-05-12,Seattle Mariners,Houston Astros,10,2,0,0.468029374776238,0.5319706252237619,away,True,,,,,,,,
825011,2026-05-12,St. Louis Cardinals,Athletics,6,4,0,0.4828186525917152,0.5171813474082848,away,True,,,,,,,,
823951,2026-05-12,San Francisco Giants,Los Angeles Dodgers,6,2,0,0.634856963537269,0.36514303646273105,home,False,,,,,,,,
824841,2026-05-13,New York Yankees,Baltimore Orioles,0,7,1,0.41449708483030023,0.5855029151696998,away,False,,,,,,,,
824438,2026-05-13,Los Angeles Angels,Cleveland Guardians,2,4,1,0.6160679375718032,0.3839320624281968,home,True,,,,,,,,
823386,2026-05-13,Colorado Rockies,Pittsburgh Pirates,10,4,0,0.6595835375238285,0.3404164624761715,home,False,,,,,,,,
824519,2026-05-13,Washington Nationals,Cincinnati Reds,8,7,0,0.5020840503652793,0.49791594963472074,home,False,,,,,,,,
824763,2026-05-13,Philadelphia Phillies,Boston Red Sox,1,3,1,0.538926174679179,0.461073825320821,home,True,,,,,,,,
822815,2026-05-13,Tampa Bay Rays,Toronto Blue Jays,3,5,1,0.4905094356512097,0.5094905643487904,away,False,,,,,,,,
823631,2026-05-13,Detroit Tigers,New York Mets,2,3,1,0.5205651954994563,0.47943480450054365,home,True,,,,,,,,
824928,2026-05-13,Chicago Cubs,Atlanta Braves,1,4,1,0.5646429060227132,0.43535709397728684,home,True,,,,,,,,
823710,2026-05-13,Miami Marlins,Minnesota Twins,9,5,0,0.5191409399339068,0.48085906006609325,home,False,,,,,,,,
823791,2026-05-13,San Diego Padres,Milwaukee Brewers,3,1,0,0.6018057342714798,0.39819426572852024,home,False,,,,,,,,
824603,2026-05-13,Kansas City Royals,Chicago White Sox,5,6,1,0.533746315209833,0.46625368479016704,home,True,,,,,,,,
822900,2026-05-13,Arizona Diamondbacks,Texas Rangers,5,6,1,0.552792813898156,0.44720718610184396,home,True,,,,,,,,
824195,2026-05-13,Seattle Mariners,Houston Astros,3,4,1,0.45451669974098785,0.5454833002590121,away,False,,,,,,,,
825010,2026-05-13,St. Louis Cardinals,Athletics,2,6,1,0.5041894066425402,0.4958105933574598,home,True,,,,,,,,
823952,2026-05-13,San Francisco Giants,Los Angeles Dodgers,0,4,1,0.629167904407131,0.370832095592869,home,True,,,,,,,,
823383,2026-05-14,Colorado Rockies,Pittsburgh Pirates,2,7,1,0.5877444596005398,0.4122555403994602,home,True,,,,,,,,
824517,2026-05-14,Washington Nationals,Cincinnati Reds,1,15,1,0.5179412162181884,0.48205878378181155,home,True,,,,,,,,
823630,2026-05-14,Detroit Tigers,New York Mets,4,9,1,0.5219412938995723,0.47805870610042767,home,True,,,,,,,,
823709,2026-05-14,Miami Marlins,Minnesota Twins,1,9,1,0.5280610987226876,0.4719389012773124,home,True,,,,,,,,
823789,2026-05-14,San Diego Padres,Milwaukee Brewers,1,7,1,0.6120911681679191,0.3879088318320809,home,True,,,,,,,,
824196,2026-05-14,Seattle Mariners,Houston Astros,8,3,0,0.4896143553399323,0.5103856446600676,away,True,,,,,,,,
825008,2026-05-14,St. Louis Cardinals,Athletics,5,4,0,0.48614691125641885,0.5138530887435812,away,True,,,,,,,,
824762,2026-05-14,Philadelphia Phillies,Boston Red Sox,3,1,0,0.541803246535029,0.458196753464971,home,False,,,,,,,,
824926,2026-05-14,Chicago Cubs,Atlanta Braves,2,0,0,0.5628544737503005,0.4371455262496995,home,False,,,,,,,,
824602,2026-05-14,Kansas City Royals,Chicago White Sox,2,6,1,0.5351308937414759,0.46486910625852407,home,True,,,,,,,,
823950,2026-05-14,San Francisco Giants,Los Angeles Dodgers,2,5,1,0.6571292407436371,0.3428707592563629,home,True,,,,,,,,
823384,2026-05-15,Philadelphia Phillies,Pittsburgh Pirates,11,9,0,0.5648244321632567,0.43517556783674327,home,False,121.0,-147.0,0.5680836553762219,-0.0032592232129651233,-147.0,-1.0,0.0032592232129651233,0-2%
822739,2026-05-15,Baltimore Orioles,Washington Nationals,2,3,1,0.5177837256090462,0.4822162743909538,home,True,-132.0,122.0,0.44187109553557824,0.07591263007346793,122.0,1.2199999999999998,0.07591263007346793,6%+
824280,2026-05-15,Toronto Blue Jays,Detroit Tigers,2,3,1,0.5191570258665441,0.4808429741334559,home,True,-113.0,105.0,0.4790284493421793,0.0401285765243648,105.0,1.0499999999999998,0.0401285765243648,4-6%
822983,2026-05-15,Miami Marlins,Tampa Bay Rays,2,7,1,0.5502045059976843,0.44979549400231567,home,True,101.0,-122.0,0.524849107486837,0.025355398510847338,-122.0,0.819672131147541,0.025355398510847338,2-4%
823707,2026-05-15,Milwaukee Brewers,Minnesota Twins,3,2,0,0.46069016219542325,0.5393098378045768,away,True,-110.0,-110.0,0.5,-0.03930983780457675,-110.0,0.9090909090909092,0.03930983780457675,2-4%
824439,2026-05-15,Cincinnati Reds,Cleveland Guardians,7,6,0,0.5397201977500538,0.46027980224994625,home,False,121.0,-147.0,0.5680836553762219,-0.028363457626168098,-147.0,-1.0,0.028363457626168098,2-4%
823629,2026-05-15,New York Yankees,New York Mets,5,2,0,0.4907130684763564,0.5092869315236437,away,True,-137.0,126.0,0.43357359774614906,0.05713947073020731,-137.0,0.7299270072992701,0.05713947073020731,4-6%
824925,2026-05-15,Boston Red Sox,Atlanta Braves,2,3,1,0.609111454638233,0.390888545361767,home,True,127.0,-138.0,0.5682618002394515,0.04084965439878152,-138.0,0.7246376811594204,0.04084965439878152,4-6%
824601,2026-05-15,Chicago Cubs,Chicago White Sox,10,5,0,0.4687099089314178,0.5312900910685823,away,True,-124.0,102.0,0.47209576799865116,-0.0033858590672333766,-124.0,0.8064516129032258,0.0033858590672333766,0-2%
824194,2026-05-15,Texas Rangers,Houston Astros,0,2,1,0.44818816354346647,0.5518118364565335,away,False,,,,,,,,
823061,2026-05-15,Kansas City Royals,St. Louis Cardinals,4,5,1,0.5485274390413931,0.4514725609586069,home,True,,,,,,,,
824360,2026-05-15,Arizona Diamondbacks,Colorado Rockies,9,1,0,0.4927594178423117,0.5072405821576883,away,True,,,,,,,,
824037,2026-05-15,Los Angeles Dodgers,Los Angeles Angels,6,0,0,0.4400348352872272,0.5599651647127728,away,True,,,,,,,,
823140,2026-05-15,San Diego Padres,Seattle Mariners,2,0,0,0.5443641286352932,0.45563587136470685,home,False,,,,,,,,
825009,2026-05-15,San Francisco Giants,Athletics,2,5,1,0.5575667452877283,0.4424332547122717,home,True,,,,,,,,
824278,2026-05-16,Toronto Blue Jays,Detroit Tigers,2,1,0,0.5658502495089986,0.43414975049100135,home,False,-105.0,-116.0,0.5118381403357727,0.054012109173225964,-116.0,-1.0,0.054012109173225964,4-6%
823060,2026-05-16,Kansas City Royals,St. Louis Cardinals,2,4,1,0.5686095522207669,0.4313904477792331,home,True,-113.0,-107.0,0.4935039625828245,0.07510558963794245,-107.0,0.9345794392523366,0.07510558963794245,6%+
824359,2026-05-16,Arizona Diamondbacks,Colorado Rockies,2,4,1,0.4908556928808945,0.5091443071191055,away,False,-119.0,-101.0,0.4804509318389157,0.010404761041978794,-119.0,-1.0,0.010404761041978794,0-2%
822737,2026-05-16,Baltimore Orioles,Washington Nationals,3,13,1,0.5321177476964182,0.4678822523035818,home,True,103.0,-125.0,0.5300261096605744,0.002091638035843779,-125.0,0.8,0.002091638035843779,0-2%
823382,2026-05-16,Philadelphia Phillies,Pittsburgh Pirates,6,0,0,0.5323668388927896,0.4676331611072104,home,False,-209.0,170.0,0.35383029886636896,0.1785365400264206,170.0,-1.0,0.1785365400264206,6%+
822981,2026-05-16,Miami Marlins,Tampa Bay Rays,10,5,0,0.5989687013762451,0.40103129862375486,home,False,117.0,-141.0,0.5593908258222572,0.03957787555398795,-141.0,-1.0,0.03957787555398795,2-4%
824435,2026-05-16,Cincinnati Reds,Cleveland Guardians,4,7,1,0.5856939560483552,0.41430604395164483,home,True,126.0,-153.0,0.5774741975349879,0.008219758513367315,-153.0,0.65359477124183,0.008219758513367315,0-2%
823706,2026-05-16,Milwaukee Brewers,Minnesota Twins,2,1,0,0.4735515041490268,0.5264484958509732,away,True,-120.0,111.0,0.4649196956889265,0.00863180846010031,-120.0,0.8333333333333335,0.00863180846010031,0-2%
824193,2026-05-16,Texas Rangers,Houston Astros,1,4,1,0.4556591062763862,0.5443408937236138,away,False,-108.0,-112.0,0.5043297540699688,-0.0486706477935826,-108.0,-1.0,0.0486706477935826,4-6%
824600,2026-05-16,Chicago Cubs,Chicago White Sox,3,8,1,0.49414909857923334,0.5058509014207666,away,False,-102.0,-106.0,0.5047143126532152,-0.010565214073981866,-102.0,-1.0,0.010565214073981866,0-2%
823139,2026-05-16,San Diego Padres,Seattle Mariners,7,4,0,0.5404802173979548,0.4595197826020452,home,False,115.0,-140.0,0.5563770794824399,-0.01589686208448504,-140.0,-1.0,0.01589686208448504,0-2%
823627,2026-05-16,New York Yankees,New York Mets,3,6,1,0.5040810854613451,0.4959189145386549,home,True,-127.0,105.0,0.46578434390068735,0.038296741560657765,105.0,1.0499999999999998,0.038296741560657765,2-4%
824924,2026-05-16,Boston Red Sox,Atlanta Braves,3,2,0,0.6416745770718211,0.3583254229281789,home,False,104.0,-126.0,0.532129844319311,0.10954473275251009,-126.0,-1.0,0.10954473275251009,6%+
824038,2026-05-16,Los Angeles Dodgers,Los Angeles Angels,15,2,0,0.4334345652959577,0.5665654347040423,away,True,-183.0,167.0,0.3667655940177032,0.0666689712782545,-183.0,0.5464480874316942,0.0666689712782545,6%+
825007,2026-05-16,San Francisco Giants,Athletics,6,4,0,0.598639200528795,0.40136079947120495,home,False,117.0,-126.0,0.5474750710824556,0.05116412944633941,-126.0,-1.0,0.05116412944633941,4-6%
822982,2026-05-17,Miami Marlins,Tampa Bay Rays,3,6,1,0.5566510180213281,0.4433489819786719,home,True,134.0,-163.0,0.5918810713509823,-0.03523005332965423,-163.0,0.6134969325153374,0.03523005332965423,2-4%
822738,2026-05-17,Baltimore Orioles,Washington Nationals,7,3,0,0.5425460703608099,0.45745392963919007,home,False,-119.0,-101.0,0.4804509318389157,0.062095138521894244,-101.0,-1.0,0.062095138521894244,6%+
823381,2026-05-17,Philadelphia Phillies,Pittsburgh Pirates,6,0,0,0.5532362136213284,0.44676378637867165,home,False,115.0,-124.0,0.5434162250305749,0.009819988590753503,-124.0,-1.0,0.009819988590753503,0-2%
824923,2026-05-17,Boston Red Sox,Atlanta Braves,1,8,1,0.6591690199054898,0.3408309800945102,home,True,124.0,-135.0,0.5627093412727949,0.09645967863269489,-135.0,0.7407407407407407,0.09645967863269489,6%+
823628,2026-05-17,New York Yankees,New York Mets,6,7,1,0.5139736320030228,0.4860263679969772,home,True,101.0,-122.0,0.524849107486837,-0.010875475483814179,-122.0,0.819672131147541,0.010875475483814179,0-2%
824279,2026-05-17,Toronto Blue Jays,Detroit Tigers,4,1,0,0.5228038280937689,0.4771961719062311,home,False,-112.0,104.0,0.48129313476207775,0.04151069333169116,104.0,-1.0,0.04151069333169116,4-6%
824436,2026-05-17,Cincinnati Reds,Cleveland Guardians,3,10,1,0.5729809144488389,0.4270190855511611,home,True,136.0,-148.0,0.5847843557460487,-0.011803441297209782,-148.0,0.6756756756756757,0.011803441297209782,0-2%
823708,2026-05-17,Milwaukee Brewers,Minnesota Twins,4,5,1,0.4756296946682418,0.5243703053317582,away,False,-137.0,113.0,0.448176093492937,0.027453601175304765,-137.0,-1.0,0.027453601175304765,2-4%
824192,2026-05-17,Texas Rangers,Houston Astros,8,0,0,0.4851850649484645,0.5148149350515355,away,True,-115.0,-105.0,0.4891657638136511,-0.003980698865186649,-115.0,0.8695652173913042,0.003980698865186649,0-2%
824599,2026-05-17,Chicago Cubs,Chicago White Sox,8,9,1,0.47789095855482777,0.5221090414451722,away,False,-119.0,110.0,0.4670505438259757,0.010840414728852055,-119.0,-1.0,0.010840414728852055,0-2%
823058,2026-05-17,Kansas City Royals,St. Louis Cardinals,2,0,0,0.5757728598022891,0.4242271401977109,home,False,-115.0,-105.0,0.4891657638136511,0.08660709598863797,-105.0,-1.0,0.08660709598863797,6%+
824358,2026-05-17,Arizona Diamondbacks,Colorado Rockies,8,6,0,0.49881836071079105,0.501181639289209,away,True,-137.0,127.0,0.4324896439716052,0.06632871673918583,-137.0,0.7299270072992701,0.06632871673918583,6%+
825006,2026-05-17,San Francisco Giants,Athletics,10,1,0,0.5656192812127846,0.4343807187872154,home,False,112.0,-135.0,0.54911742133538,0.0165018598774046,-135.0,-1.0,0.0165018598774046,0-2%
824034,2026-05-17,Los Angeles Dodgers,Los Angeles Angels,10,1,0,0.3947971040995158,0.6052028959004843,away,True,-126.0,116.0,0.45366950377388787,-0.05887239967437208,-126.0,0.7936507936507935,0.05887239967437208,4-6%
823138,2026-05-17,San Diego Padres,Seattle Mariners,8,3,0,0.5567566315830171,0.44324336841698286,home,False,127.0,-154.0,0.5791775738096027,-0.022420942226585527,-154.0,-1.0,0.022420942226585527,2-4%
822980,2026-05-18,Baltimore Orioles,Tampa Bay Rays,6,16,1,0.6125880254176703,0.3874119745823297,home,True,116.0,-140.0,0.5575221238938054,0.055065901523864924,-140.0,0.7142857142857144,0.055065901523864924,4-6%
823465,2026-05-18,Cincinnati Reds,Philadelphia Phillies,4,5,1,0.5494395784465668,0.45056042155343323,home,True,106.0,-128.0,0.5362837617962902,0.013155816650276542,-128.0,0.78125,0.013155816650276542,0-2%
823867,2026-05-18,Atlanta Braves,Miami Marlins,0,12,1,0.46420547731667433,0.5357945226833256,away,False,-101.0,-121.0,0.5214399039492303,-0.05723442663255601,-101.0,-1.0,0.05723442663255601,4-6%
824277,2026-05-18,Cleveland Guardians,Detroit Tigers,8,2,0,0.4868077442963709,0.513192255703629,away,True,124.0,-135.0,0.5627093412727949,-0.07590159697642401,124.0,1.2400000000000002,0.07590159697642401,6%+
822734,2026-05-18,New York Mets,Washington Nationals,16,7,0,0.5288159855028806,0.47118401449711944,home,False,-123.0,101.0,0.47423601216426003,0.054579973338620524,101.0,-1.0,0.054579973338620524,4-6%
823549,2026-05-18,Toronto Blue Jays,New York Yankees,6,7,1,0.5999100221971864,0.40008997780281363,home,True,138.0,-150.0,0.5881383855024712,0.011771636694715149,-150.0,0.6666666666666665,0.011771636694715149,0-2%
824114,2026-05-18,Boston Red Sox,Kansas City Royals,3,1,0,0.5275504468999361,0.47244955310006387,home,False,-110.0,-110.0,0.5,0.027550446899936132,-110.0,-1.0,0.027550446899936132,2-4%
823705,2026-05-18,Houston Astros,Minnesota Twins,3,6,1,0.5713237457914929,0.4286762542085071,home,True,-121.0,100.0,0.4773218142548596,0.09400193153663333,100.0,1.0,0.09400193153663333,6%+
824680,2026-05-18,Milwaukee Brewers,Chicago Cubs,9,3,0,0.526946940026769,0.473053059973231,home,False,155.0,-191.0,0.6259880470406786,-0.09904110701390956,-191.0,-1.0,0.09904110701390956,6%+
824357,2026-05-18,Texas Rangers,Colorado Rockies,6,7,1,0.48577003840989136,0.5142299615901087,away,False,,,,,,,,
824035,2026-05-18,Athletics,Los Angeles Angels,1,2,1,0.4856050079778149,0.5143949920221851,away,False,,,,,,,,
823137,2026-05-18,Chicago White Sox,Seattle Mariners,1,6,1,0.5499032216115457,0.4500967783884543,home,True,,,,,,,,
823301,2026-05-18,Los Angeles Dodgers,San Diego Padres,0,1,1,0.47933065712064715,0.5206693428793528,away,False,,,,,,,,
825087,2026-05-18,San Francisco Giants,Arizona Diamondbacks,2,12,1,0.5342859333155293,0.4657140666844707,home,True,,,,,,,,
823865,2026-05-19,Atlanta Braves,Miami Marlins,8,4,0,0.4579906305308478,0.5420093694691521,away,True,-131.0,121.0,0.4437955082515226,0.014195122279325234,-131.0,0.7633587786259541,0.014195122279325234,0-2%
822979,2026-05-19,Baltimore Orioles,Tampa Bay Rays,1,4,1,0.6500889325546462,0.34991106744535383,home,True,-104.0,-104.0,0.5,0.15008893255464617,-104.0,0.9615384615384617,0.15008893255464617,6%+
823464,2026-05-19,Cincinnati Reds,Philadelphia Phillies,4,1,0,0.5387864322075361,0.4612135677924639,home,False,129.0,-140.0,0.5718872636460934,-0.033100831438557354,-140.0,-1.0,0.033100831438557354,2-4%
824276,2026-05-19,Cleveland Guardians,Detroit Tigers,4,3,0,0.48588766577105164,0.5141123342289484,away,True,-153.0,141.0,0.406929052804272,0.07895861296677964,-153.0,0.65359477124183,0.07895861296677964,6%+
822736,2026-05-19,New York Mets,Washington Nationals,6,9,1,0.5165265558420571,0.4834734441579429,home,True,-134.0,124.0,0.43807098996555344,0.07845556587650365,124.0,1.2400000000000002,0.07845556587650365,6%+
823548,2026-05-19,Toronto Blue Jays,New York Yankees,4,5,1,0.5902899012165348,0.4097100987834652,home,True,113.0,-122.0,0.539285269580376,0.05100463163615876,-122.0,0.819672131147541,0.05100463163615876,4-6%
823704,2026-05-19,Houston Astros,Minnesota Twins,2,1,0,0.5983333895995903,0.40166661040040974,home,False,113.0,-137.0,0.5518239065070631,0.046509483092527115,-137.0,-1.0,0.046509483092527115,4-6%
824112,2026-05-19,Boston Red Sox,Kansas City Royals,7,1,0,0.5303318016901689,0.4696681983098311,home,False,-139.0,115.0,0.4443618109138236,0.08596999077634532,115.0,-1.0,0.08596999077634532,6%+
824677,2026-05-19,Milwaukee Brewers,Chicago Cubs,5,2,0,0.4873066261222751,0.5126933738777248,away,True,-120.0,-101.0,0.47949935261113513,0.007807273511139967,-120.0,0.8333333333333335,0.007807273511139967,0-2%
823059,2026-05-19,Pittsburgh Pirates,St. Louis Cardinals,6,9,1,0.5255233811797126,0.47447661882028735,home,True,106.0,-128.0,0.5362837617962902,-0.01076038061657758,-128.0,0.78125,0.01076038061657758,0-2%
824356,2026-05-19,Texas Rangers,Colorado Rockies,10,0,0,0.4903466695928346,0.5096533304071653,away,True,-124.0,115.0,0.4565837749694252,0.03376289462340942,-124.0,0.8064516129032258,0.03376289462340942,2-4%
824033,2026-05-19,Athletics,Los Angeles Angels,14,6,0,0.5036113593349782,0.49638864066502175,home,False,-159.0,130.0,0.4145990075236113,0.08901235181136696,130.0,-1.0,0.08901235181136696,6%+
823136,2026-05-19,Chicago White Sox,Seattle Mariners,2,1,0,0.5280827399062673,0.4719172600937327,home,False,131.0,-159.0,0.5864535598524646,-0.058370819946197305,-159.0,-1.0,0.058370819946197305,4-6%
823302,2026-05-19,Los Angeles Dodgers,San Diego Padres,5,4,0,0.48139884076607137,0.5186011592339286,away,True,-140.0,116.0,0.4424778761061947,0.038920964659876656,-140.0,0.7142857142857144,0.038920964659876656,2-4%
825086,2026-05-19,San Francisco Giants,Arizona Diamondbacks,3,5,1,0.5404988497376477,0.4595011502623523,home,True,111.0,-135.0,0.5479465230354911,-0.007447673297843349,-135.0,0.7407407407407407,0.007447673297843349,0-2%
823462,2026-05-20,Cincinnati Reds,Philadelphia Phillies,9,4,0,0.5303318114682738,0.4696681885317262,home,False,131.0,-142.0,0.5754534928598997,-0.04512168139162587,-142.0,-1.0,0.04512168139162587,4-6%
822977,2026-05-20,Baltimore Orioles,Tampa Bay Rays,3,5,1,0.6345635535274463,0.3654364464725537,home,True,102.0,-110.0,0.5141138361869505,0.12044971734049581,-110.0,0.9090909090909092,0.12044971734049581,6%+
823703,2026-05-20,Houston Astros,Minnesota Twins,1,4,1,0.5895905815807715,0.4104094184192285,home,True,,,,,,,,
824355,2026-05-20,Texas Rangers,Colorado Rockies,5,4,0,0.44486492259457866,0.5551350774054213,away,True,,,,,,,,
825084,2026-05-20,San Francisco Giants,Arizona Diamondbacks,3,6,1,0.5543628663560649,0.4456371336439351,home,True,,,,,,,,
823134,2026-05-20,Chicago White Sox,Seattle Mariners,4,5,1,0.5485029782631382,0.4514970217368618,home,True,118.0,-128.0,0.5503313348059325,-0.0018283565427943405,-128.0,0.78125,0.0018283565427943405,0-2%
823866,2026-05-20,Atlanta Braves,Miami Marlins,9,1,0,0.4543275917351193,0.5456724082648807,away,True,,,,,,,,
824273,2026-05-20,Cleveland Guardians,Detroit Tigers,3,2,0,0.47355339456673745,0.5264466054332626,away,True,,,,,,,,
822735,2026-05-20,New York Mets,Washington Nationals,4,8,1,0.5218338707735517,0.4781661292264483,home,True,-125.0,103.0,0.46997389033942555,0.05185998043412615,103.0,1.0300000000000002,0.05185998043412615,4-6%
823547,2026-05-20,Toronto Blue Jays,New York Yankees,2,1,0,0.5956602063649539,0.40433979363504613,home,False,,,,,,,,
824111,2026-05-20,Boston Red Sox,Kansas City Royals,4,3,0,0.5200484196788118,0.47995158032118823,home,False,,,,,,,,
824678,2026-05-20,Milwaukee Brewers,Chicago Cubs,5,0,0,0.4896322267187711,0.5103677732812288,away,True,,,,,,,,
823057,2026-05-20,Pittsburgh Pirates,St. Louis Cardinals,7,0,0,0.553998389505056,0.446001610494944,home,False,102.0,-111.0,0.5151877211525205,0.03881066835253544,-111.0,-1.0,0.03881066835253544,2-4%
823299,2026-05-20,Los Angeles Dodgers,San Diego Padres,4,0,0,0.4894418543526886,0.5105581456473114,away,True,-161.0,148.0,0.39528684800387714,0.09415500634881147,-161.0,0.6211180124223601,0.09415500634881147,6%+
824032,2026-05-20,Athletics,Los Angeles Angels,6,5,0,0.44701136315505396,0.552988636844946,away,True,,,,,,,,
824274,2026-05-21,Cleveland Guardians,Detroit Tigers,3,1,0,0.47311394506033067,0.5268860549396693,away,True,,,,,,,,
823056,2026-05-21,Pittsburgh Pirates,St. Louis Cardinals,6,2,0,0.5058433895849219,0.4941566104150781,home,False,,,,,,,,
822733,2026-05-21,New York Mets,Washington Nationals,2,1,0,0.538409152249017,0.461590847750983,home,False,,,,,,,,
823864,2026-05-21,Atlanta Braves,Miami Marlins,9,3,0,0.4669881463096211,0.533011853690379,away,True,,,,,,,,
823545,2026-05-21,Toronto Blue Jays,New York Yankees,2,0,0,0.6357221710893999,0.3642778289106001,home,False,,,,,,,,
824031,2026-05-21,Athletics,Los Angeles Angels,3,2,0,0.4605467063075727,0.5394532936924272,away,True,,,,,,,,
825083,2026-05-21,Colorado Rockies,Arizona Diamondbacks,1,2,1,0.6399305032085697,0.3600694967914303,home,True,,,,,,,,
