game_pk,game_date,home_team,away_team,home_moneyline,away_moneyline,source_url
823244,2026-03-25,San Francisco Giants,New York Yankees,103,-121,https://fantasydata.com/mlb/new-york-yankees-odds
823081,2026-03-26,St. Louis Cardinals,Tampa Bay Rays,113,-133,https://fantasydata.com/mlb/st-louis-cardinals-odds
823163,2026-03-26,Seattle Mariners,Cleveland Guardians,-185,154,https://fantasydata.com/mlb/cleveland-guardians-odds
823325,2026-03-26,San Diego Padres,Detroit Tigers,107,-127,https://fantasydata.com/mlb/detroit-tigers-odds
823486,2026-03-26,Philadelphia Phillies,Texas Rangers,-160,135,https://fantasydata.com/mlb/philadelphia-phillies-odds
823649,2026-03-26,New York Mets,Pittsburgh Pirates,-120,102,https://fantasydata.com/mlb/new-york-mets-odds
823812,2026-03-26,Milwaukee Brewers,Chicago White Sox,-193,161,https://fantasydata.com/mlb/chicago-white-sox-odds
823974,2026-03-26,Los Angeles Dodgers,Arizona Diamondbacks,-288,234,https://fantasydata.com/mlb/arizona-diamondbacks-odds
824218,2026-03-26,Houston Astros,Los Angeles Angels,-180,150,https://fantasydata.com/mlb/houston-astros-odds
824541,2026-03-26,Cincinnati Reds,Boston Red Sox,135,-160,https://fantasydata.com/mlb/boston-red-sox-odds
824704,2026-03-26,Chicago Cubs,Washington Nationals,-213,178,https://fantasydata.com/mlb/chicago-cubs-odds
824865,2026-03-26,Baltimore Orioles,Minnesota Twins,-141,119,https://fantasydata.com/mlb/baltimore-orioles-odds
822839,2026-03-27,Toronto Blue Jays,Athletics,-179,149,https://fantasydata.com/mlb/athletics-odds
823162,2026-03-27,Seattle Mariners,Cleveland Guardians,-173,145,https://fantasydata.com/mlb/cleveland-guardians-odds
823243,2026-03-27,San Francisco Giants,New York Yankees,113,-134,https://fantasydata.com/mlb/new-york-yankees-odds
823324,2026-03-27,San Diego Padres,Detroit Tigers,-133,113,https://fantasydata.com/mlb/detroit-tigers-odds
823893,2026-03-27,Miami Marlins,Colorado Rockies,-194,162,https://fantasydata.com/mlb/colorado-rockies-odds
823971,2026-03-27,Los Angeles Dodgers,Arizona Diamondbacks,-241,199,https://fantasydata.com/mlb/arizona-diamondbacks-odds
824216,2026-03-27,Houston Astros,Los Angeles Angels,-173,144,https://fantasydata.com/mlb/houston-astros-odds
824946,2026-03-27,Atlanta Braves,Kansas City Royals,-145,121,https://fantasydata.com/mlb/atlanta-braves-odds
822838,2026-03-28,Toronto Blue Jays,Athletics,-197,164,https://fantasydata.com/mlb/athletics-odds
823082,2026-03-28,St. Louis Cardinals,Tampa Bay Rays,-104,-115,https://fantasydata.com/mlb/st-louis-cardinals-odds
823161,2026-03-28,Seattle Mariners,Cleveland Guardians,-181,152,https://fantasydata.com/mlb/cleveland-guardians-odds
823241,2026-03-28,San Francisco Giants,New York Yankees,108,-128,https://fantasydata.com/mlb/new-york-yankees-odds
823323,2026-03-28,San Diego Padres,Detroit Tigers,-113,-105,https://fantasydata.com/mlb/detroit-tigers-odds
823488,2026-03-28,Philadelphia Phillies,Texas Rangers,-147,123,https://fantasydata.com/mlb/philadelphia-phillies-odds
823651,2026-03-28,New York Mets,Pittsburgh Pirates,-175,147,https://fantasydata.com/mlb/new-york-mets-odds
823811,2026-03-28,Milwaukee Brewers,Chicago White Sox,-197,163,https://fantasydata.com/mlb/chicago-white-sox-odds
823892,2026-03-28,Miami Marlins,Colorado Rockies,-197,163,https://fantasydata.com/mlb/colorado-rockies-odds
823973,2026-03-28,Los Angeles Dodgers,Arizona Diamondbacks,-245,203,https://fantasydata.com/mlb/arizona-diamondbacks-odds
824213,2026-03-28,Houston Astros,Los Angeles Angels,-138,117,https://fantasydata.com/mlb/houston-astros-odds
824540,2026-03-28,Cincinnati Reds,Boston Red Sox,116,-137,https://fantasydata.com/mlb/boston-red-sox-odds
824701,2026-03-28,Chicago Cubs,Washington Nationals,-252,206,https://fantasydata.com/mlb/chicago-cubs-odds
824862,2026-03-28,Baltimore Orioles,Minnesota Twins,-164,138,https://fantasydata.com/mlb/baltimore-orioles-odds
824945,2026-03-28,Atlanta Braves,Kansas City Royals,-151,127,https://fantasydata.com/mlb/atlanta-braves-odds
822837,2026-03-29,Toronto Blue Jays,Athletics,-155,130,https://fantasydata.com/mlb/athletics-odds
823079,2026-03-29,St. Louis Cardinals,Tampa Bay Rays,-101,-117,https://fantasydata.com/mlb/st-louis-cardinals-odds
823160,2026-03-29,Seattle Mariners,Cleveland Guardians,-144,122,https://fantasydata.com/mlb/cleveland-guardians-odds
823487,2026-03-29,Philadelphia Phillies,Texas Rangers,-159,133,https://fantasydata.com/mlb/philadelphia-phillies-odds
823647,2026-03-29,New York Mets,Pittsburgh Pirates,-187,157,https://fantasydata.com/mlb/new-york-mets-odds
823810,2026-03-29,Milwaukee Brewers,Chicago White Sox,-167,140,https://fantasydata.com/mlb/chicago-white-sox-odds
823891,2026-03-29,Miami Marlins,Colorado Rockies,-196,162,https://fantasydata.com/mlb/colorado-rockies-odds
824215,2026-03-29,Houston Astros,Los Angeles Angels,-178,149,https://fantasydata.com/mlb/houston-astros-odds
824538,2026-03-29,Cincinnati Reds,Boston Red Sox,113,-135,https://fantasydata.com/mlb/boston-red-sox-odds
824700,2026-03-29,Chicago Cubs,Washington Nationals,-249,204,https://fantasydata.com/mlb/chicago-cubs-odds
824864,2026-03-29,Baltimore Orioles,Minnesota Twins,-155,131,https://fantasydata.com/mlb/baltimore-orioles-odds
824944,2026-03-29,Atlanta Braves,Kansas City Royals,-158,132,https://fantasydata.com/mlb/atlanta-braves-odds
822834,2026-03-30,Toronto Blue Jays,Colorado Rockies,-301,243,https://fantasydata.com/mlb/colorado-rockies-odds
823080,2026-03-30,St. Louis Cardinals,New York Mets,127,-151,https://fantasydata.com/mlb/new-york-mets-odds
823159,2026-03-30,Seattle Mariners,New York Yankees,101,-119,https://fantasydata.com/mlb/new-york-yankees-odds
823320,2026-03-30,San Diego Padres,San Francisco Giants,-115,-103,https://fantasydata.com/mlb/san-diego-padres-odds
823484,2026-03-30,Philadelphia Phillies,Washington Nationals,-174,147,https://fantasydata.com/mlb/philadelphia-phillies-odds
823809,2026-03-30,Milwaukee Brewers,Tampa Bay Rays,-158,134,https://fantasydata.com/mlb/milwaukee-brewers-odds
823890,2026-03-30,Miami Marlins,Chicago White Sox,-147,123,https://fantasydata.com/mlb/chicago-white-sox-odds
823972,2026-03-30,Los Angeles Dodgers,Cleveland Guardians,-189,157,https://fantasydata.com/mlb/cleveland-guardians-odds
824135,2026-03-30,Kansas City Royals,Minnesota Twins,-166,140,https://fantasydata.com/mlb/kansas-city-royals-odds
824214,2026-03-30,Houston Astros,Boston Red Sox,107,-127,https://fantasydata.com/mlb/boston-red-sox-odds
824539,2026-03-30,Cincinnati Reds,Pittsburgh Pirates,-133,112,https://fantasydata.com/mlb/cincinnati-reds-odds
824702,2026-03-30,Chicago Cubs,Los Angeles Angels,-192,160,https://fantasydata.com/mlb/chicago-cubs-odds
824863,2026-03-30,Baltimore Orioles,Texas Rangers,-128,109,https://fantasydata.com/mlb/baltimore-orioles-odds
824943,2026-03-30,Atlanta Braves,Athletics,-130,110,https://fantasydata.com/mlb/athletics-odds
825108,2026-03-30,Arizona Diamondbacks,Detroit Tigers,-122,104,https://fantasydata.com/mlb/arizona-diamondbacks-odds
822836,2026-03-31,Toronto Blue Jays,Colorado Rockies,-268,219,https://fantasydata.com/mlb/colorado-rockies-odds
823077,2026-03-31,St. Louis Cardinals,New York Mets,129,-153,https://fantasydata.com/mlb/new-york-mets-odds
823158,2026-03-31,Seattle Mariners,New York Yankees,-101,-118,https://fantasydata.com/mlb/new-york-yankees-odds
823322,2026-03-31,San Diego Padres,San Francisco Giants,112,-133,https://fantasydata.com/mlb/san-diego-padres-odds
823485,2026-03-31,Philadelphia Phillies,Washington Nationals,-197,162,https://fantasydata.com/mlb/philadelphia-phillies-odds
823807,2026-03-31,Milwaukee Brewers,Tampa Bay Rays,-129,109,https://fantasydata.com/mlb/milwaukee-brewers-odds
823888,2026-03-31,Miami Marlins,Chicago White Sox,-151,128,https://fantasydata.com/mlb/chicago-white-sox-odds
823969,2026-03-31,Los Angeles Dodgers,Cleveland Guardians,-274,226,https://fantasydata.com/mlb/cleveland-guardians-odds
824212,2026-03-31,Houston Astros,Boston Red Sox,-144,122,https://fantasydata.com/mlb/boston-red-sox-odds
824537,2026-03-31,Cincinnati Reds,Pittsburgh Pirates,105,-123,https://fantasydata.com/mlb/cincinnati-reds-odds
824699,2026-03-31,Chicago Cubs,Los Angeles Angels,-143,121,https://fantasydata.com/mlb/chicago-cubs-odds
824861,2026-03-31,Baltimore Orioles,Texas Rangers,105,-124,https://fantasydata.com/mlb/baltimore-orioles-odds
824942,2026-03-31,Atlanta Braves,Athletics,-158,132,https://fantasydata.com/mlb/athletics-odds
825107,2026-03-31,Arizona Diamondbacks,Detroit Tigers,-109,-110,https://fantasydata.com/mlb/arizona-diamondbacks-odds
822835,2026-04-01,Toronto Blue Jays,Colorado Rockies,-290,235,https://fantasydata.com/mlb/colorado-rockies-odds
823078,2026-04-01,St. Louis Cardinals,New York Mets,140,-170,https://fantasydata.com/mlb/new-york-mets-odds
823157,2026-04-01,Seattle Mariners,New York Yankees,-118,-101,https://fantasydata.com/mlb/new-york-yankees-odds
823321,2026-04-01,San Diego Padres,San Francisco Giants,-155,130,https://fantasydata.com/mlb/san-diego-padres-odds
823483,2026-04-01,Philadelphia Phillies,Washington Nationals,-274,223,https://fantasydata.com/mlb/philadelphia-phillies-odds
823806,2026-04-01,Milwaukee Brewers,Tampa Bay Rays,-143,120,https://fantasydata.com/mlb/milwaukee-brewers-odds
823889,2026-04-01,Miami Marlins,Chicago White Sox,-147,124,https://fantasydata.com/mlb/chicago-white-sox-odds
823970,2026-04-01,Los Angeles Dodgers,Cleveland Guardians,-290,238,https://fantasydata.com/mlb/cleveland-guardians-odds
824136,2026-04-01,Kansas City Royals,Minnesota Twins,-106,-113,https://fantasydata.com/mlb/kansas-city-royals-odds
824211,2026-04-01,Houston Astros,Boston Red Sox,121,-143,https://fantasydata.com/mlb/boston-red-sox-odds
824536,2026-04-01,Cincinnati Reds,Pittsburgh Pirates,121,-143,https://fantasydata.com/mlb/cincinnati-reds-odds
824698,2026-04-01,Chicago Cubs,Los Angeles Angels,-165,139,https://fantasydata.com/mlb/chicago-cubs-odds
824860,2026-04-01,Baltimore Orioles,Texas Rangers,-115,-104,https://fantasydata.com/mlb/baltimore-orioles-odds
824940,2026-04-01,Atlanta Braves,Athletics,-225,187,https://fantasydata.com/mlb/athletics-odds
825106,2026-04-01,Arizona Diamondbacks,Detroit Tigers,128,-152,https://fantasydata.com/mlb/arizona-diamondbacks-odds
823242,2026-04-02,San Francisco Giants,New York Mets,102,-121,https://fantasydata.com/mlb/new-york-mets-odds
824133,2026-04-02,Kansas City Royals,Minnesota Twins,-153,129,https://fantasydata.com/mlb/kansas-city-royals-odds
825105,2026-04-02,Arizona Diamondbacks,Atlanta Braves,-104,-114,https://fantasydata.com/mlb/arizona-diamondbacks-odds
822758,2026-04-03,Washington Nationals,Los Angeles Dodgers,224,-274,https://fantasydata.com/mlb/los-angeles-dodgers-odds
822919,2026-04-03,Texas Rangers,Cincinnati Reds,-170,143,https://fantasydata.com/mlb/cincinnati-reds-odds
823240,2026-04-03,San Francisco Giants,New York Mets,110,-130,https://fantasydata.com/mlb/new-york-mets-odds
823406,2026-04-03,Pittsburgh Pirates,Baltimore Orioles,101,-120,https://fantasydata.com/mlb/baltimore-orioles-odds
823568,2026-04-03,New York Yankees,Miami Marlins,-163,137,https://fantasydata.com/mlb/miami-marlins-odds
823732,2026-04-03,Minnesota Twins,Tampa Bay Rays,-110,-109,https://fantasydata.com/mlb/minnesota-twins-odds
824056,2026-04-03,Los Angeles Angels,Seattle Mariners,132,-157,https://fantasydata.com/mlb/los-angeles-angels-odds
824299,2026-04-03,Detroit Tigers,St. Louis Cardinals,-182,152,https://fantasydata.com/mlb/detroit-tigers-odds
824377,2026-04-03,Colorado Rockies,Philadelphia Phillies,162,-197,https://fantasydata.com/mlb/colorado-rockies-odds
824458,2026-04-03,Cleveland Guardians,Chicago Cubs,-103,-116,https://fantasydata.com/mlb/chicago-cubs-odds
824621,2026-04-03,Chicago White Sox,Toronto Blue Jays,166,-200,https://fantasydata.com/mlb/chicago-white-sox-odds
824786,2026-04-03,Boston Red Sox,San Diego Padres,-123,103,https://fantasydata.com/mlb/boston-red-sox-odds
825026,2026-04-03,Athletics,Houston Astros,-110,-108,https://fantasydata.com/mlb/athletics-odds
825103,2026-04-03,Arizona Diamondbacks,Atlanta Braves,-109,-109,https://fantasydata.com/mlb/arizona-diamondbacks-odds
822757,2026-04-04,Washington Nationals,Los Angeles Dodgers,249,-306,https://fantasydata.com/mlb/los-angeles-dodgers-odds
822920,2026-04-04,Texas Rangers,Cincinnati Reds,-144,121,https://fantasydata.com/mlb/cincinnati-reds-odds
823239,2026-04-04,San Francisco Giants,New York Mets,-115,-104,https://fantasydata.com/mlb/new-york-mets-odds
823404,2026-04-04,Pittsburgh Pirates,Baltimore Orioles,-112,-106,https://fantasydata.com/mlb/baltimore-orioles-odds
823569,2026-04-04,New York Yankees,Miami Marlins,-200,167,https://fantasydata.com/mlb/miami-marlins-odds
823730,2026-04-04,Minnesota Twins,Tampa Bay Rays,-105,-112,https://fantasydata.com/mlb/minnesota-twins-odds
824054,2026-04-04,Los Angeles Angels,Seattle Mariners,133,-157,https://fantasydata.com/mlb/los-angeles-angels-odds
824132,2026-04-04,Kansas City Royals,Milwaukee Brewers,-105,-114,https://fantasydata.com/mlb/kansas-city-royals-odds
824134,2026-04-04,Kansas City Royals,Milwaukee Brewers,-115,-104,https://fantasydata.com/mlb/kansas-city-royals-odds
824295,2026-04-04,Detroit Tigers,St. Louis Cardinals,-170,142,https://fantasydata.com/mlb/detroit-tigers-odds
824378,2026-04-04,Colorado Rockies,Philadelphia Phillies,207,-249,https://fantasydata.com/mlb/colorado-rockies-odds
824622,2026-04-04,Chicago White Sox,Toronto Blue Jays,128,-151,https://fantasydata.com/mlb/chicago-white-sox-odds
824782,2026-04-04,Boston Red Sox,San Diego Padres,-146,122,https://fantasydata.com/mlb/boston-red-sox-odds
825027,2026-04-04,Athletics,Houston Astros,-113,-105,https://fantasydata.com/mlb/athletics-odds
825104,2026-04-04,Arizona Diamondbacks,Atlanta Braves,-115,-104,https://fantasydata.com/mlb/arizona-diamondbacks-odds
822756,2026-04-05,Washington Nationals,Los Angeles Dodgers,151,-184,https://fantasydata.com/mlb/los-angeles-dodgers-odds
822917,2026-04-05,Texas Rangers,Cincinnati Reds,-122,103,https://fantasydata.com/mlb/cincinnati-reds-odds
823238,2026-04-05,San Francisco Giants,New York Mets,-122,103,https://fantasydata.com/mlb/new-york-mets-odds
823405,2026-04-05,Pittsburgh Pirates,Baltimore Orioles,-124,104,https://fantasydata.com/mlb/baltimore-orioles-odds
823566,2026-04-05,New York Yankees,Miami Marlins,-296,239,https://fantasydata.com/mlb/miami-marlins-odds
823729,2026-04-05,Minnesota Twins,Tampa Bay Rays,-112,-107,https://fantasydata.com/mlb/minnesota-twins-odds
824053,2026-04-05,Los Angeles Angels,Seattle Mariners,140,-166,https://fantasydata.com/mlb/los-angeles-angels-odds
824131,2026-04-05,Kansas City Royals,Milwaukee Brewers,-124,104,https://fantasydata.com/mlb/kansas-city-royals-odds
824296,2026-04-05,Detroit Tigers,St. Louis Cardinals,-144,120,https://fantasydata.com/mlb/detroit-tigers-odds
824379,2026-04-05,Colorado Rockies,Philadelphia Phillies,132,-157,https://fantasydata.com/mlb/colorado-rockies-odds
824459,2026-04-05,Cleveland Guardians,Chicago Cubs,111,-131,https://fantasydata.com/mlb/chicago-cubs-odds
824460,2026-04-05,Cleveland Guardians,Chicago Cubs,108,-128,https://fantasydata.com/mlb/chicago-cubs-odds
824620,2026-04-05,Chicago White Sox,Toronto Blue Jays,139,-166,https://fantasydata.com/mlb/chicago-white-sox-odds
824781,2026-04-05,Boston Red Sox,San Diego Padres,-154,129,https://fantasydata.com/mlb/boston-red-sox-odds
825025,2026-04-05,Athletics,Houston Astros,112,-132,https://fantasydata.com/mlb/athletics-odds
825102,2026-04-05,Arizona Diamondbacks,Atlanta Braves,-109,-110,https://fantasydata.com/mlb/arizona-diamondbacks-odds
822755,2026-04-06,Washington Nationals,St. Louis Cardinals,-105,-113,https://fantasydata.com/mlb/st-louis-cardinals-odds
822832,2026-04-06,Toronto Blue Jays,Los Angeles Dodgers,108,-128,https://fantasydata.com/mlb/los-angeles-dodgers-odds
822918,2026-04-06,Texas Rangers,Seattle Mariners,-117,-101,https://fantasydata.com/mlb/seattle-mariners-odds
823002,2026-04-06,Tampa Bay Rays,Chicago Cubs,-125,105,https://fantasydata.com/mlb/chicago-cubs-odds
823237,2026-04-06,San Francisco Giants,Philadelphia Phillies,100,-119,https://fantasydata.com/mlb/philadelphia-phillies-odds
823401,2026-04-06,Pittsburgh Pirates,San Diego Padres,-139,117,https://fantasydata.com/mlb/pittsburgh-pirates-odds
823728,2026-04-06,Minnesota Twins,Detroit Tigers,-125,105,https://fantasydata.com/mlb/detroit-tigers-odds
823886,2026-04-06,Miami Marlins,Cincinnati Reds,-137,115,https://fantasydata.com/mlb/cincinnati-reds-odds
824052,2026-04-06,Los Angeles Angels,Atlanta Braves,148,-177,https://fantasydata.com/mlb/atlanta-braves-odds
824376,2026-04-06,Colorado Rockies,Houston Astros,126,-151,https://fantasydata.com/mlb/colorado-rockies-odds
824456,2026-04-06,Cleveland Guardians,Kansas City Royals,-119,100,https://fantasydata.com/mlb/cleveland-guardians-odds
824619,2026-04-06,Chicago White Sox,Baltimore Orioles,117,-139,https://fantasydata.com/mlb/baltimore-orioles-odds
824783,2026-04-06,Boston Red Sox,Milwaukee Brewers,108,-127,https://fantasydata.com/mlb/boston-red-sox-odds
822754,2026-04-07,Washington Nationals,St. Louis Cardinals,-114,-104,https://fantasydata.com/mlb/st-louis-cardinals-odds
822831,2026-04-07,Toronto Blue Jays,Los Angeles Dodgers,129,-154,https://fantasydata.com/mlb/los-angeles-dodgers-odds
822916,2026-04-07,Texas Rangers,Seattle Mariners,100,-118,https://fantasydata.com/mlb/seattle-mariners-odds
822999,2026-04-07,Tampa Bay Rays,Chicago Cubs,-117,-102,https://fantasydata.com/mlb/chicago-cubs-odds
823235,2026-04-07,San Francisco Giants,Philadelphia Phillies,127,-153,https://fantasydata.com/mlb/philadelphia-phillies-odds
823402,2026-04-07,Pittsburgh Pirates,San Diego Padres,-146,123,https://fantasydata.com/mlb/pittsburgh-pirates-odds
823567,2026-04-07,New York Yankees,Athletics,-265,215,https://fantasydata.com/mlb/athletics-odds
823648,2026-04-07,New York Mets,Arizona Diamondbacks,-153,129,https://fantasydata.com/mlb/arizona-diamondbacks-odds
823727,2026-04-07,Minnesota Twins,Detroit Tigers,139,-166,https://fantasydata.com/mlb/detroit-tigers-odds
823887,2026-04-07,Miami Marlins,Cincinnati Reds,-138,116,https://fantasydata.com/mlb/cincinnati-reds-odds
824051,2026-04-07,Los Angeles Angels,Atlanta Braves,110,-131,https://fantasydata.com/mlb/atlanta-braves-odds
824375,2026-04-07,Colorado Rockies,Houston Astros,142,-170,https://fantasydata.com/mlb/colorado-rockies-odds
824457,2026-04-07,Cleveland Guardians,Kansas City Royals,-120,101,https://fantasydata.com/mlb/cleveland-guardians-odds
824618,2026-04-07,Chicago White Sox,Baltimore Orioles,123,-147,https://fantasydata.com/mlb/baltimore-orioles-odds
824780,2026-04-07,Boston Red Sox,Milwaukee Brewers,-161,136,https://fantasydata.com/mlb/boston-red-sox-odds
822753,2026-04-08,Washington Nationals,St. Louis Cardinals,103,-123,https://fantasydata.com/mlb/st-louis-cardinals-odds
822833,2026-04-08,Toronto Blue Jays,Los Angeles Dodgers,132,-158,https://fantasydata.com/mlb/los-angeles-dodgers-odds
822915,2026-04-08,Texas Rangers,Seattle Mariners,100,-119,https://fantasydata.com/mlb/seattle-mariners-odds
823000,2026-04-08,Tampa Bay Rays,Chicago Cubs,-115,-102,https://fantasydata.com/mlb/chicago-cubs-odds
823234,2026-04-08,San Francisco Giants,Philadelphia Phillies,113,-134,https://fantasydata.com/mlb/philadelphia-phillies-odds
823403,2026-04-08,Pittsburgh Pirates,San Diego Padres,108,-128,https://fantasydata.com/mlb/pittsburgh-pirates-odds
823564,2026-04-08,New York Yankees,Athletics,-202,168,https://fantasydata.com/mlb/athletics-odds
823646,2026-04-08,New York Mets,Arizona Diamondbacks,-132,112,https://fantasydata.com/mlb/arizona-diamondbacks-odds
823726,2026-04-08,Minnesota Twins,Detroit Tigers,128,-151,https://fantasydata.com/mlb/detroit-tigers-odds
823885,2026-04-08,Miami Marlins,Cincinnati Reds,-128,108,https://fantasydata.com/mlb/cincinnati-reds-odds
824050,2026-04-08,Los Angeles Angels,Atlanta Braves,107,-128,https://fantasydata.com/mlb/atlanta-braves-odds
824374,2026-04-08,Colorado Rockies,Houston Astros,120,-143,https://fantasydata.com/mlb/colorado-rockies-odds
824455,2026-04-08,Cleveland Guardians,Kansas City Royals,113,-134,https://fantasydata.com/mlb/cleveland-guardians-odds
824617,2026-04-08,Chicago White Sox,Baltimore Orioles,127,-151,https://fantasydata.com/mlb/baltimore-orioles-odds
824779,2026-04-08,Boston Red Sox,Milwaukee Brewers,-139,117,https://fantasydata.com/mlb/boston-red-sox-odds
823319,2026-04-09,San Diego Padres,Colorado Rockies,-184,154,https://fantasydata.com/mlb/colorado-rockies-odds
823565,2026-04-09,New York Yankees,Athletics,-199,165,https://fantasydata.com/mlb/athletics-odds
823645,2026-04-09,New York Mets,Arizona Diamondbacks,-182,152,https://fantasydata.com/mlb/arizona-diamondbacks-odds
823724,2026-04-09,Minnesota Twins,Detroit Tigers,116,-136,https://fantasydata.com/mlb/detroit-tigers-odds
823884,2026-04-09,Miami Marlins,Cincinnati Reds,-122,103,https://fantasydata.com/mlb/cincinnati-reds-odds
824130,2026-04-09,Kansas City Royals,Chicago White Sox,-180,150,https://fantasydata.com/mlb/chicago-white-sox-odds
822829,2026-04-10,Toronto Blue Jays,Minnesota Twins,-152,128,https://fantasydata.com/mlb/minnesota-twins-odds
822997,2026-04-10,Tampa Bay Rays,New York Yankees,-101,-117,https://fantasydata.com/mlb/new-york-yankees-odds
823076,2026-04-10,St. Louis Cardinals,Boston Red Sox,118,-140,https://fantasydata.com/mlb/boston-red-sox-odds
823156,2026-04-10,Seattle Mariners,Houston Astros,-133,114,https://fantasydata.com/mlb/houston-astros-odds
823318,2026-04-10,San Diego Padres,Colorado Rockies,-178,149,https://fantasydata.com/mlb/colorado-rockies-odds
823482,2026-04-10,Philadelphia Phillies,Arizona Diamondbacks,-179,149,https://fantasydata.com/mlb/arizona-diamondbacks-odds
823643,2026-04-10,New York Mets,Athletics,-146,123,https://fantasydata.com/mlb/athletics-odds
823808,2026-04-10,Milwaukee Brewers,Washington Nationals,-209,174,https://fantasydata.com/mlb/milwaukee-brewers-odds
823968,2026-04-10,Los Angeles Dodgers,Texas Rangers,-228,186,https://fantasydata.com/mlb/los-angeles-dodgers-odds
824128,2026-04-10,Kansas City Royals,Chicago White Sox,-185,155,https://fantasydata.com/mlb/chicago-white-sox-odds
824297,2026-04-10,Detroit Tigers,Miami Marlins,-135,114,https://fantasydata.com/mlb/detroit-tigers-odds
824534,2026-04-10,Cincinnati Reds,Los Angeles Angels,-176,148,https://fantasydata.com/mlb/cincinnati-reds-odds
824695,2026-04-10,Chicago Cubs,Pittsburgh Pirates,-154,130,https://fantasydata.com/mlb/chicago-cubs-odds
824858,2026-04-10,Baltimore Orioles,San Francisco Giants,-123,104,https://fantasydata.com/mlb/baltimore-orioles-odds
824941,2026-04-10,Atlanta Braves,Cleveland Guardians,-138,117,https://fantasydata.com/mlb/atlanta-braves-odds
822830,2026-04-11,Toronto Blue Jays,Minnesota Twins,-122,103,https://fantasydata.com/mlb/minnesota-twins-odds
822996,2026-04-11,Tampa Bay Rays,New York Yankees,150,-179,https://fantasydata.com/mlb/new-york-yankees-odds
823074,2026-04-11,St. Louis Cardinals,Boston Red Sox,118,-141,https://fantasydata.com/mlb/boston-red-sox-odds
823155,2026-04-11,Seattle Mariners,Houston Astros,-154,130,https://fantasydata.com/mlb/houston-astros-odds
823316,2026-04-11,San Diego Padres,Colorado Rockies,-169,142,https://fantasydata.com/mlb/colorado-rockies-odds
823480,2026-04-11,Philadelphia Phillies,Arizona Diamondbacks,-128,108,https://fantasydata.com/mlb/arizona-diamondbacks-odds
823644,2026-04-11,New York Mets,Athletics,-166,140,https://fantasydata.com/mlb/athletics-odds
823805,2026-04-11,Milwaukee Brewers,Washington Nationals,-179,151,https://fantasydata.com/mlb/milwaukee-brewers-odds
823967,2026-04-11,Los Angeles Dodgers,Texas Rangers,-190,157,https://fantasydata.com/mlb/los-angeles-dodgers-odds
824129,2026-04-11,Kansas City Royals,Chicago White Sox,-194,160,https://fantasydata.com/mlb/chicago-white-sox-odds
824294,2026-04-11,Detroit Tigers,Miami Marlins,-140,119,https://fantasydata.com/mlb/detroit-tigers-odds
824535,2026-04-11,Cincinnati Reds,Los Angeles Angels,-130,109,https://fantasydata.com/mlb/cincinnati-reds-odds
824697,2026-04-11,Chicago Cubs,Pittsburgh Pirates,-146,123,https://fantasydata.com/mlb/chicago-cubs-odds
824857,2026-04-11,Baltimore Orioles,San Francisco Giants,102,-121,https://fantasydata.com/mlb/baltimore-orioles-odds
824939,2026-04-11,Atlanta Braves,Cleveland Guardians,-117,-101,https://fantasydata.com/mlb/atlanta-braves-odds
822828,2026-04-12,Toronto Blue Jays,Minnesota Twins,-139,117,https://fantasydata.com/mlb/minnesota-twins-odds
822998,2026-04-12,Tampa Bay Rays,New York Yankees,120,-141,https://fantasydata.com/mlb/new-york-yankees-odds
823075,2026-04-12,St. Louis Cardinals,Boston Red Sox,100,-119,https://fantasydata.com/mlb/boston-red-sox-odds
823154,2026-04-12,Seattle Mariners,Houston Astros,-184,153,https://fantasydata.com/mlb/houston-astros-odds
823317,2026-04-12,San Diego Padres,Colorado Rockies,-228,190,https://fantasydata.com/mlb/colorado-rockies-odds
823479,2026-04-12,Philadelphia Phillies,Arizona Diamondbacks,-139,117,https://fantasydata.com/mlb/arizona-diamondbacks-odds
823642,2026-04-12,New York Mets,Athletics,-163,138,https://fantasydata.com/mlb/athletics-odds
823804,2026-04-12,Milwaukee Brewers,Washington Nationals,-215,180,https://fantasydata.com/mlb/milwaukee-brewers-odds
823966,2026-04-12,Los Angeles Dodgers,Texas Rangers,-129,109,https://fantasydata.com/mlb/los-angeles-dodgers-odds
824126,2026-04-12,Kansas City Royals,Chicago White Sox,-183,152,https://fantasydata.com/mlb/chicago-white-sox-odds
824293,2026-04-12,Detroit Tigers,Miami Marlins,-179,150,https://fantasydata.com/mlb/detroit-tigers-odds
824533,2026-04-12,Cincinnati Reds,Los Angeles Angels,-108,-111,https://fantasydata.com/mlb/cincinnati-reds-odds
824696,2026-04-12,Chicago Cubs,Pittsburgh Pirates,-131,111,https://fantasydata.com/mlb/chicago-cubs-odds
824859,2026-04-12,Baltimore Orioles,San Francisco Giants,-127,108,https://fantasydata.com/mlb/baltimore-orioles-odds
824938,2026-04-12,Atlanta Braves,Cleveland Guardians,-194,163,https://fantasydata.com/mlb/atlanta-braves-odds
823073,2026-04-13,St. Louis Cardinals,Cleveland Guardians,101,-119,https://fantasydata.com/mlb/cleveland-guardians-odds
823153,2026-04-13,Seattle Mariners,Houston Astros,-174,146,https://fantasydata.com/mlb/houston-astros-odds
823400,2026-04-13,Pittsburgh Pirates,Washington Nationals,-222,185,https://fantasydata.com/mlb/pittsburgh-pirates-odds
823481,2026-04-13,Philadelphia Phillies,Chicago Cubs,-179,149,https://fantasydata.com/mlb/chicago-cubs-odds
823563,2026-04-13,New York Yankees,Los Angeles Angels,-182,152,https://fantasydata.com/mlb/los-angeles-angels-odds
823725,2026-04-13,Minnesota Twins,Boston Red Sox,137,-163,https://fantasydata.com/mlb/boston-red-sox-odds
823964,2026-04-13,Los Angeles Dodgers,New York Mets,-164,138,https://fantasydata.com/mlb/los-angeles-dodgers-odds
824856,2026-04-13,Baltimore Orioles,Arizona Diamondbacks,-132,111,https://fantasydata.com/mlb/arizona-diamondbacks-odds
824937,2026-04-13,Atlanta Braves,Miami Marlins,-150,127,https://fantasydata.com/mlb/atlanta-braves-odds
825024,2026-04-13,Athletics,Texas Rangers,107,-127,https://fantasydata.com/mlb/athletics-odds
823072,2026-04-14,St. Louis Cardinals,Cleveland Guardians,108,-129,https://fantasydata.com/mlb/cleveland-guardians-odds
823315,2026-04-14,San Diego Padres,Seattle Mariners,101,-119,https://fantasydata.com/mlb/san-diego-padres-odds
823398,2026-04-14,Pittsburgh Pirates,Washington Nationals,-184,153,https://fantasydata.com/mlb/pittsburgh-pirates-odds
823478,2026-04-14,Philadelphia Phillies,Chicago Cubs,-143,120,https://fantasydata.com/mlb/chicago-cubs-odds
823562,2026-04-14,New York Yankees,Los Angeles Angels,-175,146,https://fantasydata.com/mlb/los-angeles-angels-odds
823723,2026-04-14,Minnesota Twins,Boston Red Sox,118,-141,https://fantasydata.com/mlb/boston-red-sox-odds
823802,2026-04-14,Milwaukee Brewers,Toronto Blue Jays,-122,103,https://fantasydata.com/mlb/milwaukee-brewers-odds
823965,2026-04-14,Los Angeles Dodgers,New York Mets,-197,165,https://fantasydata.com/mlb/los-angeles-dodgers-odds
824210,2026-04-14,Houston Astros,Colorado Rockies,-172,144,https://fantasydata.com/mlb/colorado-rockies-odds
824292,2026-04-14,Detroit Tigers,Kansas City Royals,-121,101,https://fantasydata.com/mlb/detroit-tigers-odds
824531,2026-04-14,Cincinnati Reds,San Francisco Giants,-111,-108,https://fantasydata.com/mlb/cincinnati-reds-odds
824616,2026-04-14,Chicago White Sox,Tampa Bay Rays,113,-134,https://fantasydata.com/mlb/chicago-white-sox-odds
824853,2026-04-14,Baltimore Orioles,Arizona Diamondbacks,-169,141,https://fantasydata.com/mlb/arizona-diamondbacks-odds
824935,2026-04-14,Atlanta Braves,Miami Marlins,-162,138,https://fantasydata.com/mlb/atlanta-braves-odds
825022,2026-04-14,Athletics,Texas Rangers,108,-128,https://fantasydata.com/mlb/athletics-odds
823071,2026-04-15,St. Louis Cardinals,Cleveland Guardians,-112,-107,https://fantasydata.com/mlb/cleveland-guardians-odds
823314,2026-04-15,San Diego Padres,Seattle Mariners,-108,-110,https://fantasydata.com/mlb/san-diego-padres-odds
823399,2026-04-15,Pittsburgh Pirates,Washington Nationals,-180,150,https://fantasydata.com/mlb/pittsburgh-pirates-odds
823477,2026-04-15,Philadelphia Phillies,Chicago Cubs,-141,119,https://fantasydata.com/mlb/chicago-cubs-odds
823561,2026-04-15,New York Yankees,Los Angeles Angels,-193,160,https://fantasydata.com/mlb/los-angeles-angels-odds
823722,2026-04-15,Minnesota Twins,Boston Red Sox,109,-130,https://fantasydata.com/mlb/boston-red-sox-odds
823803,2026-04-15,Milwaukee Brewers,Toronto Blue Jays,103,-122,https://fantasydata.com/mlb/milwaukee-brewers-odds
823963,2026-04-15,Los Angeles Dodgers,New York Mets,-195,162,https://fantasydata.com/mlb/los-angeles-dodgers-odds
824209,2026-04-15,Houston Astros,Colorado Rockies,-192,159,https://fantasydata.com/mlb/colorado-rockies-odds
824291,2026-04-15,Detroit Tigers,Kansas City Royals,-129,109,https://fantasydata.com/mlb/detroit-tigers-odds
824532,2026-04-15,Cincinnati Reds,San Francisco Giants,-106,-112,https://fantasydata.com/mlb/cincinnati-reds-odds
824615,2026-04-15,Chicago White Sox,Tampa Bay Rays,-107,-112,https://fantasydata.com/mlb/chicago-white-sox-odds
824855,2026-04-15,Baltimore Orioles,Arizona Diamondbacks,-134,114,https://fantasydata.com/mlb/arizona-diamondbacks-odds
824936,2026-04-15,Atlanta Braves,Miami Marlins,-162,137,https://fantasydata.com/mlb/atlanta-braves-odds
825021,2026-04-15,Athletics,Texas Rangers,-119,100,https://fantasydata.com/mlb/athletics-odds
823313,2026-04-16,San Diego Padres,Seattle Mariners,101,-121,https://fantasydata.com/mlb/san-diego-padres-odds
823396,2026-04-16,Pittsburgh Pirates,Washington Nationals,-162,136,https://fantasydata.com/mlb/pittsburgh-pirates-odds
823560,2026-04-16,New York Yankees,Los Angeles Angels,-306,248,https://fantasydata.com/mlb/los-angeles-angels-odds
823801,2026-04-16,Milwaukee Brewers,Toronto Blue Jays,-114,-104,https://fantasydata.com/mlb/milwaukee-brewers-odds
824208,2026-04-16,Houston Astros,Colorado Rockies,-167,141,https://fantasydata.com/mlb/colorado-rockies-odds
824289,2026-04-16,Detroit Tigers,Kansas City Royals,103,-123,https://fantasydata.com/mlb/detroit-tigers-odds
824453,2026-04-16,Cleveland Guardians,Baltimore Orioles,-133,112,https://fantasydata.com/mlb/baltimore-orioles-odds
824530,2026-04-16,Cincinnati Reds,San Francisco Giants,-122,104,https://fantasydata.com/mlb/cincinnati-reds-odds
824614,2026-04-16,Chicago White Sox,Tampa Bay Rays,110,-130,https://fantasydata.com/mlb/chicago-white-sox-odds
825023,2026-04-16,Athletics,Texas Rangers,-107,-112,https://fantasydata.com/mlb/athletics-odds
822752,2026-04-17,Washington Nationals,San Francisco Giants,127,-151,https://fantasydata.com/mlb/san-francisco-giants-odds
823152,2026-04-17,Seattle Mariners,Texas Rangers,-132,111,https://fantasydata.com/mlb/seattle-mariners-odds
823397,2026-04-17,Pittsburgh Pirates,Tampa Bay Rays,-126,107,https://fantasydata.com/mlb/pittsburgh-pirates-odds
823476,2026-04-17,Philadelphia Phillies,Atlanta Braves,-103,-115,https://fantasydata.com/mlb/atlanta-braves-odds
823559,2026-04-17,New York Yankees,Kansas City Royals,-178,149,https://fantasydata.com/mlb/kansas-city-royals-odds
823720,2026-04-17,Minnesota Twins,Cincinnati Reds,-163,138,https://fantasydata.com/mlb/cincinnati-reds-odds
823883,2026-04-17,Miami Marlins,Milwaukee Brewers,-114,-104,https://fantasydata.com/mlb/miami-marlins-odds
824048,2026-04-17,Los Angeles Angels,San Diego Padres,-131,110,https://fantasydata.com/mlb/los-angeles-angels-odds
824207,2026-04-17,Houston Astros,St. Louis Cardinals,-128,107,https://fantasydata.com/mlb/houston-astros-odds
824373,2026-04-17,Colorado Rockies,Los Angeles Dodgers,260,-319,https://fantasydata.com/mlb/colorado-rockies-odds
824454,2026-04-17,Cleveland Guardians,Baltimore Orioles,-136,116,https://fantasydata.com/mlb/baltimore-orioles-odds
824693,2026-04-17,Chicago Cubs,New York Mets,-157,133,https://fantasydata.com/mlb/chicago-cubs-odds
824778,2026-04-17,Boston Red Sox,Detroit Tigers,-129,110,https://fantasydata.com/mlb/boston-red-sox-odds
825019,2026-04-17,Athletics,Chicago White Sox,-160,136,https://fantasydata.com/mlb/athletics-odds
825101,2026-04-17,Arizona Diamondbacks,Toronto Blue Jays,-138,117,https://fantasydata.com/mlb/arizona-diamondbacks-odds
822751,2026-04-18,Washington Nationals,San Francisco Giants,-108,-111,https://fantasydata.com/mlb/san-francisco-giants-odds
823151,2026-04-18,Seattle Mariners,Texas Rangers,-138,117,https://fantasydata.com/mlb/seattle-mariners-odds
823394,2026-04-18,Pittsburgh Pirates,Tampa Bay Rays,-152,128,https://fantasydata.com/mlb/pittsburgh-pirates-odds
823474,2026-04-18,Philadelphia Phillies,Atlanta Braves,-119,100,https://fantasydata.com/mlb/atlanta-braves-odds
823558,2026-04-18,New York Yankees,Kansas City Royals,-166,140,https://fantasydata.com/mlb/kansas-city-royals-odds
823721,2026-04-18,Minnesota Twins,Cincinnati Reds,-130,110,https://fantasydata.com/mlb/cincinnati-reds-odds
823882,2026-04-18,Miami Marlins,Milwaukee Brewers,-117,-102,https://fantasydata.com/mlb/miami-marlins-odds
824049,2026-04-18,Los Angeles Angels,San Diego Padres,-105,-113,https://fantasydata.com/mlb/los-angeles-angels-odds
824206,2026-04-18,Houston Astros,St. Louis Cardinals,-145,121,https://fantasydata.com/mlb/houston-astros-odds
824372,2026-04-18,Colorado Rockies,Los Angeles Dodgers,235,-288,https://fantasydata.com/mlb/colorado-rockies-odds
824451,2026-04-18,Cleveland Guardians,Baltimore Orioles,-139,118,https://fantasydata.com/mlb/baltimore-orioles-odds
824694,2026-04-18,Chicago Cubs,New York Mets,-115,-103,https://fantasydata.com/mlb/chicago-cubs-odds
824775,2026-04-18,Boston Red Sox,Detroit Tigers,127,-151,https://fantasydata.com/mlb/boston-red-sox-odds
825020,2026-04-18,Athletics,Chicago White Sox,-164,137,https://fantasydata.com/mlb/athletics-odds
825098,2026-04-18,Arizona Diamondbacks,Toronto Blue Jays,-151,128,https://fantasydata.com/mlb/arizona-diamondbacks-odds
822750,2026-04-19,Washington Nationals,San Francisco Giants,119,-141,https://fantasydata.com/mlb/san-francisco-giants-odds
823150,2026-04-19,Seattle Mariners,Texas Rangers,-143,121,https://fantasydata.com/mlb/seattle-mariners-odds
823393,2026-04-19,Pittsburgh Pirates,Tampa Bay Rays,-107,-112,https://fantasydata.com/mlb/pittsburgh-pirates-odds
823475,2026-04-19,Philadelphia Phillies,Atlanta Braves,-104,-113,https://fantasydata.com/mlb/atlanta-braves-odds
823556,2026-04-19,New York Yankees,Kansas City Royals,-157,132,https://fantasydata.com/mlb/kansas-city-royals-odds
823718,2026-04-19,Minnesota Twins,Cincinnati Reds,-117,-102,https://fantasydata.com/mlb/cincinnati-reds-odds
823881,2026-04-19,Miami Marlins,Milwaukee Brewers,-112,-106,https://fantasydata.com/mlb/miami-marlins-odds
824047,2026-04-19,Los Angeles Angels,San Diego Padres,126,-149,https://fantasydata.com/mlb/los-angeles-angels-odds
824205,2026-04-19,Houston Astros,St. Louis Cardinals,-140,119,https://fantasydata.com/mlb/houston-astros-odds
824371,2026-04-19,Colorado Rockies,Los Angeles Dodgers,181,-217,https://fantasydata.com/mlb/colorado-rockies-odds
824452,2026-04-19,Cleveland Guardians,Baltimore Orioles,-121,102,https://fantasydata.com/mlb/baltimore-orioles-odds
824691,2026-04-19,Chicago Cubs,New York Mets,-139,117,https://fantasydata.com/mlb/chicago-cubs-odds
824777,2026-04-19,Boston Red Sox,Detroit Tigers,-142,120,https://fantasydata.com/mlb/boston-red-sox-odds
825018,2026-04-19,Athletics,Chicago White Sox,-158,133,https://fantasydata.com/mlb/athletics-odds
825100,2026-04-19,Arizona Diamondbacks,Toronto Blue Jays,-102,-117,https://fantasydata.com/mlb/arizona-diamondbacks-odds
822749,2026-04-20,Washington Nationals,Atlanta Braves,133,-158,https://fantasydata.com/mlb/atlanta-braves-odds
822994,2026-04-20,Tampa Bay Rays,Cincinnati Reds,-123,105,https://fantasydata.com/mlb/cincinnati-reds-odds
823149,2026-04-20,Seattle Mariners,Athletics,-143,121,https://fantasydata.com/mlb/athletics-odds
823879,2026-04-20,Miami Marlins,St. Louis Cardinals,-139,117,https://fantasydata.com/mlb/miami-marlins-odds
824046,2026-04-20,Los Angeles Angels,Toronto Blue Jays,-103,-116,https://fantasydata.com/mlb/los-angeles-angels-odds
824125,2026-04-20,Kansas City Royals,Baltimore Orioles,-104,-116,https://fantasydata.com/mlb/baltimore-orioles-odds
824370,2026-04-20,Colorado Rockies,Los Angeles Dodgers,179,-214,https://fantasydata.com/mlb/colorado-rockies-odds
824450,2026-04-20,Cleveland Guardians,Houston Astros,-134,113,https://fantasydata.com/mlb/cleveland-guardians-odds
824692,2026-04-20,Chicago Cubs,Philadelphia Phillies,-113,-105,https://fantasydata.com/mlb/chicago-cubs-odds
824776,2026-04-20,Boston Red Sox,Detroit Tigers,-138,116,https://fantasydata.com/mlb/boston-red-sox-odds
822747,2026-04-21,Washington Nationals,Atlanta Braves,131,-155,https://fantasydata.com/mlb/atlanta-braves-odds
822914,2026-04-21,Texas Rangers,Pittsburgh Pirates,-118,100,https://fantasydata.com/mlb/pittsburgh-pirates-odds
822995,2026-04-21,Tampa Bay Rays,Cincinnati Reds,-104,-113,https://fantasydata.com/mlb/cincinnati-reds-odds
823148,2026-04-21,Seattle Mariners,Athletics,-159,134,https://fantasydata.com/mlb/athletics-odds
823236,2026-04-21,San Francisco Giants,Los Angeles Dodgers,150,-178,https://fantasydata.com/mlb/los-angeles-dodgers-odds
823640,2026-04-21,New York Mets,Minnesota Twins,-163,137,https://fantasydata.com/mlb/minnesota-twins-odds
823880,2026-04-21,Miami Marlins,St. Louis Cardinals,-118,100,https://fantasydata.com/mlb/miami-marlins-odds
824045,2026-04-21,Los Angeles Angels,Toronto Blue Jays,-113,-105,https://fantasydata.com/mlb/los-angeles-angels-odds
824127,2026-04-21,Kansas City Royals,Baltimore Orioles,-127,107,https://fantasydata.com/mlb/baltimore-orioles-odds
824290,2026-04-21,Detroit Tigers,Milwaukee Brewers,-113,-106,https://fantasydata.com/mlb/detroit-tigers-odds
824369,2026-04-21,Colorado Rockies,San Diego Padres,127,-150,https://fantasydata.com/mlb/colorado-rockies-odds
824448,2026-04-21,Cleveland Guardians,Houston Astros,-152,129,https://fantasydata.com/mlb/cleveland-guardians-odds
824690,2026-04-21,Chicago Cubs,Philadelphia Phillies,-130,110,https://fantasydata.com/mlb/chicago-cubs-odds
824773,2026-04-21,Boston Red Sox,New York Yankees,-126,107,https://fantasydata.com/mlb/boston-red-sox-odds
825099,2026-04-21,Arizona Diamondbacks,Chicago White Sox,-146,123,https://fantasydata.com/mlb/arizona-diamondbacks-odds
822748,2026-04-22,Washington Nationals,Atlanta Braves,136,-160,https://fantasydata.com/mlb/atlanta-braves-odds
822913,2026-04-22,Texas Rangers,Pittsburgh Pirates,-104,-114,https://fantasydata.com/mlb/pittsburgh-pirates-odds
822993,2026-04-22,Tampa Bay Rays,Cincinnati Reds,-141,118,https://fantasydata.com/mlb/cincinnati-reds-odds
823147,2026-04-22,Seattle Mariners,Athletics,-182,152,https://fantasydata.com/mlb/athletics-odds
823231,2026-04-22,San Francisco Giants,Los Angeles Dodgers,172,-206,https://fantasydata.com/mlb/los-angeles-dodgers-odds
823641,2026-04-22,New York Mets,Minnesota Twins,-162,137,https://fantasydata.com/mlb/minnesota-twins-odds
823878,2026-04-22,Miami Marlins,St. Louis Cardinals,-147,124,https://fantasydata.com/mlb/miami-marlins-odds
824044,2026-04-22,Los Angeles Angels,Toronto Blue Jays,-153,130,https://fantasydata.com/mlb/los-angeles-angels-odds
824123,2026-04-22,Kansas City Royals,Baltimore Orioles,-131,111,https://fantasydata.com/mlb/baltimore-orioles-odds
824286,2026-04-22,Detroit Tigers,Milwaukee Brewers,-133,113,https://fantasydata.com/mlb/detroit-tigers-odds
824367,2026-04-22,Colorado Rockies,San Diego Padres,137,-163,https://fantasydata.com/mlb/colorado-rockies-odds
824449,2026-04-22,Cleveland Guardians,Houston Astros,-163,138,https://fantasydata.com/mlb/cleveland-guardians-odds
824688,2026-04-22,Chicago Cubs,Philadelphia Phillies,-191,158,https://fantasydata.com/mlb/chicago-cubs-odds
824774,2026-04-22,Boston Red Sox,New York Yankees,112,-133,https://fantasydata.com/mlb/boston-red-sox-odds
825097,2026-04-22,Arizona Diamondbacks,Chicago White Sox,-153,129,https://fantasydata.com/mlb/arizona-diamondbacks-odds
822745,2026-04-23,Washington Nationals,Atlanta Braves,116,-137,https://fantasydata.com/mlb/atlanta-braves-odds
822912,2026-04-23,Texas Rangers,Pittsburgh Pirates,-158,134,https://fantasydata.com/mlb/pittsburgh-pirates-odds
823233,2026-04-23,San Francisco Giants,Los Angeles Dodgers,130,-154,https://fantasydata.com/mlb/los-angeles-dodgers-odds
823639,2026-04-23,New York Mets,Minnesota Twins,-112,-106,https://fantasydata.com/mlb/minnesota-twins-odds
824288,2026-04-23,Detroit Tigers,Milwaukee Brewers,-228,190,https://fantasydata.com/mlb/detroit-tigers-odds
824368,2026-04-23,Colorado Rockies,San Diego Padres,129,-152,https://fantasydata.com/mlb/colorado-rockies-odds
824689,2026-04-23,Chicago Cubs,Philadelphia Phillies,-103,-115,https://fantasydata.com/mlb/chicago-cubs-odds
824770,2026-04-23,Boston Red Sox,New York Yankees,125,-148,https://fantasydata.com/mlb/boston-red-sox-odds
825096,2026-04-23,Arizona Diamondbacks,Chicago White Sox,-149,125,https://fantasydata.com/mlb/arizona-diamondbacks-odds
822827,2026-04-24,Toronto Blue Jays,Cleveland Guardians,102,-121,https://fantasydata.com/mlb/cleveland-guardians-odds
822909,2026-04-24,Texas Rangers,Athletics,-137,115,https://fantasydata.com/mlb/athletics-odds
822992,2026-04-24,Tampa Bay Rays,Minnesota Twins,-142,120,https://fantasydata.com/mlb/minnesota-twins-odds
823069,2026-04-24,St. Louis Cardinals,Seattle Mariners,123,-146,https://fantasydata.com/mlb/seattle-mariners-odds
823232,2026-04-24,San Francisco Giants,Miami Marlins,-104,-114,https://fantasydata.com/mlb/miami-marlins-odds
823638,2026-04-24,New York Mets,Colorado Rockies,-210,174,https://fantasydata.com/mlb/colorado-rockies-odds
823800,2026-04-24,Milwaukee Brewers,Pittsburgh Pirates,-107,-111,https://fantasydata.com/mlb/milwaukee-brewers-odds
823962,2026-04-24,Los Angeles Dodgers,Chicago Cubs,-160,135,https://fantasydata.com/mlb/chicago-cubs-odds
824124,2026-04-24,Kansas City Royals,Los Angeles Angels,-108,-111,https://fantasydata.com/mlb/kansas-city-royals-odds
824204,2026-04-24,Houston Astros,New York Yankees,130,-154,https://fantasydata.com/mlb/houston-astros-odds
824529,2026-04-24,Cincinnati Reds,Detroit Tigers,-102,-116,https://fantasydata.com/mlb/cincinnati-reds-odds
824611,2026-04-24,Chicago White Sox,Washington Nationals,-125,106,https://fantasydata.com/mlb/chicago-white-sox-odds
824854,2026-04-24,Baltimore Orioles,Boston Red Sox,-125,105,https://fantasydata.com/mlb/baltimore-orioles-odds
824932,2026-04-24,Atlanta Braves,Philadelphia Phillies,-160,135,https://fantasydata.com/mlb/atlanta-braves-odds
822826,2026-04-25,Toronto Blue Jays,Cleveland Guardians,-148,125,https://fantasydata.com/mlb/cleveland-guardians-odds
822910,2026-04-25,Texas Rangers,Athletics,-124,105,https://fantasydata.com/mlb/athletics-odds
822989,2026-04-25,Tampa Bay Rays,Minnesota Twins,-134,114,https://fantasydata.com/mlb/minnesota-twins-odds
823070,2026-04-25,St. Louis Cardinals,Seattle Mariners,125,-149,https://fantasydata.com/mlb/seattle-mariners-odds
823229,2026-04-25,San Francisco Giants,Miami Marlins,-111,-107,https://fantasydata.com/mlb/miami-marlins-odds
823799,2026-04-25,Milwaukee Brewers,Pittsburgh Pirates,-145,123,https://fantasydata.com/mlb/milwaukee-brewers-odds
823960,2026-04-25,Los Angeles Dodgers,Chicago Cubs,-129,110,https://fantasydata.com/mlb/chicago-cubs-odds
824121,2026-04-25,Kansas City Royals,Los Angeles Angels,-137,116,https://fantasydata.com/mlb/kansas-city-royals-odds
824203,2026-04-25,Houston Astros,New York Yankees,132,-156,https://fantasydata.com/mlb/houston-astros-odds
824527,2026-04-25,Cincinnati Reds,Detroit Tigers,-108,-110,https://fantasydata.com/mlb/cincinnati-reds-odds
824613,2026-04-25,Chicago White Sox,Washington Nationals,-144,122,https://fantasydata.com/mlb/chicago-white-sox-odds
824851,2026-04-25,Baltimore Orioles,Boston Red Sox,-124,105,https://fantasydata.com/mlb/baltimore-orioles-odds
824933,2026-04-25,Atlanta Braves,Philadelphia Phillies,-134,113,https://fantasydata.com/mlb/atlanta-braves-odds
825093,2026-04-25,Arizona Diamondbacks,San Diego Padres,-113,-106,https://fantasydata.com/mlb/arizona-diamondbacks-odds
822824,2026-04-26,Toronto Blue Jays,Cleveland Guardians,-128,109,https://fantasydata.com/mlb/cleveland-guardians-odds
822911,2026-04-26,Texas Rangers,Athletics,-117,-101,https://fantasydata.com/mlb/athletics-odds
822991,2026-04-26,Tampa Bay Rays,Minnesota Twins,-147,124,https://fantasydata.com/mlb/minnesota-twins-odds
823068,2026-04-26,St. Louis Cardinals,Seattle Mariners,112,-133,https://fantasydata.com/mlb/seattle-mariners-odds
823230,2026-04-26,San Francisco Giants,Miami Marlins,-126,107,https://fantasydata.com/mlb/miami-marlins-odds
823635,2026-04-26,New York Mets,Colorado Rockies,-260,214,https://fantasydata.com/mlb/colorado-rockies-odds
823637,2026-04-26,New York Mets,Colorado Rockies,-178,148,https://fantasydata.com/mlb/colorado-rockies-odds
823797,2026-04-26,Milwaukee Brewers,Pittsburgh Pirates,-120,101,https://fantasydata.com/mlb/milwaukee-brewers-odds
823959,2026-04-26,Los Angeles Dodgers,Chicago Cubs,-121,102,https://fantasydata.com/mlb/chicago-cubs-odds
824122,2026-04-26,Kansas City Royals,Los Angeles Angels,-117,-102,https://fantasydata.com/mlb/kansas-city-royals-odds
824202,2026-04-26,Houston Astros,New York Yankees,112,-133,https://fantasydata.com/mlb/houston-astros-odds
824528,2026-04-26,Cincinnati Reds,Detroit Tigers,-108,-110,https://fantasydata.com/mlb/cincinnati-reds-odds
824612,2026-04-26,Chicago White Sox,Washington Nationals,-120,100,https://fantasydata.com/mlb/chicago-white-sox-odds
824852,2026-04-26,Baltimore Orioles,Boston Red Sox,-141,119,https://fantasydata.com/mlb/baltimore-orioles-odds
824934,2026-04-26,Atlanta Braves,Philadelphia Phillies,-220,180,https://fantasydata.com/mlb/atlanta-braves-odds
825094,2026-04-26,Arizona Diamondbacks,San Diego Padres,113,-134,https://fantasydata.com/mlb/arizona-diamondbacks-odds
822825,2026-04-27,Toronto Blue Jays,Boston Red Sox,-137,116,https://fantasydata.com/mlb/boston-red-sox-odds
822906,2026-04-27,Texas Rangers,New York Yankees,136,-163,https://fantasydata.com/mlb/new-york-yankees-odds
823311,2026-04-27,San Diego Padres,Chicago Cubs,-120,100,https://fantasydata.com/mlb/chicago-cubs-odds
823395,2026-04-27,Pittsburgh Pirates,St. Louis Cardinals,-121,102,https://fantasydata.com/mlb/pittsburgh-pirates-odds
823719,2026-04-27,Minnesota Twins,Seattle Mariners,107,-125,https://fantasydata.com/mlb/minnesota-twins-odds
823961,2026-04-27,Los Angeles Dodgers,Miami Marlins,-305,248,https://fantasydata.com/mlb/los-angeles-dodgers-odds
824446,2026-04-27,Cleveland Guardians,Tampa Bay Rays,-140,118,https://fantasydata.com/mlb/cleveland-guardians-odds
824609,2026-04-27,Chicago White Sox,Los Angeles Angels,-114,-105,https://fantasydata.com/mlb/chicago-white-sox-odds
822823,2026-04-28,Toronto Blue Jays,Boston Red Sox,-116,-104,https://fantasydata.com/mlb/boston-red-sox-odds
822908,2026-04-28,Texas Rangers,New York Yankees,100,-119,https://fantasydata.com/mlb/new-york-yankees-odds
823310,2026-04-28,San Diego Padres,Chicago Cubs,-101,-118,https://fantasydata.com/mlb/chicago-cubs-odds
823390,2026-04-28,Pittsburgh Pirates,St. Louis Cardinals,-164,137,https://fantasydata.com/mlb/pittsburgh-pirates-odds
823473,2026-04-28,Philadelphia Phillies,San Francisco Giants,-158,133,https://fantasydata.com/mlb/philadelphia-phillies-odds
823636,2026-04-28,New York Mets,Washington Nationals,-182,150,https://fantasydata.com/mlb/new-york-mets-odds
823716,2026-04-28,Minnesota Twins,Seattle Mariners,109,-129,https://fantasydata.com/mlb/minnesota-twins-odds
823798,2026-04-28,Milwaukee Brewers,Arizona Diamondbacks,-131,112,https://fantasydata.com/mlb/arizona-diamondbacks-odds
823956,2026-04-28,Los Angeles Dodgers,Miami Marlins,-292,238,https://fantasydata.com/mlb/los-angeles-dodgers-odds
824447,2026-04-28,Cleveland Guardians,Tampa Bay Rays,-131,110,https://fantasydata.com/mlb/cleveland-guardians-odds
824526,2026-04-28,Cincinnati Reds,Colorado Rockies,-202,169,https://fantasydata.com/mlb/cincinnati-reds-odds
824610,2026-04-28,Chicago White Sox,Los Angeles Angels,109,-130,https://fantasydata.com/mlb/chicago-white-sox-odds
824849,2026-04-28,Baltimore Orioles,Houston Astros,-133,112,https://fantasydata.com/mlb/baltimore-orioles-odds
824931,2026-04-28,Atlanta Braves,Detroit Tigers,-126,108,https://fantasydata.com/mlb/atlanta-braves-odds
825017,2026-04-28,Athletics,Kansas City Royals,-108,-110,https://fantasydata.com/mlb/athletics-odds
822821,2026-04-29,Toronto Blue Jays,Boston Red Sox,-116,-104,https://fantasydata.com/mlb/boston-red-sox-odds
822907,2026-04-29,Texas Rangers,New York Yankees,-102,-117,https://fantasydata.com/mlb/new-york-yankees-odds
823312,2026-04-29,San Diego Padres,Chicago Cubs,-116,-103,https://fantasydata.com/mlb/chicago-cubs-odds
823392,2026-04-29,Pittsburgh Pirates,St. Louis Cardinals,-131,111,https://fantasydata.com/mlb/pittsburgh-pirates-odds
823633,2026-04-29,New York Mets,Washington Nationals,-159,134,https://fantasydata.com/mlb/new-york-mets-odds
823717,2026-04-29,Minnesota Twins,Seattle Mariners,116,-138,https://fantasydata.com/mlb/minnesota-twins-odds
823796,2026-04-29,Milwaukee Brewers,Arizona Diamondbacks,-129,109,https://fantasydata.com/mlb/arizona-diamondbacks-odds
823958,2026-04-29,Los Angeles Dodgers,Miami Marlins,-251,206,https://fantasydata.com/mlb/los-angeles-dodgers-odds
824445,2026-04-29,Cleveland Guardians,Tampa Bay Rays,-117,-103,https://fantasydata.com/mlb/cleveland-guardians-odds
824525,2026-04-29,Cincinnati Reds,Colorado Rockies,-153,130,https://fantasydata.com/mlb/cincinnati-reds-odds
824608,2026-04-29,Chicago White Sox,Los Angeles Angels,-101,-117,https://fantasydata.com/mlb/chicago-white-sox-odds
824930,2026-04-29,Atlanta Braves,Detroit Tigers,116,-138,https://fantasydata.com/mlb/atlanta-braves-odds
825015,2026-04-29,Athletics,Kansas City Royals,-120,101,https://fantasydata.com/mlb/athletics-odds
823391,2026-04-30,Pittsburgh Pirates,St. Louis Cardinals,-244,202,https://fantasydata.com/mlb/pittsburgh-pirates-odds
823471,2026-04-30,Philadelphia Phillies,San Francisco Giants,-141,118,https://fantasydata.com/mlb/philadelphia-phillies-odds
823472,2026-04-30,Philadelphia Phillies,San Francisco Giants,-151,127,https://fantasydata.com/mlb/philadelphia-phillies-odds
823634,2026-04-30,New York Mets,Washington Nationals,-192,159,https://fantasydata.com/mlb/new-york-mets-odds
823714,2026-04-30,Minnesota Twins,Toronto Blue Jays,113,-132,https://fantasydata.com/mlb/minnesota-twins-odds
823795,2026-04-30,Milwaukee Brewers,Arizona Diamondbacks,-128,109,https://fantasydata.com/mlb/arizona-diamondbacks-odds
824524,2026-04-30,Cincinnati Reds,Colorado Rockies,-167,140,https://fantasydata.com/mlb/cincinnati-reds-odds
824848,2026-04-30,Baltimore Orioles,Houston Astros,-131,110,https://fantasydata.com/mlb/baltimore-orioles-odds
824850,2026-04-30,Baltimore Orioles,Houston Astros,-146,123,https://fantasydata.com/mlb/baltimore-orioles-odds
824929,2026-04-30,Atlanta Braves,Detroit Tigers,-127,107,https://fantasydata.com/mlb/atlanta-braves-odds
825016,2026-04-30,Athletics,Kansas City Royals,-124,105,https://fantasydata.com/mlb/athletics-odds
822744,2026-05-01,Washington Nationals,Milwaukee Brewers,133,-158,https://fantasydata.com/mlb/milwaukee-brewers-odds
822990,2026-05-01,Tampa Bay Rays,San Francisco Giants,-136,115,https://fantasydata.com/mlb/san-francisco-giants-odds
823066,2026-05-01,St. Louis Cardinals,Los Angeles Dodgers,151,-180,https://fantasydata.com/mlb/los-angeles-dodgers-odds
823146,2026-05-01,Seattle Mariners,Kansas City Royals,-139,117,https://fantasydata.com/mlb/kansas-city-royals-odds
823309,2026-05-01,San Diego Padres,Chicago White Sox,-146,123,https://fantasydata.com/mlb/chicago-white-sox-odds
823389,2026-05-01,Pittsburgh Pirates,Cincinnati Reds,-137,115,https://fantasydata.com/mlb/cincinnati-reds-odds
823557,2026-05-01,New York Yankees,Baltimore Orioles,-186,155,https://fantasydata.com/mlb/baltimore-orioles-odds
823713,2026-05-01,Minnesota Twins,Toronto Blue Jays,-111,-108,https://fantasydata.com/mlb/minnesota-twins-odds
823877,2026-05-01,Miami Marlins,Philadelphia Phillies,-104,-114,https://fantasydata.com/mlb/miami-marlins-odds
824041,2026-05-01,Los Angeles Angels,New York Mets,-106,-112,https://fantasydata.com/mlb/los-angeles-angels-odds
824287,2026-05-01,Detroit Tigers,Texas Rangers,-114,-104,https://fantasydata.com/mlb/detroit-tigers-odds
824366,2026-05-01,Colorado Rockies,Atlanta Braves,148,-177,https://fantasydata.com/mlb/atlanta-braves-odds
824686,2026-05-01,Chicago Cubs,Arizona Diamondbacks,-151,127,https://fantasydata.com/mlb/arizona-diamondbacks-odds
824772,2026-05-01,Boston Red Sox,Houston Astros,-123,103,https://fantasydata.com/mlb/boston-red-sox-odds
825012,2026-05-01,Athletics,Cleveland Guardians,-102,-117,https://fantasydata.com/mlb/athletics-odds
822746,2026-05-02,Washington Nationals,Milwaukee Brewers,110,-130,https://fantasydata.com/mlb/milwaukee-brewers-odds
822988,2026-05-02,Tampa Bay Rays,San Francisco Giants,-102,-116,https://fantasydata.com/mlb/san-francisco-giants-odds
823067,2026-05-02,St. Louis Cardinals,Los Angeles Dodgers,115,-136,https://fantasydata.com/mlb/los-angeles-dodgers-odds
823144,2026-05-02,Seattle Mariners,Kansas City Royals,-143,120,https://fantasydata.com/mlb/kansas-city-royals-odds
823308,2026-05-02,San Diego Padres,Chicago White Sox,-187,155,https://fantasydata.com/mlb/chicago-white-sox-odds
823388,2026-05-02,Pittsburgh Pirates,Cincinnati Reds,-137,116,https://fantasydata.com/mlb/cincinnati-reds-odds
823554,2026-05-02,New York Yankees,Baltimore Orioles,-169,142,https://fantasydata.com/mlb/baltimore-orioles-odds
823715,2026-05-02,Minnesota Twins,Toronto Blue Jays,117,-138,https://fantasydata.com/mlb/minnesota-twins-odds
823876,2026-05-02,Miami Marlins,Philadelphia Phillies,-132,111,https://fantasydata.com/mlb/miami-marlins-odds
824042,2026-05-02,Los Angeles Angels,New York Mets,102,-121,https://fantasydata.com/mlb/los-angeles-angels-odds
824284,2026-05-02,Detroit Tigers,Texas Rangers,-131,110,https://fantasydata.com/mlb/detroit-tigers-odds
824365,2026-05-02,Colorado Rockies,Atlanta Braves,183,-220,https://fantasydata.com/mlb/atlanta-braves-odds
824685,2026-05-02,Chicago Cubs,Arizona Diamondbacks,-168,141,https://fantasydata.com/mlb/arizona-diamondbacks-odds
824771,2026-05-02,Boston Red Sox,Houston Astros,-139,117,https://fantasydata.com/mlb/boston-red-sox-odds
825014,2026-05-02,Athletics,Cleveland Guardians,-136,116,https://fantasydata.com/mlb/athletics-odds
822742,2026-05-03,Washington Nationals,Milwaukee Brewers,121,-143,https://fantasydata.com/mlb/milwaukee-brewers-odds
822987,2026-05-03,Tampa Bay Rays,San Francisco Giants,-120,101,https://fantasydata.com/mlb/san-francisco-giants-odds
823065,2026-05-03,St. Louis Cardinals,Los Angeles Dodgers,119,-141,https://fantasydata.com/mlb/los-angeles-dodgers-odds
823145,2026-05-03,Seattle Mariners,Kansas City Royals,-112,-106,https://fantasydata.com/mlb/kansas-city-royals-odds
823307,2026-05-03,San Diego Padres,Chicago White Sox,-168,140,https://fantasydata.com/mlb/chicago-white-sox-odds
823387,2026-05-03,Pittsburgh Pirates,Cincinnati Reds,-119,100,https://fantasydata.com/mlb/cincinnati-reds-odds
823555,2026-05-03,New York Yankees,Baltimore Orioles,-297,238,https://fantasydata.com/mlb/baltimore-orioles-odds
823711,2026-05-03,Minnesota Twins,Toronto Blue Jays,-109,-109,https://fantasydata.com/mlb/minnesota-twins-odds
823875,2026-05-03,Miami Marlins,Philadelphia Phillies,121,-143,https://fantasydata.com/mlb/miami-marlins-odds
824043,2026-05-03,Los Angeles Angels,New York Mets,111,-132,https://fantasydata.com/mlb/los-angeles-angels-odds
824285,2026-05-03,Detroit Tigers,Texas Rangers,-126,107,https://fantasydata.com/mlb/detroit-tigers-odds
824364,2026-05-03,Colorado Rockies,Atlanta Braves,121,-144,https://fantasydata.com/mlb/atlanta-braves-odds
824687,2026-05-03,Chicago Cubs,Arizona Diamondbacks,-156,132,https://fantasydata.com/mlb/arizona-diamondbacks-odds
824769,2026-05-03,Boston Red Sox,Houston Astros,-172,145,https://fantasydata.com/mlb/boston-red-sox-odds
825013,2026-05-03,Athletics,Cleveland Guardians,110,-131,https://fantasydata.com/mlb/athletics-odds
822984,2026-05-04,Tampa Bay Rays,Toronto Blue Jays,-128,108,https://fantasydata.com/mlb/tampa-bay-rays-odds
823064,2026-05-04,St. Louis Cardinals,Milwaukee Brewers,107,-127,https://fantasydata.com/mlb/milwaukee-brewers-odds
823143,2026-05-04,Seattle Mariners,Atlanta Braves,-139,117,https://fantasydata.com/mlb/atlanta-braves-odds
823228,2026-05-04,San Francisco Giants,San Diego Padres,111,-132,https://fantasydata.com/mlb/san-diego-padres-odds
823552,2026-05-04,New York Yankees,Baltimore Orioles,-224,185,https://fantasydata.com/mlb/baltimore-orioles-odds
823874,2026-05-04,Miami Marlins,Philadelphia Phillies,-112,-106,https://fantasydata.com/mlb/miami-marlins-odds
824039,2026-05-04,Los Angeles Angels,Chicago White Sox,-155,132,https://fantasydata.com/mlb/chicago-white-sox-odds
824120,2026-05-04,Kansas City Royals,Cleveland Guardians,-118,-101,https://fantasydata.com/mlb/cleveland-guardians-odds
824201,2026-05-04,Houston Astros,Los Angeles Dodgers,168,-202,https://fantasydata.com/mlb/houston-astros-odds
824283,2026-05-04,Detroit Tigers,Boston Red Sox,102,-121,https://fantasydata.com/mlb/boston-red-sox-odds
824363,2026-05-04,Colorado Rockies,New York Mets,122,-144,https://fantasydata.com/mlb/colorado-rockies-odds
824684,2026-05-04,Chicago Cubs,Cincinnati Reds,-215,180,https://fantasydata.com/mlb/chicago-cubs-odds
822743,2026-05-05,Washington Nationals,Minnesota Twins,-101,-118,https://fantasydata.com/mlb/minnesota-twins-odds
822986,2026-05-05,Tampa Bay Rays,Toronto Blue Jays,-125,105,https://fantasydata.com/mlb/tampa-bay-rays-odds
823142,2026-05-05,Seattle Mariners,Atlanta Braves,-134,112,https://fantasydata.com/mlb/atlanta-braves-odds
823227,2026-05-05,San Francisco Giants,San Diego Padres,-147,122,https://fantasydata.com/mlb/san-diego-padres-odds
823469,2026-05-05,Philadelphia Phillies,Athletics,-205,172,https://fantasydata.com/mlb/athletics-odds
823553,2026-05-05,New York Yankees,Texas Rangers,-130,111,https://fantasydata.com/mlb/new-york-yankees-odds
823873,2026-05-05,Miami Marlins,Baltimore Orioles,-144,120,https://fantasydata.com/mlb/baltimore-orioles-odds
824040,2026-05-05,Los Angeles Angels,Chicago White Sox,-117,-104,https://fantasydata.com/mlb/chicago-white-sox-odds
824119,2026-05-05,Kansas City Royals,Cleveland Guardians,100,-119,https://fantasydata.com/mlb/cleveland-guardians-odds
824200,2026-05-05,Houston Astros,Los Angeles Dodgers,181,-217,https://fantasydata.com/mlb/houston-astros-odds
824281,2026-05-05,Detroit Tigers,Boston Red Sox,-153,129,https://fantasydata.com/mlb/boston-red-sox-odds
824682,2026-05-05,Chicago Cubs,Cincinnati Reds,-171,143,https://fantasydata.com/mlb/chicago-cubs-odds
825092,2026-05-05,Arizona Diamondbacks,Pittsburgh Pirates,-133,111,https://fantasydata.com/mlb/arizona-diamondbacks-odds
822740,2026-05-06,Washington Nationals,Minnesota Twins,105,-124,https://fantasydata.com/mlb/minnesota-twins-odds
822985,2026-05-06,Tampa Bay Rays,Toronto Blue Jays,-138,117,https://fantasydata.com/mlb/tampa-bay-rays-odds
823063,2026-05-06,St. Louis Cardinals,Milwaukee Brewers,-106,-112,https://fantasydata.com/mlb/milwaukee-brewers-odds
823141,2026-05-06,Seattle Mariners,Atlanta Braves,-133,113,https://fantasydata.com/mlb/atlanta-braves-odds
823226,2026-05-06,San Francisco Giants,San Diego Padres,-112,-107,https://fantasydata.com/mlb/san-diego-padres-odds
823470,2026-05-06,Philadelphia Phillies,Athletics,-170,142,https://fantasydata.com/mlb/athletics-odds
823550,2026-05-06,New York Yankees,Texas Rangers,-178,147,https://fantasydata.com/mlb/new-york-yankees-odds
823872,2026-05-06,Miami Marlins,Baltimore Orioles,-131,111,https://fantasydata.com/mlb/baltimore-orioles-odds
824036,2026-05-06,Los Angeles Angels,Chicago White Sox,-106,-113,https://fantasydata.com/mlb/chicago-white-sox-odds
824118,2026-05-06,Kansas City Royals,Cleveland Guardians,-140,117,https://fantasydata.com/mlb/cleveland-guardians-odds
824198,2026-05-06,Houston Astros,Los Angeles Dodgers,182,-218,https://fantasydata.com/mlb/houston-astros-odds
824282,2026-05-06,Detroit Tigers,Boston Red Sox,-109,-110,https://fantasydata.com/mlb/boston-red-sox-odds
824361,2026-05-06,Colorado Rockies,New York Mets,132,-158,https://fantasydata.com/mlb/colorado-rockies-odds
824683,2026-05-06,Chicago Cubs,Cincinnati Reds,-170,142,https://fantasydata.com/mlb/chicago-cubs-odds
825091,2026-05-06,Arizona Diamondbacks,Pittsburgh Pirates,110,-130,https://fantasydata.com/mlb/arizona-diamondbacks-odds
822741,2026-05-07,Washington Nationals,Minnesota Twins,-124,104,https://fantasydata.com/mlb/minnesota-twins-odds
823306,2026-05-07,San Diego Padres,St. Louis Cardinals,-170,142,https://fantasydata.com/mlb/san-diego-padres-odds
823467,2026-05-07,Philadelphia Phillies,Athletics,-131,110,https://fantasydata.com/mlb/athletics-odds
823551,2026-05-07,New York Yankees,Texas Rangers,-155,130,https://fantasydata.com/mlb/new-york-yankees-odds
823870,2026-05-07,Miami Marlins,Baltimore Orioles,-130,109,https://fantasydata.com/mlb/baltimore-orioles-odds
824117,2026-05-07,Kansas City Royals,Cleveland Guardians,-133,113,https://fantasydata.com/mlb/cleveland-guardians-odds
824362,2026-05-07,Colorado Rockies,New York Mets,122,-145,https://fantasydata.com/mlb/colorado-rockies-odds
824681,2026-05-07,Chicago Cubs,Cincinnati Reds,-200,166,https://fantasydata.com/mlb/chicago-cubs-odds
824767,2026-05-07,Boston Red Sox,Tampa Bay Rays,100,-119,https://fantasydata.com/mlb/boston-red-sox-odds
825090,2026-05-07,Arizona Diamondbacks,Pittsburgh Pirates,-113,-106,https://fantasydata.com/mlb/arizona-diamondbacks-odds
822822,2026-05-08,Toronto Blue Jays,Los Angeles Angels,-161,136,https://fantasydata.com/mlb/los-angeles-angels-odds
822904,2026-05-08,Texas Rangers,Chicago Cubs,111,-132,https://fantasydata.com/mlb/chicago-cubs-odds
823225,2026-05-08,San Francisco Giants,Pittsburgh Pirates,-112,-106,https://fantasydata.com/mlb/pittsburgh-pirates-odds
823303,2026-05-08,San Diego Padres,St. Louis Cardinals,-149,125,https://fantasydata.com/mlb/san-diego-padres-odds
823466,2026-05-08,Philadelphia Phillies,Colorado Rockies,-232,193,https://fantasydata.com/mlb/colorado-rockies-odds
823794,2026-05-08,Milwaukee Brewers,New York Yankees,103,-123,https://fantasydata.com/mlb/milwaukee-brewers-odds
823871,2026-05-08,Miami Marlins,Washington Nationals,-138,117,https://fantasydata.com/mlb/miami-marlins-odds
823957,2026-05-08,Los Angeles Dodgers,Atlanta Braves,-114,-104,https://fantasydata.com/mlb/atlanta-braves-odds
824116,2026-05-08,Kansas City Royals,Detroit Tigers,-150,126,https://fantasydata.com/mlb/detroit-tigers-odds
824443,2026-05-08,Cleveland Guardians,Minnesota Twins,-147,124,https://fantasydata.com/mlb/cleveland-guardians-odds
824522,2026-05-08,Cincinnati Reds,Houston Astros,-128,107,https://fantasydata.com/mlb/cincinnati-reds-odds
824607,2026-05-08,Chicago White Sox,Seattle Mariners,115,-137,https://fantasydata.com/mlb/chicago-white-sox-odds
824768,2026-05-08,Boston Red Sox,Tampa Bay Rays,-135,114,https://fantasydata.com/mlb/boston-red-sox-odds
824846,2026-05-08,Baltimore Orioles,Athletics,-133,113,https://fantasydata.com/mlb/athletics-odds
825088,2026-05-08,Arizona Diamondbacks,New York Mets,104,-124,https://fantasydata.com/mlb/arizona-diamondbacks-odds
822820,2026-05-09,Toronto Blue Jays,Los Angeles Angels,-181,151,https://fantasydata.com/mlb/los-angeles-angels-odds
822905,2026-05-09,Texas Rangers,Chicago Cubs,113,-133,https://fantasydata.com/mlb/chicago-cubs-odds
823224,2026-05-09,San Francisco Giants,Pittsburgh Pirates,-110,-109,https://fantasydata.com/mlb/pittsburgh-pirates-odds
823304,2026-05-09,San Diego Padres,St. Louis Cardinals,-144,120,https://fantasydata.com/mlb/san-diego-padres-odds
823468,2026-05-09,Philadelphia Phillies,Colorado Rockies,-191,160,https://fantasydata.com/mlb/colorado-rockies-odds
823792,2026-05-09,Milwaukee Brewers,New York Yankees,112,-133,https://fantasydata.com/mlb/milwaukee-brewers-odds
823869,2026-05-09,Miami Marlins,Washington Nationals,-159,135,https://fantasydata.com/mlb/miami-marlins-odds
823955,2026-05-09,Los Angeles Dodgers,Atlanta Braves,-185,154,https://fantasydata.com/mlb/atlanta-braves-odds
824115,2026-05-09,Kansas City Royals,Detroit Tigers,-135,113,https://fantasydata.com/mlb/detroit-tigers-odds
824444,2026-05-09,Cleveland Guardians,Minnesota Twins,-121,101,https://fantasydata.com/mlb/cleveland-guardians-odds
824523,2026-05-09,Cincinnati Reds,Houston Astros,-156,131,https://fantasydata.com/mlb/cincinnati-reds-odds
824606,2026-05-09,Chicago White Sox,Seattle Mariners,106,-125,https://fantasydata.com/mlb/chicago-white-sox-odds
824847,2026-05-09,Baltimore Orioles,Athletics,-122,103,https://fantasydata.com/mlb/athletics-odds
825089,2026-05-09,Arizona Diamondbacks,New York Mets,-111,-107,https://fantasydata.com/mlb/arizona-diamondbacks-odds
822819,2026-05-10,Toronto Blue Jays,Los Angeles Angels,-111,-107,https://fantasydata.com/mlb/los-angeles-angels-odds
822902,2026-05-10,Texas Rangers,Chicago Cubs,-123,104,https://fantasydata.com/mlb/chicago-cubs-odds
823221,2026-05-10,San Francisco Giants,Pittsburgh Pirates,-126,107,https://fantasydata.com/mlb/pittsburgh-pirates-odds
823305,2026-05-10,San Diego Padres,St. Louis Cardinals,-127,108,https://fantasydata.com/mlb/san-diego-padres-odds
823463,2026-05-10,Philadelphia Phillies,Colorado Rockies,-314,252,https://fantasydata.com/mlb/colorado-rockies-odds
823793,2026-05-10,Milwaukee Brewers,New York Yankees,-118,-102,https://fantasydata.com/mlb/milwaukee-brewers-odds
823868,2026-05-10,Miami Marlins,Washington Nationals,-132,112,https://fantasydata.com/mlb/miami-marlins-odds
823954,2026-05-10,Los Angeles Dodgers,Atlanta Braves,-144,121,https://fantasydata.com/mlb/atlanta-braves-odds
824113,2026-05-10,Kansas City Royals,Detroit Tigers,-131,110,https://fantasydata.com/mlb/detroit-tigers-odds
824440,2026-05-10,Cleveland Guardians,Minnesota Twins,-162,136,https://fantasydata.com/mlb/cleveland-guardians-odds
824520,2026-05-10,Cincinnati Reds,Houston Astros,-113,-105,https://fantasydata.com/mlb/cincinnati-reds-odds
824605,2026-05-10,Chicago White Sox,Seattle Mariners,115,-138,https://fantasydata.com/mlb/chicago-white-sox-odds
824765,2026-05-10,Boston Red Sox,Tampa Bay Rays,-152,129,https://fantasydata.com/mlb/boston-red-sox-odds
824845,2026-05-10,Baltimore Orioles,Athletics,-109,-108,https://fantasydata.com/mlb/athletics-odds
825085,2026-05-10,Arizona Diamondbacks,New York Mets,-115,-105,https://fantasydata.com/mlb/arizona-diamondbacks-odds
822818,2026-05-11,Toronto Blue Jays,Tampa Bay Rays,-125,105,https://fantasydata.com/mlb/tampa-bay-rays-odds
822901,2026-05-11,Texas Rangers,Arizona Diamondbacks,-110,-108,https://fantasydata.com/mlb/arizona-diamondbacks-odds
823953,2026-05-11,Los Angeles Dodgers,San Francisco Giants,-198,164,https://fantasydata.com/mlb/los-angeles-dodgers-odds
824199,2026-05-11,Houston Astros,Seattle Mariners,127,-150,https://fantasydata.com/mlb/houston-astros-odds
824441,2026-05-11,Cleveland Guardians,Los Angeles Angels,-171,143,https://fantasydata.com/mlb/cleveland-guardians-odds
824844,2026-05-11,Baltimore Orioles,New York Yankees,131,-155,https://fantasydata.com/mlb/baltimore-orioles-odds
822817,2026-05-12,Toronto Blue Jays,Tampa Bay Rays,-101,-117,https://fantasydata.com/mlb/tampa-bay-rays-odds
822903,2026-05-12,Texas Rangers,Arizona Diamondbacks,-123,104,https://fantasydata.com/mlb/arizona-diamondbacks-odds
823385,2026-05-12,Pittsburgh Pirates,Colorado Rockies,-300,244,https://fantasydata.com/mlb/colorado-rockies-odds
823632,2026-05-12,New York Mets,Detroit Tigers,-149,125,https://fantasydata.com/mlb/detroit-tigers-odds
823712,2026-05-12,Minnesota Twins,Miami Marlins,-112,-107,https://fantasydata.com/mlb/miami-marlins-odds
823790,2026-05-12,Milwaukee Brewers,San Diego Padres,-145,123,https://fantasydata.com/mlb/milwaukee-brewers-odds
823951,2026-05-12,Los Angeles Dodgers,San Francisco Giants,-334,265,https://fantasydata.com/mlb/los-angeles-dodgers-odds
824197,2026-05-12,Houston Astros,Seattle Mariners,163,-195,https://fantasydata.com/mlb/houston-astros-odds
824442,2026-05-12,Cleveland Guardians,Los Angeles Angels,-134,113,https://fantasydata.com/mlb/cleveland-guardians-odds
824521,2026-05-12,Cincinnati Reds,Washington Nationals,-139,117,https://fantasydata.com/mlb/cincinnati-reds-odds
824604,2026-05-12,Chicago White Sox,Kansas City Royals,-103,-116,https://fantasydata.com/mlb/chicago-white-sox-odds
824764,2026-05-12,Boston Red Sox,Philadelphia Phillies,120,-142,https://fantasydata.com/mlb/boston-red-sox-odds
824843,2026-05-12,Baltimore Orioles,New York Yankees,114,-135,https://fantasydata.com/mlb/baltimore-orioles-odds
824927,2026-05-12,Atlanta Braves,Chicago Cubs,-122,103,https://fantasydata.com/mlb/atlanta-braves-odds
825011,2026-05-12,Athletics,St. Louis Cardinals,-160,132,https://fantasydata.com/mlb/athletics-odds
822815,2026-05-13,Toronto Blue Jays,Tampa Bay Rays,-146,123,https://fantasydata.com/mlb/tampa-bay-rays-odds
822900,2026-05-13,Texas Rangers,Arizona Diamondbacks,-105,-113,https://fantasydata.com/mlb/arizona-diamondbacks-odds
823386,2026-05-13,Pittsburgh Pirates,Colorado Rockies,-189,158,https://fantasydata.com/mlb/colorado-rockies-odds
823631,2026-05-13,New York Mets,Detroit Tigers,-118,100,https://fantasydata.com/mlb/detroit-tigers-odds
823710,2026-05-13,Minnesota Twins,Miami Marlins,110,-130,https://fantasydata.com/mlb/miami-marlins-odds
823791,2026-05-13,Milwaukee Brewers,San Diego Padres,-160,135,https://fantasydata.com/mlb/milwaukee-brewers-odds
823952,2026-05-13,Los Angeles Dodgers,San Francisco Giants,-252,208,https://fantasydata.com/mlb/los-angeles-dodgers-odds
824195,2026-05-13,Houston Astros,Seattle Mariners,115,-135,https://fantasydata.com/mlb/houston-astros-odds
824438,2026-05-13,Cleveland Guardians,Los Angeles Angels,-157,132,https://fantasydata.com/mlb/cleveland-guardians-odds
824519,2026-05-13,Cincinnati Reds,Washington Nationals,-180,151,https://fantasydata.com/mlb/cincinnati-reds-odds
824603,2026-05-13,Chicago White Sox,Kansas City Royals,-104,-115,https://fantasydata.com/mlb/chicago-white-sox-odds
824763,2026-05-13,Boston Red Sox,Philadelphia Phillies,-131,110,https://fantasydata.com/mlb/boston-red-sox-odds
824841,2026-05-13,Baltimore Orioles,New York Yankees,139,-165,https://fantasydata.com/mlb/baltimore-orioles-odds
824928,2026-05-13,Atlanta Braves,Chicago Cubs,115,-136,https://fantasydata.com/mlb/atlanta-braves-odds
825010,2026-05-13,Athletics,St. Louis Cardinals,-144,121,https://fantasydata.com/mlb/athletics-odds
823383,2026-05-14,Pittsburgh Pirates,Colorado Rockies,-181,145,https://fantasydata.com/mlb/colorado-rockies-odds
823630,2026-05-14,New York Mets,Detroit Tigers,-159,134,https://fantasydata.com/mlb/detroit-tigers-odds
823709,2026-05-14,Minnesota Twins,Miami Marlins,-106,-112,https://fantasydata.com/mlb/miami-marlins-odds
823789,2026-05-14,Milwaukee Brewers,San Diego Padres,-144,120,https://fantasydata.com/mlb/milwaukee-brewers-odds
823950,2026-05-14,Los Angeles Dodgers,San Francisco Giants,-173,145,https://fantasydata.com/mlb/los-angeles-dodgers-odds
824196,2026-05-14,Houston Astros,Seattle Mariners,-105,-114,https://fantasydata.com/mlb/houston-astros-odds
824517,2026-05-14,Cincinnati Reds,Washington Nationals,-152,129,https://fantasydata.com/mlb/cincinnati-reds-odds
824602,2026-05-14,Chicago White Sox,Kansas City Royals,115,-136,https://fantasydata.com/mlb/chicago-white-sox-odds
824762,2026-05-14,Boston Red Sox,Philadelphia Phillies,-117,-102,https://fantasydata.com/mlb/boston-red-sox-odds
824926,2026-05-14,Atlanta Braves,Chicago Cubs,-202,169,https://fantasydata.com/mlb/atlanta-braves-odds
825008,2026-05-14,Athletics,St. Louis Cardinals,-123,105,https://fantasydata.com/mlb/athletics-odds
822739,2026-05-15,Washington Nationals,Baltimore Orioles,116,-138,https://fantasydata.com/mlb/baltimore-orioles-odds
822983,2026-05-15,Tampa Bay Rays,Miami Marlins,-122,103,https://fantasydata.com/mlb/miami-marlins-odds
823061,2026-05-15,St. Louis Cardinals,Kansas City Royals,-107,-112,https://fantasydata.com/mlb/kansas-city-royals-odds
823140,2026-05-15,Seattle Mariners,San Diego Padres,-134,113,https://fantasydata.com/mlb/san-diego-padres-odds
823384,2026-05-15,Pittsburgh Pirates,Philadelphia Phillies,-133,113,https://fantasydata.com/mlb/philadelphia-phillies-odds
823629,2026-05-15,New York Mets,New York Yankees,129,-152,https://fantasydata.com/mlb/new-york-mets-odds
823707,2026-05-15,Minnesota Twins,Milwaukee Brewers,-106,-113,https://fantasydata.com/mlb/milwaukee-brewers-odds
824037,2026-05-15,Los Angeles Angels,Los Angeles Dodgers,159,-191,https://fantasydata.com/mlb/los-angeles-angels-odds
824194,2026-05-15,Houston Astros,Texas Rangers,-106,-112,https://fantasydata.com/mlb/houston-astros-odds
824280,2026-05-15,Detroit Tigers,Toronto Blue Jays,108,-127,https://fantasydata.com/mlb/detroit-tigers-odds
824360,2026-05-15,Colorado Rockies,Arizona Diamondbacks,101,-120,https://fantasydata.com/mlb/arizona-diamondbacks-odds
824439,2026-05-15,Cleveland Guardians,Cincinnati Reds,-137,115,https://fantasydata.com/mlb/cincinnati-reds-odds
824601,2026-05-15,Chicago White Sox,Chicago Cubs,108,-128,https://fantasydata.com/mlb/chicago-cubs-odds
824925,2026-05-15,Atlanta Braves,Boston Red Sox,-153,128,https://fantasydata.com/mlb/atlanta-braves-odds
825009,2026-05-15,Athletics,San Francisco Giants,-130,110,https://fantasydata.com/mlb/athletics-odds
822737,2026-05-16,Washington Nationals,Baltimore Orioles,-107,-110,https://fantasydata.com/mlb/baltimore-orioles-odds
822981,2026-05-16,Tampa Bay Rays,Miami Marlins,-138,117,https://fantasydata.com/mlb/miami-marlins-odds
823060,2026-05-16,St. Louis Cardinals,Kansas City Royals,-111,-108,https://fantasydata.com/mlb/kansas-city-royals-odds
823139,2026-05-16,Seattle Mariners,San Diego Padres,-167,140,https://fantasydata.com/mlb/san-diego-padres-odds
823382,2026-05-16,Pittsburgh Pirates,Philadelphia Phillies,147,-176,https://fantasydata.com/mlb/philadelphia-phillies-odds
823627,2026-05-16,New York Mets,New York Yankees,106,-125,https://fantasydata.com/mlb/new-york-mets-odds
823706,2026-05-16,Minnesota Twins,Milwaukee Brewers,111,-132,https://fantasydata.com/mlb/milwaukee-brewers-odds
824038,2026-05-16,Los Angeles Angels,Los Angeles Dodgers,114,-135,https://fantasydata.com/mlb/los-angeles-angels-odds
824193,2026-05-16,Houston Astros,Texas Rangers,124,-148,https://fantasydata.com/mlb/houston-astros-odds
824278,2026-05-16,Detroit Tigers,Toronto Blue Jays,-116,-104,https://fantasydata.com/mlb/detroit-tigers-odds
824359,2026-05-16,Colorado Rockies,Arizona Diamondbacks,121,-143,https://fantasydata.com/mlb/arizona-diamondbacks-odds
824435,2026-05-16,Cleveland Guardians,Cincinnati Reds,-152,127,https://fantasydata.com/mlb/cincinnati-reds-odds
824600,2026-05-16,Chicago White Sox,Chicago Cubs,-107,-112,https://fantasydata.com/mlb/chicago-cubs-odds
824924,2026-05-16,Atlanta Braves,Boston Red Sox,-121,102,https://fantasydata.com/mlb/atlanta-braves-odds
825007,2026-05-16,Athletics,San Francisco Giants,-138,116,https://fantasydata.com/mlb/athletics-odds
822738,2026-05-17,Washington Nationals,Baltimore Orioles,101,-120,https://fantasydata.com/mlb/baltimore-orioles-odds
822982,2026-05-17,Tampa Bay Rays,Miami Marlins,-148,124,https://fantasydata.com/mlb/miami-marlins-odds
823058,2026-05-17,St. Louis Cardinals,Kansas City Royals,-121,101,https://fantasydata.com/mlb/kansas-city-royals-odds
823138,2026-05-17,Seattle Mariners,San Diego Padres,-154,130,https://fantasydata.com/mlb/san-diego-padres-odds
823381,2026-05-17,Pittsburgh Pirates,Philadelphia Phillies,-128,108,https://fantasydata.com/mlb/philadelphia-phillies-odds
823628,2026-05-17,New York Mets,New York Yankees,-119,101,https://fantasydata.com/mlb/new-york-mets-odds
823708,2026-05-17,Minnesota Twins,Milwaukee Brewers,116,-137,https://fantasydata.com/mlb/milwaukee-brewers-odds
824034,2026-05-17,Los Angeles Angels,Los Angeles Dodgers,122,-146,https://fantasydata.com/mlb/los-angeles-angels-odds
824192,2026-05-17,Houston Astros,Texas Rangers,105,-125,https://fantasydata.com/mlb/houston-astros-odds
824279,2026-05-17,Detroit Tigers,Toronto Blue Jays,100,-119,https://fantasydata.com/mlb/detroit-tigers-odds
824358,2026-05-17,Colorado Rockies,Arizona Diamondbacks,121,-147,https://fantasydata.com/mlb/arizona-diamondbacks-odds
824436,2026-05-17,Cleveland Guardians,Cincinnati Reds,-162,135,https://fantasydata.com/mlb/cincinnati-reds-odds
824599,2026-05-17,Chicago White Sox,Chicago Cubs,114,-134,https://fantasydata.com/mlb/chicago-cubs-odds
824923,2026-05-17,Atlanta Braves,Boston Red Sox,-151,126,https://fantasydata.com/mlb/atlanta-braves-odds
825006,2026-05-17,Athletics,San Francisco Giants,-149,126,https://fantasydata.com/mlb/athletics-odds
822734,2026-05-18,Washington Nationals,New York Mets,106,-125,https://fantasydata.com/mlb/new-york-mets-odds
822980,2026-05-18,Tampa Bay Rays,Baltimore Orioles,-144,120,https://fantasydata.com/mlb/baltimore-orioles-odds
823137,2026-05-18,Seattle Mariners,Chicago White Sox,-160,134,https://fantasydata.com/mlb/chicago-white-sox-odds
823301,2026-05-18,San Diego Padres,Los Angeles Dodgers,122,-146,https://fantasydata.com/mlb/los-angeles-dodgers-odds
823465,2026-05-18,Philadelphia Phillies,Cincinnati Reds,-120,101,https://fantasydata.com/mlb/cincinnati-reds-odds
823549,2026-05-18,New York Yankees,Toronto Blue Jays,-173,144,https://fantasydata.com/mlb/new-york-yankees-odds
823705,2026-05-18,Minnesota Twins,Houston Astros,-113,-105,https://fantasydata.com/mlb/houston-astros-odds
823867,2026-05-18,Miami Marlins,Atlanta Braves,-112,-107,https://fantasydata.com/mlb/atlanta-braves-odds
824035,2026-05-18,Los Angeles Angels,Athletics,111,-132,https://fantasydata.com/mlb/athletics-odds
824114,2026-05-18,Kansas City Royals,Boston Red Sox,-105,-114,https://fantasydata.com/mlb/boston-red-sox-odds
824277,2026-05-18,Detroit Tigers,Cleveland Guardians,-149,124,https://fantasydata.com/mlb/cleveland-guardians-odds
824357,2026-05-18,Colorado Rockies,Texas Rangers,122,-144,https://fantasydata.com/mlb/colorado-rockies-odds
824680,2026-05-18,Chicago Cubs,Milwaukee Brewers,-164,138,https://fantasydata.com/mlb/chicago-cubs-odds
825087,2026-05-18,Arizona Diamondbacks,San Francisco Giants,-135,114,https://fantasydata.com/mlb/arizona-diamondbacks-odds
822736,2026-05-19,Washington Nationals,New York Mets,117,-140,https://fantasydata.com/mlb/new-york-mets-odds
822979,2026-05-19,Tampa Bay Rays,Baltimore Orioles,-112,-106,https://fantasydata.com/mlb/baltimore-orioles-odds
823059,2026-05-19,St. Louis Cardinals,Pittsburgh Pirates,-113,-106,https://fantasydata.com/mlb/pittsburgh-pirates-odds
823136,2026-05-19,Seattle Mariners,Chicago White Sox,-140,118,https://fantasydata.com/mlb/chicago-white-sox-odds
823302,2026-05-19,San Diego Padres,Los Angeles Dodgers,142,-170,https://fantasydata.com/mlb/los-angeles-dodgers-odds
823464,2026-05-19,Philadelphia Phillies,Cincinnati Reds,-140,118,https://fantasydata.com/mlb/cincinnati-reds-odds
823548,2026-05-19,New York Yankees,Toronto Blue Jays,-133,112,https://fantasydata.com/mlb/new-york-yankees-odds
823704,2026-05-19,Minnesota Twins,Houston Astros,-140,118,https://fantasydata.com/mlb/houston-astros-odds
823865,2026-05-19,Miami Marlins,Atlanta Braves,121,-143,https://fantasydata.com/mlb/atlanta-braves-odds
824033,2026-05-19,Los Angeles Angels,Athletics,-138,116,https://fantasydata.com/mlb/athletics-odds
824112,2026-05-19,Kansas City Royals,Boston Red Sox,111,-130,https://fantasydata.com/mlb/boston-red-sox-odds
824276,2026-05-19,Detroit Tigers,Cleveland Guardians,134,-161,https://fantasydata.com/mlb/cleveland-guardians-odds
824356,2026-05-19,Colorado Rockies,Texas Rangers,-111,-107,https://fantasydata.com/mlb/colorado-rockies-odds
824677,2026-05-19,Chicago Cubs,Milwaukee Brewers,104,-124,https://fantasydata.com/mlb/chicago-cubs-odds
825086,2026-05-19,Arizona Diamondbacks,San Francisco Giants,-124,105,https://fantasydata.com/mlb/arizona-diamondbacks-odds
822735,2026-05-20,Washington Nationals,New York Mets,105,-124,https://fantasydata.com/mlb/new-york-mets-odds
822977,2026-05-20,Tampa Bay Rays,Baltimore Orioles,-121,102,https://fantasydata.com/mlb/baltimore-orioles-odds
823057,2026-05-20,St. Louis Cardinals,Pittsburgh Pirates,-116,-103,https://fantasydata.com/mlb/pittsburgh-pirates-odds
823134,2026-05-20,Seattle Mariners,Chicago White Sox,-146,122,https://fantasydata.com/mlb/chicago-white-sox-odds
823299,2026-05-20,San Diego Padres,Los Angeles Dodgers,164,-197,https://fantasydata.com/mlb/los-angeles-dodgers-odds
823462,2026-05-20,Philadelphia Phillies,Cincinnati Reds,-156,131,https://fantasydata.com/mlb/cincinnati-reds-odds
823547,2026-05-20,New York Yankees,Toronto Blue Jays,-172,143,https://fantasydata.com/mlb/new-york-yankees-odds
823703,2026-05-20,Minnesota Twins,Houston Astros,-144,122,https://fantasydata.com/mlb/houston-astros-odds
823866,2026-05-20,Miami Marlins,Atlanta Braves,156,-187,https://fantasydata.com/mlb/atlanta-braves-odds
824032,2026-05-20,Los Angeles Angels,Athletics,107,-127,https://fantasydata.com/mlb/athletics-odds
824111,2026-05-20,Kansas City Royals,Boston Red Sox,-115,-104,https://fantasydata.com/mlb/boston-red-sox-odds
824273,2026-05-20,Detroit Tigers,Cleveland Guardians,-101,-118,https://fantasydata.com/mlb/cleveland-guardians-odds
824355,2026-05-20,Colorado Rockies,Texas Rangers,101,-120,https://fantasydata.com/mlb/colorado-rockies-odds
824678,2026-05-20,Chicago Cubs,Milwaukee Brewers,-116,-102,https://fantasydata.com/mlb/chicago-cubs-odds
825084,2026-05-20,Arizona Diamondbacks,San Francisco Giants,-111,-107,https://fantasydata.com/mlb/arizona-diamondbacks-odds
822733,2026-05-21,Washington Nationals,New York Mets,-106,-112,https://fantasydata.com/mlb/new-york-mets-odds
823056,2026-05-21,St. Louis Cardinals,Pittsburgh Pirates,103,-122,https://fantasydata.com/mlb/pittsburgh-pirates-odds
823545,2026-05-21,New York Yankees,Toronto Blue Jays,-144,122,https://fantasydata.com/mlb/new-york-yankees-odds
823864,2026-05-21,Miami Marlins,Atlanta Braves,119,-141,https://fantasydata.com/mlb/atlanta-braves-odds
824031,2026-05-21,Los Angeles Angels,Athletics,-118,-101,https://fantasydata.com/mlb/athletics-odds
824274,2026-05-21,Detroit Tigers,Cleveland Guardians,-127,106,https://fantasydata.com/mlb/cleveland-guardians-odds
825083,2026-05-21,Arizona Diamondbacks,Colorado Rockies,-222,183,https://fantasydata.com/mlb/arizona-diamondbacks-odds
