game_id,game_date,week,home_team,away_team,book,market,line,price,away_spread_odds,home_moneyline,away_moneyline,total_line,source_spread_line
2025_01_DAL_PHI,2025-09-04,1,PHI,DAL,nflverse_pfr,spread,-8.5,-110,-110,-425,330,47.5,8.5
2025_01_KC_LAC,2025-09-05,1,LAC,KC,nflverse_pfr,spread,3.0,100,-120,145,-175,47.5,-3.0
2025_01_ARI_NO,2025-09-07,1,NO,ARI,nflverse_pfr,spread,6.0,-112,-108,220,-270,44.5,-6.0
2025_01_BAL_BUF,2025-09-07,1,BUF,BAL,nflverse_pfr,spread,1.5,-102,-118,110,-130,50.5,-1.5
2025_01_CAR_JAX,2025-09-07,1,JAX,CAR,nflverse_pfr,spread,-4.5,-110,-110,-205,170,45.5,4.5
2025_01_CIN_CLE,2025-09-07,1,CLE,CIN,nflverse_pfr,spread,5.5,-115,-105,195,-238,47.5,-5.5
2025_01_DET_GB,2025-09-07,1,GB,DET,nflverse_pfr,spread,-1.5,-105,-115,-120,100,48.5,1.5
2025_01_HOU_LA,2025-09-07,1,LA,HOU,nflverse_pfr,spread,-3.5,-102,-118,-166,140,43.5,3.5
2025_01_LV_NE,2025-09-07,1,NE,LV,nflverse_pfr,spread,-2.5,-120,100,-155,130,44.5,2.5
2025_01_MIA_IND,2025-09-07,1,IND,MIA,nflverse_pfr,spread,-1.5,-102,-118,-112,-108,47.5,1.5
2025_01_NYG_WAS,2025-09-07,1,WAS,NYG,nflverse_pfr,spread,-6.0,-112,-108,-298,240,45.5,6.0
2025_01_PIT_NYJ,2025-09-07,1,NYJ,PIT,nflverse_pfr,spread,3.0,-110,-110,130,-155,37.5,-3.0
2025_01_SF_SEA,2025-09-07,1,SEA,SF,nflverse_pfr,spread,2.5,-115,-105,114,-135,43.5,-2.5
2025_01_TB_ATL,2025-09-07,1,ATL,TB,nflverse_pfr,spread,1.5,-118,-102,-105,-115,47.5,-1.5
2025_01_TEN_DEN,2025-09-07,1,DEN,TEN,nflverse_pfr,spread,-8.5,-115,-105,-455,350,42.5,8.5
2025_01_MIN_CHI,2025-09-08,1,CHI,MIN,nflverse_pfr,spread,1.5,-120,100,-108,-112,43.5,-1.5
2025_02_WAS_GB,2025-09-11,2,GB,WAS,nflverse_pfr,spread,-3.5,-102,-118,-185,154,48.5,3.5
2025_02_ATL_MIN,2025-09-14,2,MIN,ATL,nflverse_pfr,spread,-3.5,-105,-115,-180,150,44.5,3.5
2025_02_BUF_NYJ,2025-09-14,2,NYJ,BUF,nflverse_pfr,spread,6.0,-108,-112,235,-290,47.5,-6.0
2025_02_CAR_ARI,2025-09-14,2,ARI,CAR,nflverse_pfr,spread,-7.0,-110,-110,-310,250,45.5,7.0
2025_02_CHI_DET,2025-09-14,2,DET,CHI,nflverse_pfr,spread,-6.0,-110,-110,-270,220,46.5,6.0
2025_02_CLE_BAL,2025-09-14,2,BAL,CLE,nflverse_pfr,spread,-12.5,-115,-105,-900,600,46.5,12.5
2025_02_DEN_IND,2025-09-14,2,IND,DEN,nflverse_pfr,spread,2.5,-115,-105,110,-130,43.5,-2.5
2025_02_JAX_CIN,2025-09-14,2,CIN,JAX,nflverse_pfr,spread,-3.5,-105,-115,-192,160,49.5,3.5
2025_02_LA_TEN,2025-09-14,2,TEN,LA,nflverse_pfr,spread,5.5,-112,-108,205,-250,41.5,-5.5
2025_02_NE_MIA,2025-09-14,2,MIA,NE,nflverse_pfr,spread,-1.5,-110,-110,-125,105,43.5,1.5
2025_02_NYG_DAL,2025-09-14,2,DAL,NYG,nflverse_pfr,spread,-4.5,-120,100,-238,195,44.5,4.5
2025_02_PHI_KC,2025-09-14,2,KC,PHI,nflverse_pfr,spread,1.5,-110,-110,102,-122,46.5,-1.5
2025_02_SEA_PIT,2025-09-14,2,PIT,SEA,nflverse_pfr,spread,-3.5,-110,-110,-192,160,40.5,3.5
2025_02_SF_NO,2025-09-14,2,NO,SF,nflverse_pfr,spread,3.0,-110,-110,140,-166,40.5,-3.0
2025_02_LAC_LV,2025-09-15,2,LV,LAC,nflverse_pfr,spread,3.5,-115,-105,164,-198,46.5,-3.5
2025_02_TB_HOU,2025-09-15,2,HOU,TB,nflverse_pfr,spread,-2.5,-110,-110,-135,114,42.5,2.5
2025_03_MIA_BUF,2025-09-18,3,BUF,MIA,nflverse_pfr,spread,-12.5,-110,-110,-800,550,50.5,12.5
2025_03_ARI_SF,2025-09-21,3,SF,ARI,nflverse_pfr,spread,-1.5,-108,-112,-125,105,44.5,1.5
2025_03_ATL_CAR,2025-09-21,3,CAR,ATL,nflverse_pfr,spread,5.5,-115,-105,185,-225,44.5,-5.5
2025_03_CIN_MIN,2025-09-21,3,MIN,CIN,nflverse_pfr,spread,-3.0,-110,-110,-162,136,41.5,3.0
2025_03_DAL_CHI,2025-09-21,3,CHI,DAL,nflverse_pfr,spread,1.5,-105,-115,105,-125,49.5,-1.5
2025_03_DEN_LAC,2025-09-21,3,LAC,DEN,nflverse_pfr,spread,-2.5,-120,100,-155,130,45.5,2.5
2025_03_GB_CLE,2025-09-21,3,CLE,GB,nflverse_pfr,spread,8.5,-118,-102,360,-470,41.5,-8.5
2025_03_HOU_JAX,2025-09-21,3,JAX,HOU,nflverse_pfr,spread,-1.5,-112,-108,-125,105,43.5,1.5
2025_03_IND_TEN,2025-09-21,3,TEN,IND,nflverse_pfr,spread,6.0,-112,-108,200,-245,43.5,-6.0
2025_03_KC_NYG,2025-09-21,3,NYG,KC,nflverse_pfr,spread,6.0,-105,-115,260,-325,44.5,-6.0
2025_03_LA_PHI,2025-09-21,3,PHI,LA,nflverse_pfr,spread,-3.5,-112,-108,-198,164,45.5,3.5
2025_03_LV_WAS,2025-09-21,3,WAS,LV,nflverse_pfr,spread,-2.5,-120,100,-155,130,43.5,2.5
2025_03_NO_SEA,2025-09-21,3,SEA,NO,nflverse_pfr,spread,-7.5,-105,-115,-375,295,41.5,7.5
2025_03_NYJ_TB,2025-09-21,3,TB,NYJ,nflverse_pfr,spread,-6.5,-115,-105,-345,275,43.5,6.5
2025_03_PIT_NE,2025-09-21,3,NE,PIT,nflverse_pfr,spread,1.5,-115,-105,100,-120,44.5,-1.5
2025_03_DET_BAL,2025-09-22,3,BAL,DET,nflverse_pfr,spread,-4.5,-115,-105,-245,200,53.5,4.5
2025_04_SEA_ARI,2025-09-25,4,ARI,SEA,nflverse_pfr,spread,1.5,-110,-110,105,-125,43.5,-1.5
2025_04_BAL_KC,2025-09-28,4,KC,BAL,nflverse_pfr,spread,2.5,100,-120,124,-148,48.5,-2.5
2025_04_CAR_NE,2025-09-28,4,NE,CAR,nflverse_pfr,spread,-5.5,-112,-108,-265,215,42.5,5.5
2025_04_CHI_LV,2025-09-28,4,LV,CHI,nflverse_pfr,spread,-1.5,-110,-110,-125,105,47.5,1.5
2025_04_CLE_DET,2025-09-28,4,DET,CLE,nflverse_pfr,spread,-10.0,-112,-108,-550,410,44.5,10.0
2025_04_GB_DAL,2025-09-28,4,DAL,GB,nflverse_pfr,spread,7.0,-115,-105,275,-345,47.5,-7.0
2025_04_IND_LA,2025-09-28,4,LA,IND,nflverse_pfr,spread,-3.5,-115,-105,-185,154,49.5,3.5
2025_04_JAX_SF,2025-09-28,4,SF,JAX,nflverse_pfr,spread,-3.5,100,-120,-180,150,45.5,3.5
2025_04_LAC_NYG,2025-09-28,4,NYG,LAC,nflverse_pfr,spread,6.0,-108,-112,230,-285,43.5,-6.0
2025_04_MIN_PIT,2025-09-28,4,PIT,MIN,nflverse_pfr,spread,2.5,105,-125,124,-148,41.5,-2.5
2025_04_NO_BUF,2025-09-28,4,BUF,NO,nflverse_pfr,spread,-15.5,-105,-115,-1350,800,48.5,15.5
2025_04_PHI_TB,2025-09-28,4,TB,PHI,nflverse_pfr,spread,3.5,-118,-102,154,-185,44.5,-3.5
2025_04_TEN_HOU,2025-09-28,4,HOU,TEN,nflverse_pfr,spread,-7.5,-105,-115,-440,340,39.5,7.5
2025_04_WAS_ATL,2025-09-28,4,ATL,WAS,nflverse_pfr,spread,-2.5,-110,-110,-142,120,43.5,2.5
2025_04_CIN_DEN,2025-09-29,4,DEN,CIN,nflverse_pfr,spread,-7.5,-105,-115,-470,360,44.5,7.5
2025_04_NYJ_MIA,2025-09-29,4,MIA,NYJ,nflverse_pfr,spread,-2.5,-115,-105,-148,124,44.5,2.5
2025_05_SF_LA,2025-10-02,5,LA,SF,nflverse_pfr,spread,-8.5,-110,-110,-440,340,43.5,8.5
2025_05_DAL_NYJ,2025-10-05,5,NYJ,DAL,nflverse_pfr,spread,-1.5,100,-120,-115,-105,48.5,1.5
2025_05_DEN_PHI,2025-10-05,5,PHI,DEN,nflverse_pfr,spread,-3.5,-115,-105,-218,180,44.5,3.5
2025_05_DET_CIN,2025-10-05,5,CIN,DET,nflverse_pfr,spread,10.5,-118,-102,425,-575,49.5,-10.5
2025_05_HOU_BAL,2025-10-05,5,BAL,HOU,nflverse_pfr,spread,2.5,-102,-118,124,-148,41.5,-2.5
2025_05_LV_IND,2025-10-05,5,IND,LV,nflverse_pfr,spread,-7.0,-120,100,-360,285,46.5,7.0
2025_05_MIA_CAR,2025-10-05,5,CAR,MIA,nflverse_pfr,spread,1.5,-115,-105,100,-120,44.5,-1.5
2025_05_MIN_CLE,2025-10-05,5,CLE,MIN,nflverse_pfr,spread,3.5,-110,-110,164,-198,35.5,-3.5
2025_05_NE_BUF,2025-10-05,5,BUF,NE,nflverse_pfr,spread,-7.5,-115,-105,-395,310,49.5,7.5
2025_05_NYG_NO,2025-10-05,5,NO,NYG,nflverse_pfr,spread,-1.5,-105,-115,-120,100,41.5,1.5
2025_05_TB_SEA,2025-10-05,5,SEA,TB,nflverse_pfr,spread,-3.5,-105,-115,-180,150,44.5,3.5
2025_05_TEN_ARI,2025-10-05,5,ARI,TEN,nflverse_pfr,spread,-7.5,-112,-108,-425,330,41.5,7.5
2025_05_WAS_LAC,2025-10-05,5,LAC,WAS,nflverse_pfr,spread,-2.5,-120,100,-155,130,47.5,2.5
2025_05_KC_JAX,2025-10-06,5,JAX,KC,nflverse_pfr,spread,3.5,-110,-110,164,-198,45.5,-3.5
2025_06_PHI_NYG,2025-10-09,6,NYG,PHI,nflverse_pfr,spread,7.0,100,-120,310,-395,40.5,-7.0
2025_06_ARI_IND,2025-10-12,6,IND,ARI,nflverse_pfr,spread,-8.5,-110,-110,-470,360,46.5,8.5
2025_06_CIN_GB,2025-10-12,6,GB,CIN,nflverse_pfr,spread,-14.0,-110,-110,-1000,650,44.5,14.0
2025_06_CLE_PIT,2025-10-12,6,PIT,CLE,nflverse_pfr,spread,-5.5,-120,100,-278,225,37.5,5.5
2025_06_DAL_CAR,2025-10-12,6,CAR,DAL,nflverse_pfr,spread,3.0,-102,-118,145,-175,47.5,-3.0
2025_06_DEN_NYJ,2025-10-12,6,NYJ,DEN,nflverse_pfr,spread,7.5,-120,100,310,-395,43.5,-7.5
2025_06_DET_KC,2025-10-12,6,KC,DET,nflverse_pfr,spread,-2.5,-115,-105,-142,120,51.5,2.5
2025_06_LAC_MIA,2025-10-12,6,MIA,LAC,nflverse_pfr,spread,3.5,-105,-115,170,-205,45.5,-3.5
2025_06_LA_BAL,2025-10-12,6,BAL,LA,nflverse_pfr,spread,7.0,-115,-105,280,-355,43.5,-7.0
2025_06_NE_NO,2025-10-12,6,NO,NE,nflverse_pfr,spread,3.5,-115,-105,160,-192,46.5,-3.5
2025_06_SEA_JAX,2025-10-12,6,JAX,SEA,nflverse_pfr,spread,1.5,-120,100,-105,-115,47.5,-1.5
2025_06_SF_TB,2025-10-12,6,TB,SF,nflverse_pfr,spread,-3.5,-115,-105,-192,160,46.5,3.5
2025_06_TEN_LV,2025-10-12,6,LV,TEN,nflverse_pfr,spread,-3.5,-110,-110,-185,154,41.5,3.5
2025_06_BUF_ATL,2025-10-13,6,ATL,BUF,nflverse_pfr,spread,3.5,100,-120,170,-205,49.5,-3.5
2025_06_CHI_WAS,2025-10-13,6,WAS,CHI,nflverse_pfr,spread,-5.5,-112,-108,-258,210,49.5,5.5
2025_07_PIT_CIN,2025-10-16,7,CIN,PIT,nflverse_pfr,spread,5.5,-115,-105,200,-245,45.5,-5.5
2025_07_ATL_SF,2025-10-19,7,SF,ATL,nflverse_pfr,spread,-1.5,100,-120,-115,-105,46.5,1.5
2025_07_CAR_NYJ,2025-10-19,7,NYJ,CAR,nflverse_pfr,spread,-1.5,105,-125,-112,-108,39.5,1.5
2025_07_GB_ARI,2025-10-19,7,ARI,GB,nflverse_pfr,spread,7.0,-105,-115,310,-395,44.5,-7.0
2025_07_IND_LAC,2025-10-19,7,LAC,IND,nflverse_pfr,spread,-2.5,-112,-108,-135,114,48.5,2.5
2025_07_LA_JAX,2025-10-19,7,JAX,LA,nflverse_pfr,spread,3.0,-105,-115,140,-166,44.5,-3.0
2025_07_LV_KC,2025-10-19,7,KC,LV,nflverse_pfr,spread,-13.5,-105,-115,-950,625,44.5,13.5
2025_07_MIA_CLE,2025-10-19,7,CLE,MIA,nflverse_pfr,spread,-2.5,-118,-102,-148,124,34.5,2.5
2025_07_NE_TEN,2025-10-19,7,TEN,NE,nflverse_pfr,spread,6.5,-112,-108,235,-290,40.5,-6.5
2025_07_NO_CHI,2025-10-19,7,CHI,NO,nflverse_pfr,spread,-4.5,100,-120,-225,185,43.5,4.5
2025_07_NYG_DEN,2025-10-19,7,DEN,NYG,nflverse_pfr,spread,-7.5,-115,-105,-425,330,39.5,7.5
2025_07_PHI_MIN,2025-10-19,7,MIN,PHI,nflverse_pfr,spread,2.5,-110,-110,124,-148,43.5,-2.5
2025_07_WAS_DAL,2025-10-19,7,DAL,WAS,nflverse_pfr,spread,-1.5,-112,-108,-125,105,54.5,1.5
2025_07_HOU_SEA,2025-10-20,7,SEA,HOU,nflverse_pfr,spread,-3.0,-110,-110,-166,140,41.5,3.0
2025_07_TB_DET,2025-10-20,7,DET,TB,nflverse_pfr,spread,-6.0,-108,-112,-278,225,54.5,6.0
2025_08_MIN_LAC,2025-10-23,8,LAC,MIN,nflverse_pfr,spread,-3.0,-120,100,-170,142,45.5,3.0
2025_08_BUF_CAR,2025-10-26,8,CAR,BUF,nflverse_pfr,spread,7.0,-105,-115,310,-395,47.5,-7.0
2025_08_CHI_BAL,2025-10-26,8,BAL,CHI,nflverse_pfr,spread,-2.5,-118,-102,-148,124,45.5,2.5
2025_08_CLE_NE,2025-10-26,8,NE,CLE,nflverse_pfr,spread,-7.0,-105,-115,-380,300,40.5,7.0
2025_08_DAL_DEN,2025-10-26,8,DEN,DAL,nflverse_pfr,spread,-3.5,-110,-110,-192,160,51.5,3.5
2025_08_GB_PIT,2025-10-26,8,PIT,GB,nflverse_pfr,spread,3.0,-120,100,130,-155,46.5,-3.0
2025_08_MIA_ATL,2025-10-26,8,ATL,MIA,nflverse_pfr,spread,-7.0,-105,-115,-355,280,44.5,7.0
2025_08_NYG_PHI,2025-10-26,8,PHI,NYG,nflverse_pfr,spread,-7.0,-118,-102,-380,300,43.5,7.0
2025_08_NYJ_CIN,2025-10-26,8,CIN,NYJ,nflverse_pfr,spread,-5.5,-108,-112,-258,210,43.5,5.5
2025_08_SF_HOU,2025-10-26,8,HOU,SF,nflverse_pfr,spread,-2.5,-120,100,-155,130,41.5,2.5
2025_08_TB_NO,2025-10-26,8,NO,TB,nflverse_pfr,spread,4.5,-115,-105,180,-218,46.5,-4.5
2025_08_TEN_IND,2025-10-26,8,IND,TEN,nflverse_pfr,spread,-15.5,-105,-115,-1650,950,47.5,15.5
2025_08_WAS_KC,2025-10-27,8,KC,WAS,nflverse_pfr,spread,-10.5,-115,-105,-700,500,48.5,10.5
2025_09_BAL_MIA,2025-10-30,9,MIA,BAL,nflverse_pfr,spread,7.5,100,-120,350,-455,51.5,-7.5
2025_09_ATL_NE,2025-11-02,9,NE,ATL,nflverse_pfr,spread,-5.5,-110,-110,-250,205,45.5,5.5
2025_09_CAR_GB,2025-11-02,9,GB,CAR,nflverse_pfr,spread,-12.5,-118,-102,-1000,650,43.5,12.5
2025_09_CHI_CIN,2025-11-02,9,CIN,CHI,nflverse_pfr,spread,3.0,-115,-105,136,-162,51.5,-3.0
2025_09_DEN_HOU,2025-11-02,9,HOU,DEN,nflverse_pfr,spread,-1.5,-110,-110,-125,105,40.5,1.5
2025_09_IND_PIT,2025-11-02,9,PIT,IND,nflverse_pfr,spread,3.5,-120,100,154,-185,51.5,-3.5
2025_09_JAX_LV,2025-11-02,9,LV,JAX,nflverse_pfr,spread,2.5,-115,-105,110,-130,43.5,-2.5
2025_09_KC_BUF,2025-11-02,9,BUF,KC,nflverse_pfr,spread,2.5,-115,-105,114,-135,53.5,-2.5
2025_09_LAC_TEN,2025-11-02,9,TEN,LAC,nflverse_pfr,spread,10.0,-108,-112,470,-650,44.5,-10.0
2025_09_MIN_DET,2025-11-02,9,DET,MIN,nflverse_pfr,spread,-9.5,-112,-108,-550,410,47.5,9.5
2025_09_NO_LA,2025-11-02,9,LA,NO,nflverse_pfr,spread,-14.0,-115,-105,-1200,750,44.5,14.0
2025_09_SEA_WAS,2025-11-02,9,WAS,SEA,nflverse_pfr,spread,2.5,100,-120,124,-148,47.5,-2.5
2025_09_SF_NYG,2025-11-02,9,NYG,SF,nflverse_pfr,spread,2.5,100,-120,124,-148,47.5,-2.5
2025_09_ARI_DAL,2025-11-03,9,DAL,ARI,nflverse_pfr,spread,-3.5,-105,-115,-175,145,53.5,3.5
2025_10_LV_DEN,2025-11-06,10,DEN,LV,nflverse_pfr,spread,-9.5,-108,-112,-500,380,42.5,9.5
2025_10_ARI_SEA,2025-11-09,10,SEA,ARI,nflverse_pfr,spread,-7.0,-105,-115,-340,270,44.5,7.0
2025_10_ATL_IND,2025-11-09,10,IND,ATL,nflverse_pfr,spread,-6.5,-108,-112,-310,250,48.5,6.5
2025_10_BAL_MIN,2025-11-09,10,MIN,BAL,nflverse_pfr,spread,4.5,-115,-105,190,-230,48.5,-4.5
2025_10_BUF_MIA,2025-11-09,10,MIA,BUF,nflverse_pfr,spread,8.5,-115,-105,350,-455,50.5,-8.5
2025_10_CLE_NYJ,2025-11-09,10,NYJ,CLE,nflverse_pfr,spread,1.5,-105,-115,110,-130,37.5,-1.5
2025_10_DET_WAS,2025-11-09,10,WAS,DET,nflverse_pfr,spread,8.5,-115,-105,350,-455,49.5,-8.5
2025_10_JAX_HOU,2025-11-09,10,HOU,JAX,nflverse_pfr,spread,1.5,-120,100,-105,-115,37.5,-1.5
2025_10_LA_SF,2025-11-09,10,SF,LA,nflverse_pfr,spread,5.5,-105,-115,210,-258,49.5,-5.5
2025_10_NE_TB,2025-11-09,10,TB,NE,nflverse_pfr,spread,-2.5,-120,100,-148,124,48.5,2.5
2025_10_NO_CAR,2025-11-09,10,CAR,NO,nflverse_pfr,spread,-5.5,-108,-112,-245,200,38.5,5.5
2025_10_NYG_CHI,2025-11-09,10,CHI,NYG,nflverse_pfr,spread,-4.5,-112,-108,-218,180,45.5,4.5
2025_10_PIT_LAC,2025-11-09,10,LAC,PIT,nflverse_pfr,spread,-3.0,-102,-118,-162,136,45.5,3.0
2025_10_PHI_GB,2025-11-10,10,GB,PHI,nflverse_pfr,spread,-1.5,102,-122,-110,-110,45.5,1.5
2025_11_NYJ_NE,2025-11-13,11,NE,NYJ,nflverse_pfr,spread,-12.5,-115,-105,-950,625,43.5,12.5
2025_11_BAL_CLE,2025-11-16,11,CLE,BAL,nflverse_pfr,spread,7.5,-115,-105,340,-440,37.5,-7.5
2025_11_CAR_ATL,2025-11-16,11,ATL,CAR,nflverse_pfr,spread,-4.5,-102,-118,-218,180,42.5,4.5
2025_11_CHI_MIN,2025-11-16,11,MIN,CHI,nflverse_pfr,spread,-3.0,-105,-115,-148,124,47.5,3.0
2025_11_CIN_PIT,2025-11-16,11,PIT,CIN,nflverse_pfr,spread,-5.5,-112,-108,-250,205,48.5,5.5
2025_11_DET_PHI,2025-11-16,11,PHI,DET,nflverse_pfr,spread,-2.5,-118,-102,-155,130,46.5,2.5
2025_11_GB_NYG,2025-11-16,11,NYG,GB,nflverse_pfr,spread,7.5,-110,-110,340,-440,41.5,-7.5
2025_11_HOU_TEN,2025-11-16,11,TEN,HOU,nflverse_pfr,spread,5.5,-112,-108,215,-265,37.5,-5.5
2025_11_KC_DEN,2025-11-16,11,DEN,KC,nflverse_pfr,spread,3.5,100,-120,180,-218,44.5,-3.5
2025_11_LAC_JAX,2025-11-16,11,JAX,LAC,nflverse_pfr,spread,3.0,-115,-105,130,-155,43.5,-3.0
2025_11_SEA_LA,2025-11-16,11,LA,SEA,nflverse_pfr,spread,-3.0,-120,100,-175,145,49.5,3.0
2025_11_SF_ARI,2025-11-16,11,ARI,SF,nflverse_pfr,spread,3.5,-115,-105,160,-192,48.5,-3.5
2025_11_TB_BUF,2025-11-16,11,BUF,TB,nflverse_pfr,spread,-6.0,-112,-108,-285,230,46.5,6.0
2025_11_WAS_MIA,2025-11-16,11,MIA,WAS,nflverse_pfr,spread,-2.5,-120,100,-148,124,47.5,2.5
2025_11_DAL_LV,2025-11-17,11,LV,DAL,nflverse_pfr,spread,3.5,-105,-115,164,-198,48.5,-3.5
2025_12_BUF_HOU,2025-11-20,12,HOU,BUF,nflverse_pfr,spread,5.5,-112,-108,210,-258,43.5,-5.5
2025_12_ATL_NO,2025-11-23,12,NO,ATL,nflverse_pfr,spread,-1.5,-108,-112,-122,102,41.5,1.5
2025_12_CLE_LV,2025-11-23,12,LV,CLE,nflverse_pfr,spread,-3.0,-115,-105,-162,136,35.5,3.0
2025_12_IND_KC,2025-11-23,12,KC,IND,nflverse_pfr,spread,-3.5,-120,100,-218,180,50.5,3.5
2025_12_JAX_ARI,2025-11-23,12,ARI,JAX,nflverse_pfr,spread,2.5,-112,-108,114,-135,47.5,-2.5
2025_12_MIN_GB,2025-11-23,12,GB,MIN,nflverse_pfr,spread,-6.5,-108,-112,-290,235,41.5,6.5
2025_12_NE_CIN,2025-11-23,12,CIN,NE,nflverse_pfr,spread,7.5,-112,-108,310,-395,50.5,-7.5
2025_12_NYG_DET,2025-11-23,12,DET,NYG,nflverse_pfr,spread,-14.0,-105,-115,-1050,675,50.5,14.0
2025_12_NYJ_BAL,2025-11-23,12,BAL,NYJ,nflverse_pfr,spread,-14.0,-110,-110,-1050,675,44.5,14.0
2025_12_PHI_DAL,2025-11-23,12,DAL,PHI,nflverse_pfr,spread,3.0,-115,-105,136,-162,47.5,-3.0
2025_12_PIT_CHI,2025-11-23,12,CHI,PIT,nflverse_pfr,spread,-3.0,-105,-115,-155,130,46.5,3.0
2025_12_SEA_TEN,2025-11-23,12,TEN,SEA,nflverse_pfr,spread,12.5,-105,-115,625,-950,41.5,-12.5
2025_12_TB_LA,2025-11-23,12,LA,TB,nflverse_pfr,spread,-7.0,-110,-110,-375,295,49.5,7.0
2025_12_CAR_SF,2025-11-24,12,SF,CAR,nflverse_pfr,spread,-7.5,-105,-115,-395,310,48.5,7.5
2025_13_CIN_BAL,2025-11-27,13,BAL,CIN,nflverse_pfr,spread,-7.0,-120,100,-375,295,52.5,7.0
2025_13_GB_DET,2025-11-27,13,DET,GB,nflverse_pfr,spread,-2.5,-125,105,-155,130,48.5,2.5
2025_13_KC_DAL,2025-11-27,13,DAL,KC,nflverse_pfr,spread,3.5,-115,-105,154,-185,53.5,-3.5
2025_13_CHI_PHI,2025-11-28,13,PHI,CHI,nflverse_pfr,spread,-7.0,-115,-105,-340,270,43.5,7.0
2025_13_ARI_TB,2025-11-30,13,TB,ARI,nflverse_pfr,spread,-4.5,-105,-115,-198,164,44.5,4.5
2025_13_ATL_NYJ,2025-11-30,13,NYJ,ATL,nflverse_pfr,spread,3.0,-108,-112,140,-166,38.5,-3.0
2025_13_BUF_PIT,2025-11-30,13,PIT,BUF,nflverse_pfr,spread,3.0,-105,-115,140,-166,44.5,-3.0
2025_13_DEN_WAS,2025-11-30,13,WAS,DEN,nflverse_pfr,spread,6.5,-115,-105,250,-310,43.5,-6.5
2025_13_HOU_IND,2025-11-30,13,IND,HOU,nflverse_pfr,spread,-3.0,-115,-105,-170,142,44.5,3.0
2025_13_JAX_TEN,2025-11-30,13,TEN,JAX,nflverse_pfr,spread,6.0,-112,-108,220,-270,42.5,-6.0
2025_13_LA_CAR,2025-11-30,13,CAR,LA,nflverse_pfr,spread,10.0,-110,-110,425,-575,44.5,-10.0
2025_13_LV_LAC,2025-11-30,13,LAC,LV,nflverse_pfr,spread,-10.0,-105,-115,-600,440,40.5,10.0
2025_13_MIN_SEA,2025-11-30,13,SEA,MIN,nflverse_pfr,spread,-12.5,-110,-110,-900,600,42.5,12.5
2025_13_NO_MIA,2025-11-30,13,MIA,NO,nflverse_pfr,spread,-5.5,-110,-110,-250,205,41.5,5.5
2025_13_SF_CLE,2025-11-30,13,CLE,SF,nflverse_pfr,spread,5.5,-112,-108,205,-250,35.5,-5.5
2025_13_NYG_NE,2025-12-01,13,NE,NYG,nflverse_pfr,spread,-7.0,-115,-105,-375,295,46.5,7.0
2025_14_DAL_DET,2025-12-04,14,DET,DAL,nflverse_pfr,spread,-3.5,-110,-110,-192,160,55.5,3.5
2025_14_CHI_GB,2025-12-07,14,GB,CHI,nflverse_pfr,spread,-6.5,-115,-105,-305,245,44.5,6.5
2025_14_CIN_BUF,2025-12-07,14,BUF,CIN,nflverse_pfr,spread,-6.0,-112,-108,-285,230,54.5,6.0
2025_14_DEN_LV,2025-12-07,14,LV,DEN,nflverse_pfr,spread,8.5,-110,-110,360,-470,40.5,-8.5
2025_14_HOU_KC,2025-12-07,14,KC,HOU,nflverse_pfr,spread,-4.5,-105,-115,-218,180,41.5,4.5
2025_14_IND_JAX,2025-12-07,14,JAX,IND,nflverse_pfr,spread,2.5,-108,-112,114,-135,44.5,-2.5
2025_14_LA_ARI,2025-12-07,14,ARI,LA,nflverse_pfr,spread,9.5,-110,-110,380,-500,49.5,-9.5
2025_14_MIA_NYJ,2025-12-07,14,NYJ,MIA,nflverse_pfr,spread,2.5,-105,-115,124,-148,41.5,-2.5
2025_14_NO_TB,2025-12-07,14,TB,NO,nflverse_pfr,spread,-7.5,-118,-102,-425,330,41.5,7.5
2025_14_PIT_BAL,2025-12-07,14,BAL,PIT,nflverse_pfr,spread,-5.5,-120,100,-270,220,43.5,5.5
2025_14_SEA_ATL,2025-12-07,14,ATL,SEA,nflverse_pfr,spread,7.0,-120,100,280,-355,44.5,-7.0
2025_14_TEN_CLE,2025-12-07,14,CLE,TEN,nflverse_pfr,spread,-4.5,100,-120,-205,170,33.5,4.5
2025_14_WAS_MIN,2025-12-07,14,MIN,WAS,nflverse_pfr,spread,1.5,-118,-102,-105,-115,43.5,-1.5
2025_14_PHI_LAC,2025-12-08,14,LAC,PHI,nflverse_pfr,spread,1.5,-115,-105,100,-120,41.5,-1.5
2025_15_ATL_TB,2025-12-11,15,TB,ATL,nflverse_pfr,spread,-6.0,-108,-112,-278,225,43.5,6.0
2025_15_ARI_HOU,2025-12-14,15,HOU,ARI,nflverse_pfr,spread,-10.5,-110,-110,-625,455,42.5,10.5
2025_15_BAL_CIN,2025-12-14,15,CIN,BAL,nflverse_pfr,spread,2.5,105,-125,136,-162,51.5,-2.5
2025_15_BUF_NE,2025-12-14,15,NE,BUF,nflverse_pfr,spread,2.5,-110,-110,120,-142,49.5,-2.5
2025_15_CAR_NO,2025-12-14,15,NO,CAR,nflverse_pfr,spread,2.5,-102,-118,124,-148,41.5,-2.5
2025_15_CLE_CHI,2025-12-14,15,CHI,CLE,nflverse_pfr,spread,-7.5,-108,-112,-375,295,38.5,7.5
2025_15_DET_LA,2025-12-14,15,LA,DET,nflverse_pfr,spread,-5.5,-115,-105,-245,200,54.5,5.5
2025_15_GB_DEN,2025-12-14,15,DEN,GB,nflverse_pfr,spread,1.5,-112,-108,102,-122,42.5,-1.5
2025_15_IND_SEA,2025-12-14,15,SEA,IND,nflverse_pfr,spread,-13.5,-115,-105,-1000,650,41.5,13.5
2025_15_LAC_KC,2025-12-14,15,KC,LAC,nflverse_pfr,spread,-5.5,-120,100,-258,210,41.5,5.5
2025_15_LV_PHI,2025-12-14,15,PHI,LV,nflverse_pfr,spread,-12.5,-112,-108,-1000,650,37.5,12.5
2025_15_MIN_DAL,2025-12-14,15,DAL,MIN,nflverse_pfr,spread,-5.5,-110,-110,-265,215,47.5,5.5
2025_15_NYJ_JAX,2025-12-14,15,JAX,NYJ,nflverse_pfr,spread,-13.5,-115,-105,-1050,675,40.5,13.5
2025_15_TEN_SF,2025-12-14,15,SF,TEN,nflverse_pfr,spread,-12.5,-112,-108,-900,600,44.5,12.5
2025_15_WAS_NYG,2025-12-14,15,NYG,WAS,nflverse_pfr,spread,-2.5,-115,-105,-148,124,46.5,2.5
2025_15_MIA_PIT,2025-12-15,15,PIT,MIA,nflverse_pfr,spread,-3.0,-118,-102,-175,145,42.5,3.0
2025_16_LA_SEA,2025-12-18,16,SEA,LA,nflverse_pfr,spread,-1.5,-110,-110,-122,102,42.5,1.5
2025_16_GB_CHI,2025-12-20,16,CHI,GB,nflverse_pfr,spread,-1.5,-105,-115,-118,-102,45.5,1.5
2025_16_PHI_WAS,2025-12-20,16,WAS,PHI,nflverse_pfr,spread,7.0,100,-120,300,-380,43.5,-7.0
2025_16_ATL_ARI,2025-12-21,16,ARI,ATL,nflverse_pfr,spread,2.5,-105,-115,124,-148,48.5,-2.5
2025_16_BUF_CLE,2025-12-21,16,CLE,BUF,nflverse_pfr,spread,10.5,-110,-110,425,-575,41.5,-10.5
2025_16_CIN_MIA,2025-12-21,16,MIA,CIN,nflverse_pfr,spread,3.5,100,-120,170,-205,48.5,-3.5
2025_16_JAX_DEN,2025-12-21,16,DEN,JAX,nflverse_pfr,spread,-3.5,100,-120,-175,145,46.5,3.5
2025_16_KC_TEN,2025-12-21,16,TEN,KC,nflverse_pfr,spread,3.5,-120,100,154,-185,37.5,-3.5
2025_16_LAC_DAL,2025-12-21,16,DAL,LAC,nflverse_pfr,spread,-1.5,-105,-115,-122,102,50.5,1.5
2025_16_LV_HOU,2025-12-21,16,HOU,LV,nflverse_pfr,spread,-14.5,-105,-115,-1600,900,39.5,14.5
2025_16_MIN_NYG,2025-12-21,16,NYG,MIN,nflverse_pfr,spread,2.5,-102,-118,124,-148,41.5,-2.5
2025_16_NE_BAL,2025-12-21,16,BAL,NE,nflverse_pfr,spread,-3.5,-105,-115,-185,154,48.5,3.5
2025_16_NYJ_NO,2025-12-21,16,NO,NYJ,nflverse_pfr,spread,-6.5,-115,-105,-298,240,39.5,6.5
2025_16_PIT_DET,2025-12-21,16,DET,PIT,nflverse_pfr,spread,-7.5,-115,-105,-425,330,52.5,7.5
2025_16_TB_CAR,2025-12-21,16,CAR,TB,nflverse_pfr,spread,3.0,-120,100,130,-155,44.5,-3.0
2025_16_SF_IND,2025-12-22,16,IND,SF,nflverse_pfr,spread,4.5,-115,-105,185,-225,46.5,-4.5
2025_17_DAL_WAS,2025-12-25,17,WAS,DAL,nflverse_pfr,spread,8.5,100,-120,380,-500,50.5,-8.5
2025_17_DEN_KC,2025-12-25,17,KC,DEN,nflverse_pfr,spread,13.5,-115,-105,700,-1100,37.5,-13.5
2025_17_DET_MIN,2025-12-25,17,MIN,DET,nflverse_pfr,spread,7.0,100,-120,285,-360,45.5,-7.0
2025_17_BAL_GB,2025-12-27,17,GB,BAL,nflverse_pfr,spread,-2.5,-112,-108,-142,120,38.5,2.5
2025_17_HOU_LAC,2025-12-27,17,LAC,HOU,nflverse_pfr,spread,-1.5,-105,-115,-118,-102,40.5,1.5
2025_17_ARI_CIN,2025-12-28,17,CIN,ARI,nflverse_pfr,spread,-7.0,-110,-110,-345,275,52.5,7.0
2025_17_CHI_SF,2025-12-28,17,SF,CHI,nflverse_pfr,spread,-3.5,-115,-105,-205,170,51.5,3.5
2025_17_JAX_IND,2025-12-28,17,IND,JAX,nflverse_pfr,spread,3.5,-105,-115,185,-225,48.5,-3.5
2025_17_NE_NYJ,2025-12-28,17,NYJ,NE,nflverse_pfr,spread,12.5,100,-120,625,-950,42.5,-12.5
2025_17_NO_TEN,2025-12-28,17,TEN,NO,nflverse_pfr,spread,1.5,-110,-110,100,-120,39.5,-1.5
2025_17_NYG_LV,2025-12-28,17,LV,NYG,nflverse_pfr,spread,3.0,-118,-102,136,-162,40.5,-3.0
2025_17_PHI_BUF,2025-12-28,17,BUF,PHI,nflverse_pfr,spread,-3.0,-112,-108,-170,142,45.5,3.0
2025_17_PIT_CLE,2025-12-28,17,CLE,PIT,nflverse_pfr,spread,4.5,-112,-108,170,-205,35.5,-4.5
2025_17_SEA_CAR,2025-12-28,17,CAR,SEA,nflverse_pfr,spread,6.5,-102,-118,245,-305,42.5,-6.5
2025_17_TB_MIA,2025-12-28,17,MIA,TB,nflverse_pfr,spread,5.5,-112,-108,205,-250,44.5,-5.5
2025_17_LA_ATL,2025-12-29,17,ATL,LA,nflverse_pfr,spread,7.5,-118,-102,300,-380,48.5,-7.5
2025_18_CAR_TB,2026-01-03,18,TB,CAR,nflverse_pfr,spread,-3.0,-105,-115,-155,130,43.5,3.0
2025_18_SEA_SF,2026-01-03,18,SF,SEA,nflverse_pfr,spread,2.5,100,-120,124,-148,47.5,-2.5
2025_18_ARI_LA,2026-01-04,18,LA,ARI,nflverse_pfr,spread,-14.5,-105,-115,-1350,800,49.5,14.5
2025_18_BAL_PIT,2026-01-04,18,PIT,BAL,nflverse_pfr,spread,4.5,-115,-105,185,-225,41.5,-4.5
2025_18_CLE_CIN,2026-01-04,18,CIN,CLE,nflverse_pfr,spread,-9.5,-108,-112,-455,350,47.5,9.5
2025_18_DAL_NYG,2026-01-04,18,NYG,DAL,nflverse_pfr,spread,3.0,-105,-115,140,-166,50.5,-3.0
2025_18_DET_CHI,2026-01-04,18,CHI,DET,nflverse_pfr,spread,-3.5,-110,-110,-180,150,51.5,3.5
2025_18_GB_MIN,2026-01-04,18,MIN,GB,nflverse_pfr,spread,-12.5,-112,-108,-650,470,37.5,12.5
2025_18_IND_HOU,2026-01-04,18,HOU,IND,nflverse_pfr,spread,-9.5,-110,-110,-535,400,37.5,9.5
2025_18_KC_LV,2026-01-04,18,LV,KC,nflverse_pfr,spread,3.5,-108,-112,185,-225,36.5,-3.5
2025_18_LAC_DEN,2026-01-04,18,DEN,LAC,nflverse_pfr,spread,-14.5,-112,-108,-1600,900,37.5,14.5
2025_18_MIA_NE,2026-01-04,18,NE,MIA,nflverse_pfr,spread,-14.0,-108,-112,-1000,650,44.5,14.0
2025_18_NO_ATL,2026-01-04,18,ATL,NO,nflverse_pfr,spread,-4.5,-105,-115,-205,170,43.5,4.5
2025_18_NYJ_BUF,2026-01-04,18,BUF,NYJ,nflverse_pfr,spread,-12.5,-108,-112,-800,550,39.5,12.5
2025_18_TEN_JAX,2026-01-04,18,JAX,TEN,nflverse_pfr,spread,-12.5,-110,-110,-750,525,46.5,12.5
2025_18_WAS_PHI,2026-01-04,18,PHI,WAS,nflverse_pfr,spread,-3.0,-115,-105,-180,150,38.5,3.0
2025_19_GB_CHI,2026-01-10,19,CHI,GB,nflverse_pfr,spread,2.5,-112,-108,114,-135,45.5,-2.5
2025_19_LA_CAR,2026-01-10,19,CAR,LA,nflverse_pfr,spread,10.0,-112,-108,410,-550,44.5,-10.0
2025_19_BUF_JAX,2026-01-11,19,JAX,BUF,nflverse_pfr,spread,-1.5,-110,-110,-122,102,51.5,1.5
2025_19_LAC_NE,2026-01-11,19,NE,LAC,nflverse_pfr,spread,-3.5,-115,-105,-198,164,45.5,3.5
2025_19_SF_PHI,2026-01-11,19,PHI,SF,nflverse_pfr,spread,-6.0,-105,-115,-265,215,44.5,6.0
2025_19_HOU_PIT,2026-01-12,19,PIT,HOU,nflverse_pfr,spread,3.0,-115,-105,130,-155,38.5,-3.0
2025_20_BUF_DEN,2026-01-17,20,DEN,BUF,nflverse_pfr,spread,-1.5,-108,-112,-120,100,45.5,1.5
2025_20_SF_SEA,2026-01-17,20,SEA,SF,nflverse_pfr,spread,-6.5,-118,-102,-305,245,44.5,6.5
2025_20_HOU_NE,2026-01-18,20,NE,HOU,nflverse_pfr,spread,-3.0,-122,102,-180,150,40.5,3.0
2025_20_LA_CHI,2026-01-18,20,CHI,LA,nflverse_pfr,spread,3.5,-102,-118,170,-205,49.5,-3.5
2025_21_LA_SEA,2026-01-25,21,SEA,LA,nflverse_pfr,spread,-2.5,-105,-115,-142,120,45.5,2.5
2025_21_NE_DEN,2026-01-25,21,DEN,NE,nflverse_pfr,spread,3.5,-105,-115,170,-205,43.5,-3.5
2025_22_SEA_NE,2026-02-08,22,NE,SEA,nflverse_pfr,spread,4.5,-105,-115,195,-238,45.5,-4.5
